Format Version,1.22,Take Name,Calib Diabolo Red 2020-05-25_003,Capture Frame Rate,120.000000,Export Frame Rate,120.000000,Capture Start Time,16 Jan 1970 03:40:29 +0900,Total Frames in Take,409,Total Exported Frames,409,Rotation Type,Quaternion,Length Units,Meters,Coordinate Space,Global

,,Rigid Body,Rigid Body,Rigid Body,Rigid Body,Rigid Body,Rigid Body,Rigid Body,Rigid Body,Rigid Body,Rigid Body,Rigid Body,Rigid Body,Rigid Body,Rigid Body,Rigid Body,Rigid Body,Rigid Body,Rigid Body,Rigid Body,Rigid Body,Rigid Body,Marker,Marker,Marker,Marker,Marker,Marker,Marker,Marker,Marker
,,stick_right,stick_right,stick_right,stick_right,stick_right,stick_right,stick_right,diabolo_red,diabolo_red,diabolo_red,diabolo_red,diabolo_red,diabolo_red,diabolo_red,stick_left,stick_left,stick_left,stick_left,stick_left,stick_left,stick_left,diabolo_red:Marker1,diabolo_red:Marker1,diabolo_red:Marker1,diabolo_red:Marker2,diabolo_red:Marker2,diabolo_red:Marker2,diabolo_red:Marker3,diabolo_red:Marker3,diabolo_red:Marker3
,,"F8108D4B772D11EAC7808BD7B5C2AB81","F8108D4B772D11EAC7808BD7B5C2AB81","F8108D4B772D11EAC7808BD7B5C2AB81","F8108D4B772D11EAC7808BD7B5C2AB81","F8108D4B772D11EAC7808BD7B5C2AB81","F8108D4B772D11EAC7808BD7B5C2AB81","F8108D4B772D11EAC7808BD7B5C2AB81","803A3552773511EAC7808BD7B5C2AB81","803A3552773511EAC7808BD7B5C2AB81","803A3552773511EAC7808BD7B5C2AB81","803A3552773511EAC7808BD7B5C2AB81","803A3552773511EAC7808BD7B5C2AB81","803A3552773511EAC7808BD7B5C2AB81","803A3552773511EAC7808BD7B5C2AB81","554EA255773611EAC7808BD7B5C2AB81","554EA255773611EAC7808BD7B5C2AB81","554EA255773611EAC7808BD7B5C2AB81","554EA255773611EAC7808BD7B5C2AB81","554EA255773611EAC7808BD7B5C2AB81","554EA255773611EAC7808BD7B5C2AB81","554EA255773611EAC7808BD7B5C2AB81","C5590","C5590","C5590","C56F0","C56F0","C56F0","C54F0","C54F0","C54F0"
,,Rotation,Rotation,Rotation,Rotation,Position,Position,Position,Rotation,Rotation,Rotation,Rotation,Position,Position,Position,Rotation,Rotation,Rotation,Rotation,Position,Position,Position,Position,Position,Position,Position,Position,Position,Position,Position,Position
Frame,Time (Seconds),X,Y,Z,W,X,Y,Z,X,Y,Z,W,X,Y,Z,X,Y,Z,W,X,Y,Z,X,Y,Z,X,Y,Z,X,Y,Z
0,0.000000,,,,,,,,0.646888,0.664232,-0.259836,-0.269845,-0.009237,0.069752,0.050291,,,,,,,,0.027184,0.071075,0.025082,-0.022333,0.070196,0.019487,-0.032566,0.067985,0.106305
1,0.008333,,,,,,,,0.646726,0.664398,-0.259948,-0.269719,-0.009240,0.069757,0.050290,,,,,,,,0.027168,0.071097,0.025091,-0.022328,0.070189,0.019481,-0.032563,0.067985,0.106300
2,0.016667,,,,,,,,0.646807,0.664333,-0.259986,-0.269647,-0.009234,0.069744,0.050286,,,,,,,,0.027184,0.071073,0.025079,-0.022323,0.070171,0.019480,-0.032567,0.067987,0.106303
3,0.025000,,,,,,,,0.646680,0.664443,-0.259925,-0.269740,-0.009237,0.069741,0.050287,,,,,,,,0.027176,0.071087,0.025083,-0.022328,0.070175,0.019483,-0.032564,0.067961,0.106298
4,0.033333,,,,,,,,0.646753,0.664371,-0.259966,-0.269701,-0.009241,0.069751,0.050292,,,,,,,,0.027172,0.071087,0.025089,-0.022332,0.070181,0.019485,-0.032568,0.067985,0.106306
5,0.041667,,,,,,,,0.646756,0.664377,-0.259976,-0.269670,-0.009236,0.069745,0.050290,,,,,,,,0.027180,0.071081,0.025088,-0.022327,0.070173,0.019483,-0.032564,0.067981,0.106301
6,0.050000,,,,,,,,0.646816,0.664324,-0.259965,-0.269668,-0.009236,0.069738,0.050283,,,,,,,,0.027180,0.071067,0.025081,-0.022325,0.070167,0.019477,-0.032565,0.067980,0.106293
7,0.058333,,,,,,,,0.646789,0.664334,-0.259943,-0.269731,-0.009238,0.069751,0.050284,,,,,,,,0.027180,0.071083,0.025080,-0.022332,0.070184,0.019480,-0.032563,0.067986,0.106295
8,0.066667,,,,,,,,0.646759,0.664361,-0.259853,-0.269821,-0.009239,0.069750,0.050289,,,,,,,,0.027177,0.071088,0.025087,-0.022333,0.070191,0.019487,-0.032564,0.067970,0.106297
9,0.075000,,,,,,,,0.646740,0.664400,-0.259934,-0.269692,-0.009241,0.069755,0.050291,,,,,,,,0.027172,0.071094,0.025091,-0.022327,0.070186,0.019487,-0.032570,0.067985,0.106300
10,0.083333,,,,,,,,0.646844,0.664292,-0.259800,-0.269837,-0.009240,0.069747,0.050286,,,,,,,,0.027180,0.071076,0.025083,-0.022333,0.070191,0.019484,-0.032570,0.067972,0.106293
11,0.091667,,,,,,,,0.646760,0.664382,-0.259918,-0.269707,-0.009236,0.069746,0.050282,,,,,,,,0.027182,0.071083,0.025076,-0.022324,0.070179,0.019478,-0.032569,0.067976,0.106296
12,0.100000,,,,,,,,0.646741,0.664386,-0.259949,-0.269711,-0.009241,0.069748,0.050287,,,,,,,,0.027172,0.071085,0.025087,-0.022332,0.070179,0.019480,-0.032566,0.067978,0.106298
13,0.108333,,,,,,,,0.646654,0.664471,-0.259968,-0.269692,-0.009238,0.069748,0.050288,,,,,,,,0.027176,0.071096,0.025087,-0.022328,0.070178,0.019483,-0.032562,0.067970,0.106298
14,0.116667,,,,,,,,0.646782,0.664342,-0.259908,-0.269760,-0.009240,0.069747,0.050287,,,,,,,,0.027180,0.071081,0.025082,-0.022335,0.070183,0.019483,-0.032567,0.067977,0.106300
15,0.125000,,,,,,,,0.646688,0.664448,-0.260003,-0.269632,-0.009239,0.069748,0.050285,,,,,,,,0.027176,0.071091,0.025081,-0.022328,0.070172,0.019480,-0.032569,0.067979,0.106297
16,0.133333,,,,,,,,0.646844,0.664287,-0.259839,-0.269814,-0.009239,0.069752,0.050288,,,,,,,,0.027181,0.071081,0.025081,-0.022331,0.070195,0.019485,-0.032569,0.067982,0.106301
17,0.141667,,,,,,,,0.646742,0.664374,-0.259919,-0.269768,-0.009244,0.069756,0.050289,,,,,,,,0.027172,0.071095,0.025084,-0.022338,0.070191,0.019486,-0.032569,0.067982,0.106301
18,0.150000,,,,,,,,0.646682,0.664440,-0.259990,-0.269678,-0.009239,0.069759,0.050288,,,,,,,,0.027170,0.071103,0.025083,-0.022324,0.070187,0.019483,-0.032565,0.067988,0.106301
19,0.158333,,,,,,,,0.646799,0.664327,-0.259893,-0.269771,-0.009241,0.069756,0.050289,,,,,,,,0.027177,0.071088,0.025085,-0.022335,0.070193,0.019484,-0.032568,0.067986,0.106300
20,0.166667,,,,,,,,0.646746,0.664380,-0.259942,-0.269720,-0.009241,0.069758,0.050288,,,,,,,,0.027174,0.071096,0.025086,-0.022333,0.070190,0.019485,-0.032568,0.067988,0.106298
21,0.175000,,,,,,,,0.646685,0.664446,-0.259990,-0.269658,-0.009244,0.069770,0.050294,,,,,,,,0.027168,0.071115,0.025094,-0.022334,0.070197,0.019491,-0.032570,0.068000,0.106300
22,0.183333,,,,,,,,0.646784,0.664349,-0.259830,-0.269812,-0.009246,0.069769,0.050291,,,,,,,,0.027168,0.071104,0.025090,-0.022335,0.070212,0.019488,-0.032573,0.067990,0.106297
23,0.191667,,,,,,,,0.646741,0.664391,-0.259931,-0.269714,-0.009237,0.069755,0.050288,,,,,,,,0.027179,0.071093,0.025085,-0.022327,0.070186,0.019480,-0.032565,0.067984,0.106301
24,0.200000,,,,,,,,0.646636,0.664488,-0.260051,-0.269613,-0.009235,0.069759,0.050288,,,,,,,,0.027173,0.071108,0.025089,-0.022323,0.070181,0.019478,-0.032558,0.067990,0.106300
25,0.208333,,,,,,,,0.646660,0.664457,-0.259917,-0.269759,-0.009234,0.069761,0.050293,,,,,,,,0.027177,0.071109,0.025094,-0.022325,0.070197,0.019488,-0.032556,0.067977,0.106300
26,0.216667,,,,,,,,0.646694,0.664431,-0.260011,-0.269653,-0.009229,0.069753,0.050288,,,,,,,,0.027182,0.071094,0.025084,-0.022317,0.070177,0.019481,-0.032555,0.067985,0.106300
27,0.225000,,,,,,,,0.646700,0.664416,-0.259957,-0.269726,-0.009222,0.069744,0.050287,,,,,,,,0.027190,0.071086,0.025084,-0.022311,0.070176,0.019480,-0.032545,0.067968,0.106301
28,0.233333,,,,,,,,0.646719,0.664399,-0.259947,-0.269734,-0.009219,0.069740,0.050286,,,,,,,,0.027190,0.071080,0.025087,-0.022308,0.070173,0.019478,-0.032540,0.067967,0.106295
29,0.241667,,,,,,,,0.646653,0.664433,-0.259896,-0.269858,-0.009214,0.069742,0.050288,,,,,,,,0.027191,0.071091,0.025089,-0.022309,0.070183,0.019481,-0.032526,0.067951,0.106299
30,0.250000,,,,,,,,0.646723,0.664395,-0.259990,-0.269692,-0.009211,0.069730,0.050287,,,,,,,,0.027199,0.071067,0.025086,-0.022299,0.070157,0.019474,-0.032534,0.067963,0.106303
31,0.258333,,,,,,,,0.646797,0.664310,-0.259936,-0.269776,-0.009205,0.069730,0.050284,,,,,,,,0.027209,0.071060,0.025078,-0.022300,0.070166,0.019477,-0.032527,0.067963,0.106300
32,0.266667,,,,,,,,0.646670,0.664443,-0.259941,-0.269750,-0.009197,0.069720,0.050279,,,,,,,,0.027213,0.071067,0.025076,-0.022286,0.070153,0.019475,-0.032519,0.067938,0.106289
33,0.275000,,,,,,,,0.646703,0.664409,-0.259970,-0.269724,-0.009200,0.069728,0.050282,,,,,,,,0.027213,0.071069,0.025076,-0.022293,0.070159,0.019478,-0.032525,0.067956,0.106296
34,0.283333,,,,,,,,0.646773,0.664350,-0.259863,-0.269806,-0.009200,0.069720,0.050281,,,,,,,,0.027219,0.071055,0.025078,-0.022296,0.070160,0.019473,-0.032526,0.067942,0.106293
35,0.291667,,,,,,,,0.646886,0.664233,-0.259750,-0.269931,-0.009199,0.069721,0.050281,,,,,,,,0.027230,0.071046,0.025075,-0.022303,0.070173,0.019477,-0.032526,0.067944,0.106293
36,0.300000,,,,,,,,0.646794,0.664334,-0.259870,-0.269787,-0.009202,0.069722,0.050283,,,,,,,,0.027221,0.071057,0.025083,-0.022301,0.070159,0.019474,-0.032529,0.067950,0.106296
37,0.308333,,,,,,,,0.646807,0.664330,-0.259912,-0.269724,-0.009210,0.069732,0.050286,,,,,,,,0.027211,0.071064,0.025082,-0.022306,0.070167,0.019478,-0.032543,0.067968,0.106301
38,0.316667,,,,,,,,0.646843,0.664304,-0.259839,-0.269772,-0.009212,0.069732,0.050284,,,,,,,,0.027213,0.071061,0.025079,-0.022307,0.070172,0.019477,-0.032547,0.067962,0.106297
39,0.325000,,,,,,,,0.647010,0.664133,-0.259801,-0.269830,-0.009209,0.069728,0.050280,,,,,,,,0.027226,0.071035,0.025067,-0.022310,0.070172,0.019479,-0.032547,0.067974,0.106296
40,0.333333,,,,,,,,0.646858,0.664263,-0.259825,-0.269853,-0.009215,0.069733,0.050283,,,,,,,,0.027207,0.071063,0.025078,-0.022315,0.070178,0.019479,-0.032542,0.067960,0.106294
41,0.341667,,,,,,,,0.646815,0.664315,-0.259830,-0.269822,-0.009217,0.069733,0.050279,,,,,,,,0.027208,0.071066,0.025076,-0.022317,0.070175,0.019472,-0.032546,0.067958,0.106291
42,0.350000,,,,,,,,0.646887,0.664247,-0.259785,-0.269861,-0.009221,0.069736,0.050281,,,,,,,,0.027201,0.071060,0.025075,-0.022316,0.070183,0.019480,-0.032553,0.067965,0.106293
43,0.358333,,,,,,,,0.646917,0.664201,-0.259790,-0.269897,-0.009225,0.069740,0.050283,,,,,,,,0.027203,0.071061,0.025074,-0.022328,0.070188,0.019482,-0.032553,0.067972,0.106297
44,0.366667,,,,,,,,0.646874,0.664273,-0.259893,-0.269725,-0.009224,0.069745,0.050285,,,,,,,,0.027202,0.071070,0.025081,-0.022318,0.070179,0.019481,-0.032559,0.067987,0.106298
45,0.375000,,,,,,,,0.646866,0.664272,-0.259864,-0.269773,-0.009226,0.069738,0.050283,,,,,,,,0.027197,0.071063,0.025075,-0.022320,0.070176,0.019480,-0.032558,0.067972,0.106295
46,0.383333,,,,,,,,0.646873,0.664259,-0.259855,-0.269800,-0.009229,0.069742,0.050286,,,,,,,,0.027192,0.071068,0.025078,-0.022322,0.070184,0.019483,-0.032560,0.067978,0.106301
47,0.391667,,,,,,,,0.646834,0.664291,-0.259865,-0.269803,-0.009230,0.069745,0.050285,,,,,,,,0.027191,0.071075,0.025081,-0.022326,0.070185,0.019480,-0.032557,0.067976,0.106296
48,0.400000,,,,,,,,0.646922,0.664227,-0.259851,-0.269764,-0.009220,0.069728,0.050280,,,,,,,,0.027209,0.071044,0.025071,-0.022313,0.070164,0.019476,-0.032557,0.067968,0.106294
49,0.408333,,,,,,,,0.646857,0.664265,-0.259829,-0.269847,-0.009228,0.069737,0.050283,,,,,,,,0.027193,0.071068,0.025079,-0.022328,0.070183,0.019483,-0.032554,0.067966,0.106293
50,0.416667,,,,,,,,0.646838,0.664283,-0.259890,-0.269788,-0.009227,0.069740,0.050285,,,,,,,,0.027191,0.071068,0.025078,-0.022320,0.070177,0.019482,-0.032554,0.067975,0.106297
51,0.425000,,,,,,,,0.646823,0.664305,-0.259902,-0.269760,-0.009229,0.069740,0.050287,,,,,,,,0.027192,0.071069,0.025082,-0.022325,0.070176,0.019483,-0.032559,0.067974,0.106301
52,0.433333,,,,,,,,0.646878,0.664275,-0.259889,-0.269713,-0.009229,0.069739,0.050285,,,,,,,,0.027192,0.071062,0.025080,-0.022318,0.070173,0.019481,-0.032565,0.067981,0.106294
53,0.441667,,,,,,,,0.646800,0.664319,-0.259858,-0.269823,-0.009229,0.069739,0.050284,,,,,,,,0.027186,0.071073,0.025079,-0.022324,0.070181,0.019482,-0.032553,0.067962,0.106294
54,0.450000,,,,,,,,0.646931,0.664221,-0.259844,-0.269761,-0.009228,0.069740,0.050285,,,,,,,,0.027197,0.071056,0.025080,-0.022319,0.070179,0.019477,-0.032565,0.067985,0.106301
55,0.458333,,,,,,,,0.646860,0.664289,-0.259891,-0.269721,-0.009229,0.069738,0.050283,,,,,,,,0.027191,0.071066,0.025078,-0.022319,0.070173,0.019473,-0.032563,0.067976,0.106299
56,0.466667,,,,,,,,0.646794,0.664359,-0.259954,-0.269645,-0.009233,0.069748,0.050287,,,,,,,,0.027189,0.071083,0.025082,-0.022323,0.070177,0.019478,-0.032570,0.067989,0.106304
57,0.475000,,,,,,,,0.646852,0.664296,-0.259921,-0.269693,-0.009233,0.069752,0.050287,,,,,,,,0.027190,0.071077,0.025076,-0.022322,0.070185,0.019481,-0.032569,0.067994,0.106304
58,0.483333,,,,,,,,0.646881,0.664285,-0.259894,-0.269678,-0.009234,0.069745,0.050286,,,,,,,,0.027196,0.071068,0.025079,-0.022326,0.070177,0.019481,-0.032575,0.067987,0.106300
59,0.491667,,,,,,,,0.646819,0.664334,-0.259871,-0.269727,-0.009231,0.069741,0.050286,,,,,,,,0.027192,0.071073,0.025080,-0.022321,0.070177,0.019480,-0.032566,0.067970,0.106301
60,0.500000,,,,,,,,0.646810,0.664362,-0.259971,-0.269583,-0.009234,0.069746,0.050282,,,,,,,,0.027187,0.071077,0.025077,-0.022318,0.070170,0.019473,-0.032576,0.067994,0.106297
61,0.508333,,,,,,,,0.646966,0.664205,-0.259825,-0.269737,-0.009232,0.069742,0.050284,,,,,,,,0.027202,0.071054,0.025075,-0.022325,0.070182,0.019482,-0.032575,0.067986,0.106299
62,0.516667,,,,,,,,0.646836,0.664313,-0.259875,-0.269734,-0.009233,0.069745,0.050283,,,,,,,,0.027192,0.071078,0.025076,-0.022328,0.070180,0.019475,-0.032569,0.067978,0.106299
63,0.525000,,,,,,,,0.646837,0.664317,-0.259937,-0.269659,-0.009237,0.069755,0.050286,,,,,,,,0.027189,0.071084,0.025075,-0.022326,0.070186,0.019484,-0.032577,0.068001,0.106303
64,0.533333,,,,,,,,0.646904,0.664250,-0.259905,-0.269696,-0.009234,0.069754,0.050286,,,,,,,,0.027194,0.071073,0.025072,-0.022324,0.070187,0.019480,-0.032575,0.068000,0.106306
65,0.541667,,,,,,,,0.646898,0.664262,-0.259865,-0.269720,-0.009233,0.069749,0.050283,,,,,,,,0.027194,0.071071,0.025070,-0.022320,0.070184,0.019477,-0.032575,0.067988,0.106301
66,0.550000,,,,,,,,0.646863,0.664323,-0.259954,-0.269569,-0.009231,0.069750,0.050285,,,,,,,,0.027196,0.071076,0.025078,-0.022313,0.070173,0.019474,-0.032578,0.068002,0.106305
67,0.558333,,,,,,,,0.646860,0.664324,-0.260002,-0.269526,-0.009227,0.069739,0.050278,,,,,,,,0.027198,0.071060,0.025069,-0.022309,0.070157,0.019466,-0.032572,0.067992,0.106297
68,0.566667,,,,,,,,0.646800,0.664361,-0.259931,-0.269648,-0.009231,0.069748,0.050280,,,,,,,,0.027188,0.071085,0.025077,-0.022319,0.070182,0.019475,-0.032568,0.067985,0.106294
69,0.575000,,,,,,,,0.646838,0.664312,-0.259884,-0.269724,-0.009230,0.069745,0.050282,,,,,,,,0.027194,0.071071,0.025077,-0.022322,0.070180,0.019473,-0.032564,0.067980,0.106298
70,0.583333,,,,,,,,0.646849,0.664325,-0.259990,-0.269563,-0.009232,0.069752,0.050284,,,,,,,,0.027192,0.071079,0.025080,-0.022317,0.070174,0.019473,-0.032575,0.068009,0.106303
71,0.591667,,,,,,,,0.646894,0.664270,-0.259926,-0.269653,-0.009234,0.069758,0.050288,,,,,,,,0.027188,0.071079,0.025083,-0.022323,0.070191,0.019483,-0.032572,0.068005,0.106303
72,0.600000,,,,,,,,0.646849,0.664307,-0.259887,-0.269707,-0.009236,0.069760,0.050288,,,,,,,,0.027184,0.071089,0.025088,-0.022327,0.070195,0.019485,-0.032569,0.067996,0.106293
73,0.608333,,,,,,,,0.646763,0.664397,-0.259970,-0.269611,-0.009228,0.069748,0.050284,,,,,,,,0.027192,0.071082,0.025084,-0.022313,0.070169,0.019474,-0.032560,0.067984,0.106295
74,0.616667,,,,,,,,0.646781,0.664343,-0.259880,-0.269787,-0.009227,0.069747,0.050284,,,,,,,,0.027188,0.071082,0.025079,-0.022321,0.070190,0.019481,-0.032553,0.067972,0.106296
75,0.625000,,,,,,,,0.646777,0.664379,-0.259932,-0.269658,-0.009227,0.069751,0.050284,,,,,,,,0.027194,0.071086,0.025079,-0.022312,0.070178,0.019478,-0.032566,0.067989,0.106299
76,0.633333,,,,,,,,0.646775,0.664383,-0.259948,-0.269637,-0.009228,0.069746,0.050283,,,,,,,,0.027189,0.071079,0.025085,-0.022315,0.070173,0.019473,-0.032559,0.067982,0.106291
77,0.641667,,,,,,,,0.646825,0.664324,-0.259917,-0.269692,-0.009230,0.069753,0.050283,,,,,,,,0.027190,0.071083,0.025078,-0.022319,0.070188,0.019479,-0.032564,0.067993,0.106296
78,0.650000,,,,,,,,0.646679,0.664485,-0.259992,-0.269574,-0.009232,0.069753,0.050287,,,,,,,,0.027177,0.071102,0.025095,-0.022313,0.070173,0.019479,-0.032564,0.067983,0.106292
79,0.658333,,,,,,,,0.646716,0.664448,-0.259998,-0.269572,-0.009229,0.069750,0.050286,,,,,,,,0.027188,0.071088,0.025083,-0.022312,0.070172,0.019476,-0.032565,0.067987,0.106300
80,0.666667,,,,,,,,0.646725,0.664414,-0.259962,-0.269666,-0.009226,0.069745,0.050285,,,,,,,,0.027188,0.071084,0.025082,-0.022314,0.070174,0.019478,-0.032554,0.067973,0.106296
81,0.675000,,,,,,,,0.646684,0.664462,-0.259966,-0.269643,-0.009227,0.069747,0.050283,,,,,,,,0.027188,0.071093,0.025084,-0.022314,0.070174,0.019471,-0.032557,0.067974,0.106295
82,0.683333,,,,,,,,0.646715,0.664425,-0.259959,-0.269667,-0.009228,0.069753,0.050283,,,,,,,,0.027185,0.071094,0.025077,-0.022314,0.070184,0.019480,-0.032560,0.067985,0.106295
83,0.691667,,,,,,,,0.646809,0.664330,-0.259937,-0.269697,-0.009230,0.069752,0.050282,,,,,,,,0.027190,0.071079,0.025078,-0.022322,0.070183,0.019478,-0.032560,0.067991,0.106293
84,0.700000,,,,,,,,0.646835,0.664304,-0.259880,-0.269754,-0.009231,0.069751,0.050284,,,,,,,,0.027188,0.071080,0.025084,-0.022325,0.070190,0.019481,-0.032561,0.067984,0.106293
85,0.708333,,,,,,,,0.646765,0.664375,-0.259909,-0.269719,-0.009229,0.069752,0.050286,,,,,,,,0.027190,0.071091,0.025083,-0.022319,0.070185,0.019480,-0.032560,0.067981,0.106299
86,0.716667,,,,,,,,0.646842,0.664297,-0.259843,-0.269791,-0.009228,0.069745,0.050284,,,,,,,,0.027196,0.071070,0.025076,-0.022324,0.070186,0.019482,-0.032561,0.067974,0.106293
87,0.725000,,,,,,,,0.646829,0.664317,-0.259905,-0.269711,-0.009225,0.069741,0.050283,,,,,,,,0.027199,0.071070,0.025079,-0.022317,0.070172,0.019476,-0.032558,0.067979,0.106296
88,0.733333,,,,,,,,,,,,,,,,,,,,,,0.027193,0.071079,0.025075,-0.022320,0.070182,0.019478,-0.032559,0.067989,0.106298
89,0.741667,,,,,,,,0.646876,0.664274,-0.259856,-0.269754,-0.009229,0.069747,0.050283,,,,,,,,0.027193,0.071073,0.025077,-0.022319,0.070187,0.019477,-0.032565,0.067985,0.106299
90,0.750000,,,,,,,,0.646844,0.664305,-0.259922,-0.269688,-0.009231,0.069756,0.050285,,,,,,,,0.027188,0.071086,0.025078,-0.022319,0.070188,0.019478,-0.032567,0.068001,0.106301
91,0.758333,,,,,,,,0.646767,0.664387,-0.260044,-0.269554,-0.009232,0.069753,0.050286,,,,,,,,0.027187,0.071086,0.025079,-0.022316,0.070168,0.019478,-0.032569,0.068000,0.106305
92,0.766667,,,,,,,,0.646817,0.664338,-0.259959,-0.269636,-0.009231,0.069757,0.050287,,,,,,,,0.027190,0.071086,0.025085,-0.022320,0.070189,0.019481,-0.032566,0.068000,0.106299
93,0.775000,,,,,,,,0.646764,0.664380,-0.259906,-0.269713,-0.009229,0.069751,0.050285,,,,,,,,0.027190,0.071089,0.025078,-0.022317,0.070183,0.019482,-0.032561,0.067975,0.106295
94,0.783333,,,,,,,,0.646800,0.664344,-0.259887,-0.269732,-0.009224,0.069741,0.050282,,,,,,,,0.027198,0.071070,0.025076,-0.022312,0.070175,0.019472,-0.032556,0.067972,0.106298
95,0.791667,,,,,,,,0.646859,0.664299,-0.259872,-0.269716,-0.009223,0.069743,0.050283,,,,,,,,0.027200,0.071070,0.025078,-0.022311,0.070180,0.019479,-0.032561,0.067983,0.106296
96,0.800000,,,,,,,,0.646833,0.664330,-0.259954,-0.269624,-0.009221,0.069746,0.050286,,,,,,,,0.027198,0.071075,0.025084,-0.022306,0.070171,0.019477,-0.032557,0.067993,0.106300
97,0.808333,,,,,,,,0.646734,0.664413,-0.259987,-0.269626,-0.009216,0.069736,0.050283,,,,,,,,0.027197,0.071074,0.025082,-0.022300,0.070159,0.019476,-0.032544,0.067965,0.106292
98,0.816667,,,,,,,,0.646815,0.664342,-0.259966,-0.269626,-0.009214,0.069734,0.050286,,,,,,,,0.027206,0.071060,0.025082,-0.022299,0.070162,0.019479,-0.032552,0.067981,0.106303
99,0.825000,,,,,,,,0.646762,0.664405,-0.260040,-0.269528,-0.009216,0.069740,0.050289,,,,,,,,0.027196,0.071079,0.025086,-0.022294,0.070158,0.019477,-0.032554,0.067989,0.106306
100,0.833333,,,,,,,,0.646767,0.664372,-0.259899,-0.269730,-0.009210,0.069735,0.050288,,,,,,,,0.027209,0.071070,0.025079,-0.022295,0.070174,0.019485,-0.032538,0.067956,0.106301
101,0.841667,,,,,,,,0.646778,0.664345,-0.259883,-0.269788,-0.009204,0.069728,0.050287,,,,,,,,0.027208,0.071061,0.025086,-0.022293,0.070164,0.019481,-0.032526,0.067954,0.106296
102,0.850000,,,,,,,,0.646697,0.664416,-0.259992,-0.269699,-0.009202,0.069728,0.050287,,,,,,,,0.027208,0.071073,0.025085,-0.022292,0.070155,0.019479,-0.032523,0.067959,0.106302
103,0.858333,,,,,,,,0.646768,0.664354,-0.259924,-0.269747,-0.009202,0.069725,0.050289,,,,,,,,0.027220,0.071056,0.025083,-0.022297,0.070161,0.019483,-0.032531,0.067954,0.106305
104,0.866667,,,,,,,,0.646669,0.664453,-0.259979,-0.269690,-0.009203,0.069732,0.050291,,,,,,,,0.027204,0.071085,0.025090,-0.022291,0.070161,0.019484,-0.032528,0.067959,0.106303
105,0.875000,,,,,,,,0.646754,0.664366,-0.259936,-0.269743,-0.009203,0.069731,0.050289,,,,,,,,0.027215,0.071061,0.025086,-0.022300,0.070165,0.019482,-0.032527,0.067961,0.106300
106,0.883333,,,,,,,,0.646774,0.664356,-0.259941,-0.269714,-0.009201,0.069726,0.050286,,,,,,,,0.027220,0.071060,0.025086,-0.022296,0.070156,0.019476,-0.032527,0.067959,0.106297
107,0.891667,,,,,,,,0.646822,0.664299,-0.259896,-0.269782,-0.009203,0.069734,0.050290,,,,,,,,0.027216,0.071065,0.025088,-0.022302,0.070177,0.019485,-0.032529,0.067970,0.106305
108,0.900000,,,,,,,,0.646793,0.664339,-0.259929,-0.269720,-0.009207,0.069737,0.050290,,,,,,,,0.027213,0.071071,0.025089,-0.022304,0.070167,0.019477,-0.032537,0.067972,0.106304
109,0.908333,,,,,,,,0.646849,0.664296,-0.259886,-0.269735,-0.009209,0.069734,0.050286,,,,,,,,0.027214,0.071058,0.025086,-0.022305,0.070171,0.019474,-0.032540,0.067970,0.106297
110,0.916667,,,,,,,,0.646963,0.664183,-0.259801,-0.269821,-0.009208,0.069728,0.050284,,,,,,,,0.027229,0.071038,0.025076,-0.022312,0.070172,0.019480,-0.032543,0.067967,0.106295
111,0.925000,,,,,,,,0.646979,0.664160,-0.259786,-0.269853,-0.009215,0.069737,0.050288,,,,,,,,0.027211,0.071056,0.025082,-0.022317,0.070187,0.019484,-0.032551,0.067980,0.106305
112,0.933333,,,,,,,,0.646926,0.664216,-0.259809,-0.269820,-0.009216,0.069739,0.050290,,,,,,,,0.027215,0.071060,0.025086,-0.022315,0.070180,0.019484,-0.032549,0.067973,0.106304
113,0.941667,,,,,,,,0.646863,0.664283,-0.259861,-0.269757,-0.009215,0.069738,0.050289,,,,,,,,0.027213,0.071066,0.025083,-0.022312,0.070174,0.019484,-0.032550,0.067974,0.106302
114,0.950000,,,,,,,,0.646867,0.664276,-0.259858,-0.269766,-0.009216,0.069735,0.050288,,,,,,,,0.027210,0.071059,0.025084,-0.022313,0.070174,0.019481,-0.032549,0.067970,0.106301
115,0.958333,,,,,,,,0.646943,0.664209,-0.259847,-0.269761,-0.009218,0.069741,0.050287,,,,,,,,0.027212,0.071058,0.025081,-0.022316,0.070182,0.019484,-0.032556,0.067990,0.106300
116,0.966667,,,,,,,,0.646951,0.664205,-0.259809,-0.269789,-0.009222,0.069747,0.050290,,,,,,,,0.027207,0.071068,0.025084,-0.022320,0.070192,0.019489,-0.032562,0.067987,0.106302
117,0.975000,,,,,,,,0.646848,0.664295,-0.259825,-0.269799,-0.009225,0.069752,0.050292,,,,,,,,0.027195,0.071087,0.025090,-0.022319,0.070195,0.019489,-0.032556,0.067979,0.106302
118,0.983333,,,,,,,,0.646899,0.664252,-0.259850,-0.269758,-0.009228,0.069753,0.050292,,,,,,,,0.027197,0.071071,0.025089,-0.022323,0.070191,0.019486,-0.032565,0.067997,0.106303
119,0.991667,,,,,,,,0.646885,0.664256,-0.259877,-0.269755,-0.009230,0.069752,0.050295,,,,,,,,0.027194,0.071077,0.025091,-0.022326,0.070189,0.019494,-0.032561,0.067990,0.106308
120,1.000000,,,,,,,,0.646849,0.664294,-0.259886,-0.269740,-0.009234,0.069760,0.050300,,,,,,,,0.027186,0.071091,0.025097,-0.022327,0.070199,0.019498,-0.032568,0.068000,0.106310
121,1.008333,,,,,,,,0.646858,0.664274,-0.259810,-0.269839,-0.009234,0.069757,0.050298,,,,,,,,0.027185,0.071081,0.025092,-0.022327,0.070202,0.019498,-0.032562,0.067978,0.106306
122,1.016667,,,,,,,,0.646892,0.664232,-0.259786,-0.269886,-0.009234,0.069754,0.050295,,,,,,,,0.027190,0.071077,0.025087,-0.022334,0.070201,0.019496,-0.032563,0.067984,0.106301
123,1.025000,,,,,,,,0.646843,0.664287,-0.259841,-0.269816,-0.009237,0.069760,0.050298,,,,,,,,0.027180,0.071094,0.025098,-0.022331,0.070202,0.019497,-0.032566,0.067992,0.106308
124,1.033333,,,,,,,,0.646881,0.664246,-0.259845,-0.269820,-0.009237,0.069760,0.050299,,,,,,,,0.027185,0.071080,0.025096,-0.022333,0.070202,0.019499,-0.032561,0.067996,0.106303
125,1.041667,,,,,,,,0.646898,0.664237,-0.259850,-0.269798,-0.009240,0.069764,0.050299,,,,,,,,0.027175,0.071089,0.025101,-0.022334,0.070206,0.019497,-0.032568,0.068005,0.106304
126,1.050000,,,,,,,,0.646814,0.664313,-0.259860,-0.269801,-0.009241,0.069765,0.050300,,,,,,,,0.027173,0.071100,0.025099,-0.022333,0.070205,0.019495,-0.032565,0.067988,0.106310
127,1.058333,,,,,,,,0.646909,0.664215,-0.259790,-0.269883,-0.009239,0.069762,0.050298,,,,,,,,0.027186,0.071076,0.025094,-0.022338,0.070211,0.019498,-0.032564,0.067994,0.106302
128,1.066667,,,,,,,,0.646831,0.664300,-0.259875,-0.269779,-0.009237,0.069760,0.050298,,,,,,,,0.027176,0.071094,0.025098,-0.022325,0.070192,0.019493,-0.032563,0.067991,0.106306
129,1.075000,,,,,,,,0.646771,0.664351,-0.259926,-0.269747,-0.009237,0.069761,0.050298,,,,,,,,0.027175,0.071096,0.025098,-0.022330,0.070196,0.019491,-0.032560,0.067991,0.106309
130,1.083333,,,,,,,,0.646788,0.664330,-0.259903,-0.269780,-0.009240,0.069763,0.050298,,,,,,,,0.027174,0.071096,0.025095,-0.022335,0.070201,0.019495,-0.032565,0.067993,0.106305
131,1.091667,,,,,,,,0.646715,0.664408,-0.259926,-0.269739,-0.009241,0.069760,0.050296,,,,,,,,0.027169,0.071104,0.025098,-0.022329,0.070190,0.019491,-0.032564,0.067980,0.106303
132,1.100000,,,,,,,,0.646707,0.664420,-0.259956,-0.269703,-0.009240,0.069761,0.050298,,,,,,,,0.027174,0.071102,0.025097,-0.022331,0.070192,0.019491,-0.032566,0.067992,0.106310
133,1.108333,,,,,,,,0.646656,0.664467,-0.259956,-0.269708,-0.009238,0.069759,0.050298,,,,,,,,0.027174,0.071110,0.025096,-0.022328,0.070189,0.019493,-0.032562,0.067975,0.106306
134,1.116667,,,,,,,,0.646779,0.664353,-0.259924,-0.269725,-0.009234,0.069753,0.050295,,,,,,,,0.027187,0.071076,0.025090,-0.022324,0.070185,0.019493,-0.032562,0.067990,0.106304
135,1.125000,,,,,,,,0.646757,0.664372,-0.259958,-0.269697,-0.009230,0.069746,0.050293,,,,,,,,0.027184,0.071085,0.025087,-0.022317,0.070173,0.019489,-0.032556,0.067975,0.106303
136,1.133333,,,,,,,,0.646718,0.664420,-0.259988,-0.269645,-0.009229,0.069744,0.050291,,,,,,,,0.027184,0.071083,0.025090,-0.022316,0.070169,0.019479,-0.032559,0.067978,0.106305
137,1.141667,,,,,,,,0.646739,0.664391,-0.259948,-0.269704,-0.009231,0.069750,0.050293,,,,,,,,0.027187,0.071091,0.025087,-0.022326,0.070187,0.019490,-0.032560,0.067981,0.106308
138,1.150000,,,,,,,,0.646830,0.664293,-0.259868,-0.269804,-0.009233,0.069756,0.050294,,,,,,,,0.027190,0.071082,0.025085,-0.022332,0.070199,0.019498,-0.032564,0.067989,0.106304
139,1.158333,,,,,,,,0.646816,0.664310,-0.259835,-0.269828,-0.009233,0.069759,0.050296,,,,,,,,0.027189,0.071096,0.025094,-0.022329,0.070203,0.019490,-0.032560,0.067983,0.106308
140,1.166667,,,,,,,,0.646769,0.664365,-0.259901,-0.269740,-0.009232,0.069759,0.050296,,,,,,,,0.027183,0.071094,0.025093,-0.022320,0.070189,0.019488,-0.032562,0.067990,0.106308
141,1.175000,,,,,,,,0.646744,0.664402,-0.259994,-0.269620,-0.009230,0.069752,0.050295,,,,,,,,0.027184,0.071086,0.025095,-0.022313,0.070171,0.019483,-0.032559,0.067990,0.106307
142,1.183333,,,,,,,,0.646770,0.664370,-0.259952,-0.269679,-0.009228,0.069747,0.050293,,,,,,,,0.027186,0.071079,0.025090,-0.022316,0.070180,0.019487,-0.032556,0.067978,0.106304
143,1.191667,,,,,,,,0.646793,0.664340,-0.259894,-0.269752,-0.009222,0.069742,0.050291,,,,,,,,0.027196,0.071073,0.025086,-0.022309,0.070177,0.019485,-0.032549,0.067969,0.106302
144,1.200000,,,,,,,,0.646772,0.664360,-0.259934,-0.269714,-0.009219,0.069737,0.050289,,,,,,,,0.027196,0.071072,0.025088,-0.022310,0.070166,0.019478,-0.032546,0.067971,0.106303
145,1.208333,,,,,,,,0.646746,0.664388,-0.259960,-0.269684,-0.009221,0.069740,0.050291,,,,,,,,0.027192,0.071080,0.025090,-0.022309,0.070172,0.019483,-0.032550,0.067974,0.106308
146,1.216667,,,,,,,,0.646725,0.664405,-0.259959,-0.269692,-0.009221,0.069742,0.050293,,,,,,,,0.027194,0.071082,0.025092,-0.022312,0.070172,0.019488,-0.032546,0.067971,0.106303
147,1.225000,,,,,,,,0.646757,0.664374,-0.259904,-0.269744,-0.009218,0.069738,0.050293,,,,,,,,0.027197,0.071072,0.025097,-0.022308,0.070174,0.019484,-0.032542,0.067963,0.106302
148,1.233333,,,,,,,,0.646733,0.664399,-0.259923,-0.269723,-0.009215,0.069734,0.050292,,,,,,,,0.027200,0.071074,0.025091,-0.022304,0.070163,0.019483,-0.032540,0.067959,0.106303
149,1.241667,,,,,,,,0.646732,0.664402,-0.259924,-0.269718,-0.009214,0.069733,0.050292,,,,,,,,0.027203,0.071072,0.025094,-0.022308,0.070167,0.019479,-0.032542,0.067960,0.106306
150,1.250000,,,,,,,,0.646756,0.664368,-0.259908,-0.269759,-0.009212,0.069732,0.050290,,,,,,,,0.027207,0.071068,0.025087,-0.022306,0.070168,0.019480,-0.032534,0.067958,0.106304
151,1.258333,,,,,,,,0.646760,0.664345,-0.259859,-0.269851,-0.009211,0.069729,0.050289,,,,,,,,0.027199,0.071066,0.025084,-0.022303,0.070174,0.019483,-0.032530,0.067944,0.106300
152,1.266667,,,,,,,,0.646783,0.664320,-0.259834,-0.269883,-0.009212,0.069731,0.050289,,,,,,,,0.027204,0.071066,0.025090,-0.022311,0.070177,0.019484,-0.032531,0.067954,0.106298
153,1.275000,,,,,,,,0.646760,0.664356,-0.259883,-0.269801,-0.009211,0.069735,0.050291,,,,,,,,0.027207,0.071075,0.025094,-0.022308,0.070171,0.019481,-0.032535,0.067961,0.106305
154,1.283333,,,,,,,,0.646774,0.664344,-0.259877,-0.269804,-0.009212,0.069732,0.050291,,,,,,,,0.027207,0.071063,0.025090,-0.022313,0.070171,0.019482,-0.032535,0.067954,0.106302
155,1.291667,,,,,,,,0.646784,0.664326,-0.259860,-0.269840,-0.009210,0.069730,0.050292,,,,,,,,0.027211,0.071065,0.025093,-0.022311,0.070172,0.019483,-0.032530,0.067952,0.106306
156,1.300000,,,,,,,,0.646862,0.664256,-0.259816,-0.269868,-0.009208,0.069729,0.050289,,,,,,,,0.027220,0.071051,0.025081,-0.022310,0.070177,0.019478,-0.032537,0.067960,0.106302
157,1.308333,,,,,,,,0.646757,0.664360,-0.259842,-0.269839,-0.009209,0.069729,0.050289,,,,,,,,0.027207,0.071079,0.025097,-0.022312,0.070169,0.019481,-0.032529,0.067940,0.106297
158,1.316667,,,,,,,,0.646754,0.664368,-0.259831,-0.269837,-0.009210,0.069730,0.050288,,,,,,,,0.027214,0.071063,0.025084,-0.022309,0.070175,0.019483,-0.032537,0.067952,0.106295
159,1.325000,,,,,,,,0.646859,0.664278,-0.259849,-0.269791,-0.009212,0.069735,0.050289,,,,,,,,0.027213,0.071060,0.025088,-0.022312,0.070175,0.019485,-0.032545,0.067978,0.106302
160,1.333333,,,,,,,,0.646830,0.664309,-0.259851,-0.269781,-0.009214,0.069737,0.050290,,,,,,,,0.027207,0.071072,0.025090,-0.022310,0.070178,0.019481,-0.032543,0.067960,0.106300
161,1.341667,,,,,,,,0.646840,0.664296,-0.259807,-0.269832,-0.009216,0.069740,0.050291,,,,,,,,0.027208,0.071069,0.025087,-0.022314,0.070188,0.019489,-0.032548,0.067969,0.106302
162,1.350000,,,,,,,,0.646778,0.664358,-0.259865,-0.269772,-0.009218,0.069740,0.050290,,,,,,,,0.027202,0.071081,0.025089,-0.022312,0.070172,0.019484,-0.032546,0.067963,0.106297
163,1.358333,,,,,,,,0.646776,0.664354,-0.259826,-0.269827,-0.009219,0.069742,0.050289,,,,,,,,0.027200,0.071078,0.025088,-0.022318,0.070193,0.019486,-0.032546,0.067961,0.106294
164,1.366667,,,,,,,,0.646770,0.664358,-0.259853,-0.269802,-0.009218,0.069742,0.050289,,,,,,,,0.027199,0.071079,0.025091,-0.022310,0.070175,0.019486,-0.032543,0.067967,0.106296
165,1.375000,,,,,,,,0.646721,0.664417,-0.259934,-0.269697,-0.009221,0.069748,0.050291,,,,,,,,0.027192,0.071095,0.025096,-0.022315,0.070183,0.019483,-0.032552,0.067981,0.106300
166,1.383333,,,,,,,,0.646723,0.664419,-0.259922,-0.269699,-0.009225,0.069753,0.050293,,,,,,,,0.027191,0.071093,0.025095,-0.022319,0.070187,0.019485,-0.032555,0.067978,0.106302
167,1.391667,,,,,,,,0.646712,0.664429,-0.259910,-0.269712,-0.009224,0.069751,0.050290,,,,,,,,0.027196,0.071094,0.025088,-0.022315,0.070183,0.019482,-0.032552,0.067972,0.106297
168,1.400000,,,,,,,,0.646803,0.664321,-0.259817,-0.269850,-0.009226,0.069753,0.050292,,,,,,,,0.027193,0.071082,0.025091,-0.022329,0.070207,0.019498,-0.032552,0.067976,0.106300
169,1.408333,,,,,,,,0.646853,0.664273,-0.259814,-0.269852,-0.009224,0.069751,0.050293,,,,,,,,0.027202,0.071077,0.025088,-0.022316,0.070187,0.019486,-0.032550,0.067980,0.106302
170,1.416667,,,,,,,,0.646787,0.664340,-0.259894,-0.269767,-0.009223,0.069751,0.050292,,,,,,,,0.027196,0.071090,0.025089,-0.022322,0.070188,0.019491,-0.032550,0.067981,0.106301
171,1.425000,,,,,,,,0.646763,0.664353,-0.259838,-0.269847,-0.009223,0.069749,0.050291,,,,,,,,0.027194,0.071084,0.025087,-0.022318,0.070195,0.019490,-0.032544,0.067958,0.106294
172,1.433333,,,,,,,,0.646800,0.664316,-0.259806,-0.269880,-0.009221,0.069747,0.050288,,,,,,,,0.027198,0.071080,0.025082,-0.022316,0.070192,0.019486,-0.032546,0.067972,0.106298
173,1.441667,,,,,,,,0.646783,0.664338,-0.259875,-0.269799,-0.009223,0.069750,0.050289,,,,,,,,0.027187,0.071088,0.025089,-0.022316,0.070186,0.019484,-0.032550,0.067978,0.106300
174,1.450000,,,,,,,,0.646801,0.664318,-0.259866,-0.269814,-0.009226,0.069753,0.050290,,,,,,,,0.027189,0.071083,0.025087,-0.022321,0.070198,0.019490,-0.032550,0.067980,0.106297
175,1.458333,,,,,,,,0.646772,0.664347,-0.259879,-0.269801,-0.009226,0.069755,0.050289,,,,,,,,0.027182,0.071096,0.025090,-0.022315,0.070191,0.019486,-0.032547,0.067980,0.106291
176,1.466667,,,,,,,,0.646736,0.664386,-0.259908,-0.269763,-0.009223,0.069752,0.050289,,,,,,,,0.027190,0.071087,0.025090,-0.022312,0.070185,0.019486,-0.032544,0.067974,0.106296
177,1.475000,,,,,,,,0.646765,0.664366,-0.259889,-0.269762,-0.009219,0.069744,0.050285,,,,,,,,0.027199,0.071076,0.025085,-0.022309,0.070178,0.019472,-0.032543,0.067968,0.106290
178,1.483333,,,,,,,,0.646782,0.664347,-0.259859,-0.269796,-0.009218,0.069741,0.050282,,,,,,,,0.027194,0.071077,0.025084,-0.022311,0.070184,0.019482,-0.032542,0.067964,0.106287
179,1.491667,,,,,,,,0.646750,0.664375,-0.259864,-0.269797,-0.009223,0.069748,0.050285,,,,,,,,0.027184,0.071095,0.025090,-0.022316,0.070191,0.019483,-0.032549,0.067974,0.106290
180,1.500000,,,,,,,,0.646775,0.664358,-0.259890,-0.269756,-0.009221,0.069742,0.050285,,,,,,,,0.027196,0.071064,0.025083,-0.022306,0.070169,0.019477,-0.032546,0.067967,0.106296
181,1.508333,,,,,,,,0.646812,0.664323,-0.259896,-0.269747,-0.009219,0.069741,0.050287,,,,,,,,0.027200,0.071079,0.025086,-0.022314,0.070183,0.019489,-0.032549,0.067980,0.106298
182,1.516667,,,,,,,,0.646834,0.664303,-0.259847,-0.269792,-0.009219,0.069744,0.050287,,,,,,,,0.027202,0.071070,0.025083,-0.022311,0.070185,0.019480,-0.032547,0.067969,0.106293
183,1.525000,,,,,,,,0.646781,0.664353,-0.259906,-0.269738,-0.009218,0.069745,0.050285,,,,,,,,0.027193,0.071087,0.025084,-0.022307,0.070175,0.019481,-0.032545,0.067980,0.106292
184,1.533333,,,,,,,,0.646748,0.664382,-0.259922,-0.269731,-0.009215,0.069742,0.050282,,,,,,,,0.027202,0.071075,0.025078,-0.022303,0.070177,0.019475,-0.032539,0.067963,0.106289
185,1.541667,,,,,,,,0.646832,0.664290,-0.259834,-0.269841,-0.009213,0.069736,0.050280,,,,,,,,0.027205,0.071058,0.025076,-0.022310,0.070181,0.019477,-0.032537,0.067962,0.106290
186,1.550000,,,,,,,,0.646873,0.664241,-0.259832,-0.269863,-0.009213,0.069735,0.050280,,,,,,,,0.027209,0.071062,0.025070,-0.022310,0.070178,0.019479,-0.032539,0.067968,0.106292
187,1.558333,,,,,,,,0.646800,0.664321,-0.259853,-0.269822,-0.009212,0.069735,0.050280,,,,,,,,0.027199,0.071074,0.025082,-0.022302,0.070174,0.019479,-0.032537,0.067953,0.106284
188,1.566667,,,,,,,,0.646775,0.664361,-0.259853,-0.269782,-0.009211,0.069734,0.050281,,,,,,,,0.027207,0.071068,0.025084,-0.022300,0.070173,0.019478,-0.032539,0.067962,0.106289
189,1.575000,,,,,,,,0.646768,0.664373,-0.259882,-0.269742,-0.009211,0.069738,0.050283,,,,,,,,0.027204,0.071081,0.025085,-0.022305,0.070176,0.019480,-0.032540,0.067968,0.106288
190,1.583333,,,,,,,,0.646746,0.664393,-0.259907,-0.269724,-0.009212,0.069738,0.050281,,,,,,,,0.027204,0.071074,0.025077,-0.022298,0.070170,0.019474,-0.032540,0.067963,0.106289
191,1.591667,,,,,,,,0.646796,0.664343,-0.259861,-0.269770,-0.009209,0.069735,0.050281,,,,,,,,0.027210,0.071065,0.025081,-0.022301,0.070177,0.019477,-0.032538,0.067962,0.106291
192,1.600000,,,,,,,,0.646827,0.664304,-0.259825,-0.269826,-0.009209,0.069733,0.050280,,,,,,,,0.027212,0.071063,0.025075,-0.022308,0.070174,0.019476,-0.032536,0.067956,0.106286
193,1.608333,,,,,,,,0.646821,0.664320,-0.259843,-0.269782,-0.009210,0.069737,0.050280,,,,,,,,0.027209,0.071074,0.025080,-0.022299,0.070180,0.019476,-0.032546,0.067974,0.106290
194,1.616667,,,,,,,,0.646839,0.664309,-0.259831,-0.269779,-0.009212,0.069738,0.050281,,,,,,,,0.027212,0.071063,0.025078,-0.022308,0.070177,0.019481,-0.032543,0.067962,0.106288
195,1.625000,,,,,,,,0.646858,0.664289,-0.259855,-0.269761,-0.009212,0.069738,0.050283,,,,,,,,0.027211,0.071068,0.025080,-0.022304,0.070176,0.019480,-0.032548,0.067983,0.106299
196,1.633333,,,,,,,,0.646840,0.664308,-0.259871,-0.269740,-0.009214,0.069741,0.050285,,,,,,,,0.027205,0.071072,0.025082,-0.022307,0.070179,0.019485,-0.032547,0.067969,0.106291
197,1.641667,,,,,,,,0.646825,0.664314,-0.259825,-0.269806,-0.009216,0.069739,0.050284,,,,,,,,0.027200,0.071069,0.025084,-0.022310,0.070182,0.019482,-0.032544,0.067962,0.106288
198,1.650000,,,,,,,,0.646855,0.664281,-0.259806,-0.269834,-0.009217,0.069740,0.050283,,,,,,,,0.027203,0.071067,0.025080,-0.022308,0.070185,0.019485,-0.032546,0.067972,0.106287
199,1.658333,,,,,,,,0.646811,0.664326,-0.259846,-0.269789,-0.009216,0.069742,0.050282,,,,,,,,0.027197,0.071082,0.025083,-0.022305,0.070179,0.019477,-0.032543,0.067967,0.106287
200,1.666667,,,,,,,,0.646768,0.664367,-0.259885,-0.269755,-0.009218,0.069741,0.050282,,,,,,,,0.027197,0.071074,0.025080,-0.022309,0.070177,0.019478,-0.032547,0.067969,0.106293
201,1.675000,,,,,,,,0.646781,0.664357,-0.259889,-0.269744,-0.009220,0.069744,0.050285,,,,,,,,0.027195,0.071084,0.025090,-0.022314,0.070183,0.019482,-0.032550,0.067977,0.106293
202,1.683333,,,,,,,,0.646746,0.664396,-0.259903,-0.269717,-0.009222,0.069747,0.050287,,,,,,,,0.027192,0.071088,0.025088,-0.022310,0.070179,0.019482,-0.032551,0.067972,0.106293
203,1.691667,,,,,,,,0.646780,0.664354,-0.259857,-0.269785,-0.009221,0.069744,0.050286,,,,,,,,0.027201,0.071072,0.025082,-0.022316,0.070188,0.019487,-0.032547,0.067966,0.106292
204,1.700000,,,,,,,,0.646811,0.664314,-0.259816,-0.269849,-0.009222,0.069744,0.050286,,,,,,,,0.027193,0.071082,0.025088,-0.022319,0.070189,0.019490,-0.032547,0.067967,0.106288
205,1.708333,,,,,,,,0.646785,0.664341,-0.259871,-0.269791,-0.009222,0.069743,0.050287,,,,,,,,0.027193,0.071082,0.025088,-0.022319,0.070189,0.019490,-0.032547,0.067967,0.106288
206,1.716667,,,,,,,,0.646842,0.664291,-0.259860,-0.269790,-0.009221,0.069740,0.050285,,,,,,,,0.027197,0.071074,0.025085,-0.022315,0.070176,0.019484,-0.032547,0.067972,0.106295
207,1.725000,,,,,,,,0.646894,0.664248,-0.259802,-0.269824,-0.009222,0.069740,0.050285,,,,,,,,0.027200,0.071062,0.025081,-0.022316,0.070183,0.019481,-0.032551,0.067971,0.106291
208,1.733333,,,,,,,,0.646810,0.664341,-0.259885,-0.269718,-0.009224,0.069742,0.050287,,,,,,,,0.027199,0.071066,0.025086,-0.022318,0.070185,0.019483,-0.032555,0.067973,0.106293
209,1.741667,,,,,,,,0.646736,0.664406,-0.259920,-0.269701,-0.009226,0.069745,0.050289,,,,,,,,0.027190,0.071083,0.025090,-0.022312,0.070169,0.019482,-0.032557,0.067978,0.106295
210,1.750000,,,,,,,,0.646792,0.664343,-0.259864,-0.269776,-0.009228,0.069747,0.050289,,,,,,,,0.027187,0.071087,0.025092,-0.022320,0.070187,0.019489,-0.032551,0.067968,0.106291
211,1.758333,,,,,,,,0.646829,0.664305,-0.259833,-0.269812,-0.009229,0.069751,0.050288,,,,,,,,0.027193,0.071076,0.025083,-0.022319,0.070185,0.019486,-0.032560,0.067981,0.106297
212,1.766667,,,,,,,,0.646802,0.664332,-0.259884,-0.269760,-0.009229,0.069752,0.050288,,,,,,,,0.027188,0.071087,0.025088,-0.022326,0.070201,0.019488,-0.032554,0.067976,0.106292
213,1.775000,,,,,,,,0.646828,0.664320,-0.259962,-0.269654,-0.009227,0.069745,0.050288,,,,,,,,0.027188,0.071081,0.025088,-0.022315,0.070175,0.019487,-0.032556,0.067989,0.106294
214,1.783333,,,,,,,,0.646824,0.664318,-0.259881,-0.269745,-0.009223,0.069739,0.050287,,,,,,,,0.027196,0.071065,0.025086,-0.022319,0.070172,0.019485,-0.032559,0.067990,0.106297
215,1.791667,,,,,,,,0.646782,0.664354,-0.259822,-0.269814,-0.009223,0.069740,0.050286,,,,,,,,0.027198,0.071075,0.025088,-0.022315,0.070180,0.019484,-0.032544,0.067954,0.106286
216,1.800000,,,,,,,,0.646813,0.664326,-0.259820,-0.269809,-0.009226,0.069744,0.050287,,,,,,,,0.027188,0.071079,0.025091,-0.022316,0.070185,0.019487,-0.032554,0.067969,0.106291
217,1.808333,,,,,,,,0.646828,0.664306,-0.259801,-0.269842,-0.009228,0.069749,0.050289,,,,,,,,0.027196,0.071076,0.025085,-0.022322,0.070189,0.019488,-0.032555,0.067970,0.106289
218,1.816667,,,,,,,,0.646817,0.664305,-0.259779,-0.269891,-0.009230,0.069750,0.050291,,,,,,,,0.027186,0.071085,0.025092,-0.022323,0.070199,0.019493,-0.032556,0.067975,0.106295
219,1.825000,,,,,,,,0.646791,0.664334,-0.259818,-0.269846,-0.009229,0.069749,0.050288,,,,,,,,0.027186,0.071082,0.025090,-0.022325,0.070198,0.019495,-0.032550,0.067963,0.106287
220,1.833333,,,,,,,,0.646816,0.664323,-0.259883,-0.269751,-0.009226,0.069745,0.050286,,,,,,,,0.027187,0.071088,0.025087,-0.022319,0.070188,0.019487,-0.032556,0.067978,0.106289
221,1.841667,,,,,,,,0.646804,0.664340,-0.259922,-0.269699,-0.009225,0.069741,0.050288,,,,,,,,0.027198,0.071062,0.025083,-0.022319,0.070174,0.019484,-0.032553,0.067976,0.106290
222,1.850000,,,,,,,,0.646752,0.664390,-0.259918,-0.269703,-0.009230,0.069749,0.050291,,,,,,,,0.027188,0.071084,0.025096,-0.022317,0.070171,0.019487,-0.032556,0.067977,0.106296
223,1.858333,,,,,,,,0.646756,0.664380,-0.259871,-0.269765,-0.009231,0.069746,0.050288,,,,,,,,0.027178,0.071089,0.025096,-0.022324,0.070193,0.019486,-0.032557,0.067979,0.106293
224,1.866667,,,,,,,,0.646710,0.664433,-0.259933,-0.269684,-0.009231,0.069745,0.050286,,,,,,,,0.027186,0.071078,0.025088,-0.022320,0.070172,0.019487,-0.032555,0.067959,0.106284
225,1.875000,,,,,,,,0.646773,0.664369,-0.259904,-0.269720,-0.009233,0.069754,0.050288,,,,,,,,0.027182,0.071098,0.025089,-0.022320,0.070179,0.019482,-0.032562,0.067986,0.106292
226,1.883333,,,,,,,,0.646851,0.664280,-0.259821,-0.269833,-0.009234,0.069753,0.050290,,,,,,,,0.027186,0.071080,0.025090,-0.022331,0.070199,0.019489,-0.032560,0.067982,0.106292
227,1.891667,,,,,,,,0.646764,0.664367,-0.259901,-0.269750,-0.009231,0.069748,0.050289,,,,,,,,0.027185,0.071083,0.025089,-0.022327,0.070193,0.019490,-0.032560,0.067981,0.106295
228,1.900000,,,,,,,,0.646746,0.664390,-0.259919,-0.269718,-0.009230,0.069746,0.050289,,,,,,,,0.027184,0.071087,0.025087,-0.022318,0.070172,0.019487,-0.032554,0.067970,0.106292
229,1.908333,,,,,,,,0.646766,0.664369,-0.259880,-0.269759,-0.009233,0.069750,0.050292,,,,,,,,0.027186,0.071079,0.025094,-0.022323,0.070187,0.019487,-0.032561,0.067978,0.106298
230,1.916667,,,,,,,,0.646722,0.664401,-0.259883,-0.269782,-0.009234,0.069752,0.050292,,,,,,,,0.027176,0.071096,0.025096,-0.022325,0.070187,0.019489,-0.032557,0.067973,0.106297
231,1.925000,,,,,,,,0.646795,0.664328,-0.259815,-0.269853,-0.009232,0.069751,0.050291,,,,,,,,0.027183,0.071090,0.025091,-0.022326,0.070193,0.019496,-0.032556,0.067971,0.106293
232,1.933333,,,,,,,,0.646807,0.664313,-0.259813,-0.269863,-0.009232,0.069752,0.050290,,,,,,,,0.027189,0.071081,0.025091,-0.022330,0.070199,0.019490,-0.032555,0.067973,0.106294
233,1.941667,,,,,,,,0.646733,0.664396,-0.259879,-0.269773,-0.009235,0.069753,0.050290,,,,,,,,0.027182,0.071091,0.025088,-0.022331,0.070194,0.019489,-0.032556,0.067974,0.106292
234,1.950000,,,,,,,,0.646752,0.664391,-0.259861,-0.269756,-0.009235,0.069756,0.050293,,,,,,,,0.027181,0.071097,0.025093,-0.022325,0.070186,0.019483,-0.032565,0.067975,0.106301
235,1.958333,,,,,,,,0.646842,0.664294,-0.259793,-0.269848,-0.009237,0.069763,0.050295,,,,,,,,0.027186,0.071094,0.025092,-0.022327,0.070205,0.019493,-0.032565,0.067984,0.106303
236,1.966667,,,,,,,,0.646808,0.664321,-0.259810,-0.269843,-0.009238,0.069761,0.050295,,,,,,,,0.027181,0.071092,0.025092,-0.022335,0.070212,0.019494,-0.032567,0.067990,0.106301
237,1.975000,,,,,,,,0.646744,0.664391,-0.259879,-0.269759,-0.009237,0.069763,0.050295,,,,,,,,0.027176,0.071099,0.025098,-0.022326,0.070197,0.019493,-0.032560,0.067974,0.106297
238,1.983333,,,,,,,,0.646785,0.664349,-0.259880,-0.269764,-0.009240,0.069767,0.050296,,,,,,,,0.027181,0.071107,0.025091,-0.022328,0.070203,0.019498,-0.032569,0.068002,0.106300
239,1.991667,,,,,,,,0.646840,0.664285,-0.259811,-0.269856,-0.009240,0.069761,0.050296,,,,,,,,0.027173,0.071094,0.025099,-0.022336,0.070205,0.019497,-0.032564,0.067984,0.106299
240,2.000000,,,,,,,,0.646853,0.664281,-0.259798,-0.269844,-0.009234,0.069758,0.050294,,,,,,,,0.027181,0.071086,0.025090,-0.022330,0.070208,0.019499,-0.032566,0.067990,0.106301
241,2.008333,,,,,,,,0.646859,0.664294,-0.259801,-0.269799,-0.009230,0.069753,0.050292,,,,,,,,0.027193,0.071088,0.025092,-0.022322,0.070197,0.019492,-0.032558,0.067976,0.106295
242,2.016667,,,,,,,,0.646900,0.664257,-0.259815,-0.269776,-0.009234,0.069757,0.050294,,,,,,,,0.027201,0.071073,0.025087,-0.022327,0.070195,0.019487,-0.032571,0.067991,0.106302
243,2.025000,,,,,,,,0.646857,0.664288,-0.259863,-0.269756,-0.009238,0.069763,0.050298,,,,,,,,0.027186,0.071090,0.025095,-0.022333,0.070202,0.019495,-0.032570,0.067994,0.106308
244,2.033333,,,,,,,,0.646845,0.664302,-0.259899,-0.269717,-0.009238,0.069762,0.050296,,,,,,,,0.027184,0.071089,0.025092,-0.022331,0.070199,0.019491,-0.032572,0.068004,0.106308
245,2.041667,,,,,,,,0.646836,0.664309,-0.259864,-0.269755,-0.009236,0.069756,0.050293,,,,,,,,0.027183,0.071089,0.025095,-0.022330,0.070192,0.019489,-0.032567,0.067994,0.106303
246,2.050000,,,,,,,,0.646822,0.664328,-0.259876,-0.269730,-0.009235,0.069754,0.050293,,,,,,,,0.027189,0.071080,0.025089,-0.022329,0.070196,0.019490,-0.032566,0.067981,0.106298
247,2.058333,,,,,,,,0.646794,0.664372,-0.259974,-0.269595,-0.009235,0.069753,0.050296,,,,,,,,0.027183,0.071092,0.025092,-0.022324,0.070181,0.019493,-0.032573,0.067996,0.106308
248,2.066667,,,,,,,,0.646808,0.664355,-0.259929,-0.269646,-0.009233,0.069750,0.050293,,,,,,,,0.027195,0.071075,0.025089,-0.022319,0.070174,0.019485,-0.032574,0.067995,0.106309
249,2.075000,,,,,,,,0.646757,0.664393,-0.259924,-0.269680,-0.009234,0.069752,0.050292,,,,,,,,0.027182,0.071093,0.025091,-0.022326,0.070188,0.019491,-0.032565,0.067980,0.106299
250,2.083333,,,,,,,,0.646816,0.664343,-0.259931,-0.269655,-0.009234,0.069751,0.050291,,,,,,,,0.027189,0.071084,0.025088,-0.022319,0.070175,0.019484,-0.032569,0.067988,0.106301
251,2.091667,,,,,,,,0.646855,0.664295,-0.259891,-0.269717,-0.009235,0.069754,0.050292,,,,,,,,0.027189,0.071077,0.025083,-0.022329,0.070190,0.019490,-0.032573,0.067995,0.106305
252,2.100000,,,,,,,,0.646807,0.664345,-0.259902,-0.269699,-0.009233,0.069754,0.050292,,,,,,,,0.027190,0.071087,0.025089,-0.022325,0.070187,0.019488,-0.032569,0.067989,0.106305
253,2.108333,,,,,,,,0.646862,0.664283,-0.259851,-0.269767,-0.009233,0.069750,0.050289,,,,,,,,0.027186,0.071084,0.025088,-0.022322,0.070187,0.019485,-0.032565,0.067988,0.106300
254,2.116667,,,,,,,,0.646900,0.664244,-0.259823,-0.269801,-0.009231,0.069742,0.050288,,,,,,,,0.027197,0.071065,0.025079,-0.022331,0.070192,0.019487,-0.032568,0.067980,0.106302
255,2.125000,,,,,,,,0.646811,0.664336,-0.259880,-0.269731,-0.009228,0.069735,0.050288,,,,,,,,0.027195,0.071064,0.025085,-0.022319,0.070169,0.019483,-0.032561,0.067971,0.106299
256,2.133333,,,,,,,,0.646817,0.664322,-0.259834,-0.269795,-0.009229,0.069735,0.050288,,,,,,,,0.027192,0.071073,0.025084,-0.022322,0.070175,0.019483,-0.032562,0.067960,0.106300
257,2.141667,,,,,,,,0.646846,0.664291,-0.259863,-0.269777,-0.009228,0.069736,0.050287,,,,,,,,0.027196,0.071059,0.025081,-0.022320,0.070179,0.019487,-0.032558,0.067965,0.106299
258,2.150000,,,,,,,,0.646846,0.664295,-0.259898,-0.269734,-0.009230,0.069739,0.050287,,,,,,,,0.027188,0.071074,0.025080,-0.022321,0.070169,0.019486,-0.032561,0.067978,0.106295
259,2.158333,,,,,,,,0.646955,0.664192,-0.259802,-0.269818,-0.009230,0.069737,0.050290,,,,,,,,0.027200,0.071052,0.025082,-0.022325,0.070182,0.019486,-0.032565,0.067974,0.106305
260,2.166667,,,,,,,,0.646905,0.664245,-0.259825,-0.269784,-0.009229,0.069737,0.050287,,,,,,,,0.027193,0.071056,0.025085,-0.022325,0.070179,0.019482,-0.032564,0.067979,0.106301
261,2.175000,,,,,,,,0.646838,0.664317,-0.259866,-0.269726,-0.009225,0.069735,0.050285,,,,,,,,0.027199,0.071064,0.025083,-0.022320,0.070177,0.019480,-0.032561,0.067964,0.106294
262,2.183333,,,,,,,,0.646839,0.664310,-0.259908,-0.269702,-0.009225,0.069736,0.050286,,,,,,,,0.027197,0.071066,0.025085,-0.022312,0.070162,0.019476,-0.032558,0.067978,0.106301
263,2.191667,,,,,,,,0.646887,0.664252,-0.259806,-0.269828,-0.009227,0.069736,0.050286,,,,,,,,0.027193,0.071061,0.025082,-0.022322,0.070182,0.019479,-0.032558,0.067968,0.106299
264,2.200000,,,,,,,,0.646855,0.664292,-0.259854,-0.269761,-0.009226,0.069735,0.050286,,,,,,,,0.027195,0.071061,0.025085,-0.022319,0.070176,0.019479,-0.032557,0.067966,0.106295
265,2.208333,,,,,,,,0.646814,0.664329,-0.259927,-0.269696,-0.009224,0.069733,0.050285,,,,,,,,0.027195,0.071066,0.025082,-0.022316,0.070170,0.019481,-0.032559,0.067975,0.106297
266,2.216667,,,,,,,,0.646798,0.664330,-0.259926,-0.269733,-0.009222,0.069728,0.050284,,,,,,,,0.027197,0.071059,0.025077,-0.022312,0.070156,0.019479,-0.032552,0.067963,0.106297
267,2.225000,,,,,,,,0.646833,0.664291,-0.259870,-0.269799,-0.009222,0.069732,0.050286,,,,,,,,0.027194,0.071063,0.025081,-0.022318,0.070173,0.019480,-0.032547,0.067962,0.106296
268,2.233333,,,,,,,,0.646770,0.664367,-0.259923,-0.269713,-0.009221,0.069730,0.050287,,,,,,,,0.027196,0.071057,0.025082,-0.022310,0.070168,0.019484,-0.032553,0.067965,0.106300
269,2.241667,,,,,,,,0.646688,0.664452,-0.259984,-0.269641,-0.009219,0.069731,0.050285,,,,,,,,0.027192,0.071081,0.025084,-0.022304,0.070152,0.019482,-0.032547,0.067954,0.106294
270,2.250000,,,,,,,,0.646826,0.664319,-0.259910,-0.269712,-0.009222,0.069736,0.050286,,,,,,,,0.027201,0.071061,0.025079,-0.022308,0.070166,0.019477,-0.032553,0.067972,0.106298
271,2.258333,,,,,,,,0.646800,0.664345,-0.259926,-0.269694,-0.009223,0.069735,0.050288,,,,,,,,0.027189,0.071072,0.025088,-0.022318,0.070175,0.019484,-0.032555,0.067974,0.106298
272,2.266667,,,,,,,,0.646833,0.664321,-0.259918,-0.269679,-0.009217,0.069727,0.050287,,,,,,,,0.027207,0.071058,0.025084,-0.022305,0.070153,0.019478,-0.032553,0.067966,0.106301
273,2.275000,,,,,,,,0.646855,0.664272,-0.259852,-0.269811,-0.009217,0.069727,0.050286,,,,,,,,0.027206,0.071053,0.025081,-0.022313,0.070172,0.019483,-0.032551,0.067970,0.106300
274,2.283333,,,,,,,,0.646771,0.664344,-0.259866,-0.269822,-0.009215,0.069719,0.050284,,,,,,,,0.027201,0.071055,0.025077,-0.022311,0.070160,0.019482,-0.032536,0.067937,0.106295
275,2.291667,,,,,,,,0.646801,0.664344,-0.259885,-0.269732,-0.009219,0.069727,0.050287,,,,,,,,0.027204,0.071054,0.025083,-0.022308,0.070158,0.019479,-0.032548,0.067951,0.106295
276,2.300000,,,,,,,,0.646790,0.664351,-0.259904,-0.269722,-0.009223,0.069740,0.050292,,,,,,,,0.027195,0.071074,0.025093,-0.022314,0.070173,0.019489,-0.032552,0.067975,0.106297
277,2.308333,,,,,,,,0.646798,0.664340,-0.259858,-0.269776,-0.009224,0.069740,0.050293,,,,,,,,0.027198,0.071073,0.025089,-0.022318,0.070175,0.019491,-0.032554,0.067966,0.106301
278,2.316667,,,,,,,,0.646798,0.664337,-0.259846,-0.269793,-0.009224,0.069741,0.050291,,,,,,,,0.027196,0.071074,0.025094,-0.022318,0.070185,0.019486,-0.032552,0.067968,0.106300
279,2.325000,,,,,,,,0.646750,0.664373,-0.259888,-0.269779,-0.009223,0.069739,0.050291,,,,,,,,0.027191,0.071076,0.025090,-0.022316,0.070174,0.019482,-0.032546,0.067964,0.106295
280,2.333333,,,,,,,,0.646747,0.664372,-0.259861,-0.269816,-0.009225,0.069741,0.050297,,,,,,,,0.027185,0.071079,0.025102,-0.022316,0.070181,0.019492,-0.032545,0.067960,0.106302
281,2.341667,,,,,,,,0.646705,0.664418,-0.259898,-0.269769,-0.009226,0.069741,0.050294,,,,,,,,0.027183,0.071083,0.025099,-0.022318,0.070182,0.019496,-0.032546,0.067963,0.106294
282,2.350000,,,,,,,,0.646666,0.664458,-0.259932,-0.269729,-0.009225,0.069737,0.050290,,,,,,,,0.027186,0.071087,0.025095,-0.022316,0.070168,0.019490,-0.032549,0.067958,0.106293
283,2.358333,,,,,,,,0.646674,0.664436,-0.259885,-0.269811,-0.009226,0.069741,0.050290,,,,,,,,0.027188,0.071078,0.025089,-0.022319,0.070175,0.019490,-0.032543,0.067954,0.106289
284,2.366667,,,,,,,,0.646643,0.664466,-0.259855,-0.269838,-0.009230,0.069752,0.050294,,,,,,,,0.027174,0.071111,0.025102,-0.022323,0.070192,0.019490,-0.032546,0.067957,0.106292
285,2.375000,,,,,,,,0.646742,0.664378,-0.259820,-0.269853,-0.009228,0.069747,0.050294,,,,,,,,0.027188,0.071086,0.025094,-0.022325,0.070197,0.019500,-0.032549,0.067962,0.106293
286,2.383333,,,,,,,,0.646696,0.664430,-0.259890,-0.269769,-0.009228,0.069745,0.050293,,,,,,,,0.027183,0.071092,0.025102,-0.022319,0.070177,0.019489,-0.032549,0.067961,0.106291
287,2.391667,,,,,,,,0.646801,0.664308,-0.259808,-0.269895,-0.009229,0.069748,0.050294,,,,,,,,0.027182,0.071084,0.025094,-0.022324,0.070194,0.019494,-0.032546,0.067969,0.106297
288,2.400000,,,,,,,,0.646817,0.664308,-0.259762,-0.269900,-0.009231,0.069746,0.050292,,,,,,,,0.027188,0.071078,0.025095,-0.022328,0.070198,0.019494,-0.032554,0.067962,0.106293
289,2.408333,,,,,,,,0.646767,0.664359,-0.259807,-0.269852,-0.009231,0.069744,0.050291,,,,,,,,0.027181,0.071083,0.025095,-0.022322,0.070188,0.019487,-0.032554,0.067964,0.106294
290,2.416667,,,,,,,,0.646771,0.664352,-0.259804,-0.269863,-0.009229,0.069741,0.050289,,,,,,,,0.027185,0.071082,0.025092,-0.022327,0.070192,0.019494,-0.032552,0.067954,0.106291
291,2.425000,,,,,,,,0.646824,0.664311,-0.259844,-0.269796,-0.009225,0.069738,0.050286,,,,,,,,0.027194,0.071072,0.025083,-0.022316,0.070173,0.019485,-0.032555,0.067966,0.106294
292,2.433333,,,,,,,,0.646943,0.664186,-0.259738,-0.269921,-0.009225,0.069742,0.050286,,,,,,,,0.027197,0.071062,0.025077,-0.022319,0.070192,0.019487,-0.032556,0.067967,0.106297
293,2.441667,,,,,,,,0.646944,0.664201,-0.259803,-0.269820,-0.009226,0.069746,0.050286,,,,,,,,0.027202,0.071061,0.025077,-0.022323,0.070198,0.019484,-0.032556,0.067981,0.106297
294,2.450000,,,,,,,,0.646845,0.664320,-0.259927,-0.269646,-0.009228,0.069746,0.050286,,,,,,,,0.027195,0.071072,0.025082,-0.022314,0.070170,0.019480,-0.032571,0.067993,0.106300
295,2.458333,,,,,,,,0.646884,0.664255,-0.259831,-0.269805,-0.009227,0.069747,0.050285,,,,,,,,0.027198,0.071075,0.025078,-0.022323,0.070188,0.019487,-0.032558,0.067977,0.106293
296,2.466667,,,,,,,,0.646902,0.664248,-0.259858,-0.269751,-0.009227,0.069744,0.050284,,,,,,,,0.027203,0.071061,0.025076,-0.022322,0.070188,0.019485,-0.032565,0.067989,0.106297
297,2.475000,,,,,,,,0.646759,0.664387,-0.259938,-0.269675,-0.009227,0.069740,0.050283,,,,,,,,0.027191,0.071078,0.025079,-0.022315,0.070166,0.019476,-0.032558,0.067972,0.106292
298,2.483333,,,,,,,,0.646844,0.664303,-0.259854,-0.269759,-0.009225,0.069740,0.050284,,,,,,,,0.027198,0.071073,0.025084,-0.022324,0.070182,0.019483,-0.032559,0.067976,0.106294
299,2.491667,,,,,,,,0.646872,0.664283,-0.259857,-0.269740,-0.009222,0.069733,0.050279,,,,,,,,0.027201,0.071058,0.025075,-0.022310,0.070168,0.019475,-0.032555,0.067965,0.106289
300,2.500000,,,,,,,,0.646892,0.664268,-0.259859,-0.269727,-0.009226,0.069738,0.050281,,,,,,,,0.027193,0.071061,0.025076,-0.022315,0.070177,0.019472,-0.032565,0.067983,0.106295
301,2.508333,,,,,,,,0.646818,0.664336,-0.259880,-0.269716,-0.009223,0.069734,0.050282,,,,,,,,0.027201,0.071060,0.025080,-0.022314,0.070167,0.019473,-0.032558,0.067963,0.106293
302,2.516667,,,,,,,,0.646792,0.664347,-0.259914,-0.269719,-0.009226,0.069744,0.050282,,,,,,,,0.027191,0.071080,0.025079,-0.022315,0.070175,0.019478,-0.032557,0.067979,0.106294
303,2.525000,,,,,,,,0.646848,0.664289,-0.259840,-0.269797,-0.009224,0.069740,0.050279,,,,,,,,0.027198,0.071071,0.025077,-0.022321,0.070185,0.019476,-0.032554,0.067971,0.106288
304,2.533333,,,,,,,,0.646819,0.664326,-0.259906,-0.269714,-0.009224,0.069737,0.050279,,,,,,,,0.027197,0.071062,0.025072,-0.022313,0.070170,0.019476,-0.032554,0.067970,0.106288
305,2.541667,,,,,,,,0.646772,0.664382,-0.259928,-0.269667,-0.009227,0.069741,0.050283,,,,,,,,0.027191,0.071082,0.025083,-0.022313,0.070171,0.019478,-0.032563,0.067978,0.106294
306,2.550000,,,,,,,,0.646826,0.664309,-0.259869,-0.269774,-0.009225,0.069734,0.050282,,,,,,,,0.027196,0.071061,0.025077,-0.022320,0.070174,0.019477,-0.032555,0.067965,0.106294
307,2.558333,,,,,,,,0.646731,0.664409,-0.259926,-0.269699,-0.009224,0.069738,0.050281,,,,,,,,0.027191,0.071074,0.025081,-0.022312,0.070169,0.019475,-0.032555,0.067967,0.106291
308,2.566667,,,,,,,,0.646705,0.664431,-0.259926,-0.269707,-0.009224,0.069742,0.050282,,,,,,,,0.027191,0.071089,0.025081,-0.022315,0.070172,0.019477,-0.032550,0.067962,0.106288
309,2.575000,,,,,,,,0.646836,0.664315,-0.259865,-0.269741,-0.009225,0.069744,0.050282,,,,,,,,0.027199,0.071073,0.025080,-0.022317,0.070181,0.019477,-0.032560,0.067980,0.106295
310,2.583333,,,,,,,,0.646806,0.664330,-0.259871,-0.269766,-0.009225,0.069743,0.050280,,,,,,,,0.027193,0.071077,0.025075,-0.022316,0.070181,0.019474,-0.032556,0.067971,0.106293
311,2.591667,,,,,,,,0.646814,0.664324,-0.259879,-0.269755,-0.009223,0.069741,0.050281,,,,,,,,0.027198,0.071071,0.025077,-0.022315,0.070181,0.019480,-0.032553,0.067976,0.106290
312,2.600000,,,,,,,,0.646748,0.664396,-0.259896,-0.269721,-0.009225,0.069738,0.050280,,,,,,,,0.027192,0.071076,0.025080,-0.022312,0.070170,0.019470,-0.032553,0.067962,0.106290
313,2.608333,,,,,,,,0.646766,0.664381,-0.259906,-0.269706,-0.009227,0.069741,0.050284,,,,,,,,0.027189,0.071080,0.025083,-0.022318,0.070181,0.019477,-0.032560,0.067972,0.106295
314,2.616667,,,,,,,,0.646719,0.664429,-0.259982,-0.269626,-0.009222,0.069732,0.050284,,,,,,,,0.027195,0.071072,0.025086,-0.022311,0.070153,0.019474,-0.032552,0.067969,0.106296
315,2.625000,,,,,,,,0.646739,0.664406,-0.259861,-0.269750,-0.009222,0.069735,0.050281,,,,,,,,0.027198,0.071074,0.025082,-0.022313,0.070173,0.019471,-0.032553,0.067953,0.106294
316,2.633333,,,,,,,,0.646695,0.664443,-0.259933,-0.269697,-0.009223,0.069741,0.050278,,,,,,,,0.027195,0.071083,0.025080,-0.022313,0.070169,0.019475,-0.032549,0.067965,0.106282
317,2.641667,,,,,,,,0.646722,0.664403,-0.259888,-0.269772,-0.009228,0.069749,0.050280,,,,,,,,0.027183,0.071092,0.025082,-0.022319,0.070184,0.019468,-0.032550,0.067966,0.106287
318,2.650000,,,,,,,,0.646805,0.664328,-0.259869,-0.269778,-0.009228,0.069753,0.050285,,,,,,,,0.027189,0.071085,0.025083,-0.022322,0.070196,0.019484,-0.032557,0.067984,0.106293
319,2.658333,,,,,,,,0.646733,0.664408,-0.259921,-0.269704,-0.009225,0.069747,0.050283,,,,,,,,0.027188,0.071087,0.025082,-0.022312,0.070176,0.019475,-0.032553,0.067974,0.106292
320,2.666667,,,,,,,,0.646776,0.664371,-0.259850,-0.269759,-0.009225,0.069747,0.050284,,,,,,,,0.027193,0.071086,0.025088,-0.022319,0.070190,0.019479,-0.032556,0.067973,0.106291
321,2.675000,,,,,,,,0.646734,0.664406,-0.259925,-0.269703,-0.009222,0.069739,0.050281,,,,,,,,0.027195,0.071076,0.025082,-0.022313,0.070169,0.019470,-0.032550,0.067966,0.106293
322,2.683333,,,,,,,,0.646753,0.664389,-0.259905,-0.269715,-0.009222,0.069745,0.050282,,,,,,,,0.027192,0.071087,0.025084,-0.022311,0.070179,0.019475,-0.032549,0.067969,0.106288
323,2.691667,,,,,,,,0.646859,0.664289,-0.259897,-0.269717,-0.009222,0.069742,0.050282,,,,,,,,0.027200,0.071066,0.025079,-0.022313,0.070177,0.019477,-0.032556,0.067985,0.106294
324,2.700000,,,,,,,,0.646781,0.664348,-0.259891,-0.269764,-0.009222,0.069743,0.050282,,,,,,,,0.027197,0.071075,0.025079,-0.022316,0.070176,0.019477,-0.032550,0.067970,0.106292
325,2.708333,,,,,,,,0.646793,0.664335,-0.259854,-0.269802,-0.009221,0.069750,0.050285,,,,,,,,0.027198,0.071088,0.025084,-0.022316,0.070192,0.019484,-0.032547,0.067973,0.106294
326,2.716667,,,,,,,,0.646855,0.664285,-0.259876,-0.269758,-0.009222,0.069745,0.050282,,,,,,,,0.027200,0.071068,0.025075,-0.022313,0.070181,0.019481,-0.032554,0.067982,0.106291
327,2.725000,,,,,,,,0.646776,0.664360,-0.259888,-0.269751,-0.009222,0.069747,0.050284,,,,,,,,0.027198,0.071084,0.025082,-0.022318,0.070186,0.019483,-0.032550,0.067975,0.106292
328,2.733333,,,,,,,,0.646788,0.664364,-0.259908,-0.269693,-0.009222,0.069744,0.050283,,,,,,,,0.027198,0.071078,0.025083,-0.022312,0.070172,0.019476,-0.032555,0.067975,0.106292
329,2.741667,,,,,,,,0.646859,0.664283,-0.259846,-0.269781,-0.009225,0.069750,0.050285,,,,,,,,0.027197,0.071077,0.025083,-0.022321,0.070193,0.019483,-0.032555,0.067982,0.106294
330,2.750000,,,,,,,,0.646821,0.664335,-0.259923,-0.269668,-0.009225,0.069745,0.050284,,,,,,,,0.027193,0.071076,0.025081,-0.022310,0.070176,0.019483,-0.032563,0.067989,0.106293
331,2.758333,,,,,,,,0.646801,0.664335,-0.259875,-0.269764,-0.009220,0.069737,0.050283,,,,,,,,0.027203,0.071071,0.025079,-0.022315,0.070176,0.019485,-0.032548,0.067965,0.106290
332,2.766667,,,,,,,,0.646816,0.664335,-0.259903,-0.269700,-0.009221,0.069734,0.050279,,,,,,,,0.027196,0.071064,0.025080,-0.022310,0.070167,0.019474,-0.032554,0.067973,0.106286
333,2.775000,,,,,,,,0.646765,0.664368,-0.259889,-0.269756,-0.009220,0.069731,0.050280,,,,,,,,0.027200,0.071069,0.025075,-0.022312,0.070169,0.019480,-0.032549,0.067956,0.106286
334,2.783333,,,,,,,,0.646780,0.664350,-0.259922,-0.269734,-0.009222,0.069732,0.050282,,,,,,,,0.027194,0.071065,0.025079,-0.022313,0.070162,0.019480,-0.032549,0.067965,0.106288
335,2.791667,,,,,,,,0.646799,0.664322,-0.259838,-0.269837,-0.009224,0.069737,0.050283,,,,,,,,0.027198,0.071070,0.025080,-0.022323,0.070181,0.019482,-0.032548,0.067958,0.106290
336,2.800000,,,,,,,,0.646795,0.664342,-0.259894,-0.269743,-0.009225,0.069736,0.050283,,,,,,,,0.027192,0.071071,0.025082,-0.022316,0.070169,0.019477,-0.032552,0.067968,0.106291
337,2.808333,,,,,,,,0.646885,0.664253,-0.259797,-0.269839,-0.009224,0.069732,0.050284,,,,,,,,0.027197,0.071060,0.025083,-0.022321,0.070180,0.019481,-0.032554,0.067960,0.106294
338,2.816667,,,,,,,,0.646920,0.664228,-0.259873,-0.269744,-0.009218,0.069724,0.050278,,,,,,,,0.027210,0.071043,0.025070,-0.022312,0.070160,0.019475,-0.032553,0.067967,0.106290
339,2.825000,,,,,,,,0.646926,0.664215,-0.259880,-0.269756,-0.009224,0.069727,0.050282,,,,,,,,0.027198,0.071043,0.025077,-0.022317,0.070164,0.019475,-0.032555,0.067973,0.106295
340,2.833333,,,,,,,,0.646849,0.664292,-0.259862,-0.269769,-0.009225,0.069731,0.050283,,,,,,,,0.027193,0.071059,0.025085,-0.022317,0.070169,0.019479,-0.032554,0.067969,0.106291
341,2.841667,,,,,,,,0.646790,0.664335,-0.259826,-0.269836,-0.009224,0.069726,0.050279,,,,,,,,0.027199,0.071059,0.025078,-0.022325,0.070172,0.019476,-0.032549,0.067944,0.106286
342,2.850000,,,,,,,,0.646712,0.664434,-0.259988,-0.269624,-0.009224,0.069731,0.050280,,,,,,,,0.027193,0.071072,0.025080,-0.022312,0.070156,0.019475,-0.032556,0.067968,0.106291
343,2.858333,,,,,,,,0.646696,0.664433,-0.259908,-0.269742,-0.009221,0.069726,0.050277,,,,,,,,0.027197,0.071073,0.025079,-0.022315,0.070159,0.019471,-0.032546,0.067947,0.106284
344,2.866667,,,,,,,,0.646803,0.664315,-0.259825,-0.269859,-0.009225,0.069727,0.050280,,,,,,,,0.027193,0.071062,0.025076,-0.022324,0.070173,0.019478,-0.032549,0.067948,0.106289
345,2.875000,,,,,,,,0.646790,0.664359,-0.259865,-0.269742,-0.009224,0.069725,0.050278,,,,,,,,0.027196,0.071058,0.025079,-0.022314,0.070163,0.019473,-0.032555,0.067954,0.106284
346,2.883333,,,,,,,,0.646682,0.664448,-0.259958,-0.269689,-0.009226,0.069726,0.050279,,,,,,,,0.027187,0.071072,0.025080,-0.022316,0.070154,0.019475,-0.032550,0.067948,0.106285
347,2.891667,,,,,,,,0.646821,0.664332,-0.259880,-0.269716,-0.009227,0.069729,0.050280,,,,,,,,0.027192,0.071063,0.025080,-0.022317,0.070164,0.019477,-0.032560,0.067963,0.106286
348,2.900000,,,,,,,,0.646922,0.664233,-0.259826,-0.269772,-0.009225,0.069725,0.050280,,,,,,,,0.027198,0.071045,0.025080,-0.022316,0.070166,0.019474,-0.032558,0.067962,0.106289
349,2.908333,,,,,,,,0.646908,0.664244,-0.259879,-0.269729,-0.009228,0.069727,0.050279,,,,,,,,0.027196,0.071045,0.025073,-0.022319,0.070162,0.019477,-0.032564,0.067972,0.106291
350,2.916667,,,,,,,,0.646802,0.664342,-0.259870,-0.269750,-0.009226,0.069731,0.050279,,,,,,,,0.027198,0.071063,0.025074,-0.022318,0.070167,0.019479,-0.032558,0.067960,0.106286
351,2.925000,,,,,,,,0.646790,0.664338,-0.259873,-0.269785,-0.009228,0.069731,0.050279,,,,,,,,0.027187,0.071068,0.025076,-0.022320,0.070169,0.019479,-0.032554,0.067958,0.106287
352,2.933333,,,,,,,,0.646911,0.664240,-0.259774,-0.269831,-0.009225,0.069725,0.050277,,,,,,,,0.027200,0.071048,0.025075,-0.022319,0.070170,0.019475,-0.032558,0.067956,0.106283
353,2.941667,,,,,,,,0.646930,0.664221,-0.259775,-0.269832,-0.009226,0.069724,0.050278,,,,,,,,0.027204,0.071043,0.025072,-0.022323,0.070169,0.019476,-0.032561,0.067956,0.106288
354,2.950000,,,,,,,,0.646894,0.664261,-0.259831,-0.269767,-0.009227,0.069729,0.050279,,,,,,,,0.027198,0.071054,0.025074,-0.022320,0.070171,0.019474,-0.032564,0.067966,0.106293
355,2.958333,,,,,,,,0.646893,0.664275,-0.259873,-0.269693,-0.009224,0.069726,0.050279,,,,,,,,0.027205,0.071049,0.025072,-0.022314,0.070162,0.019473,-0.032564,0.067967,0.106292
356,2.966667,,,,,,,,0.646849,0.664310,-0.259964,-0.269626,-0.009227,0.069725,0.050279,,,,,,,,0.027196,0.071051,0.025076,-0.022315,0.070149,0.019472,-0.032564,0.067974,0.106293
357,2.975000,,,,,,,,0.646901,0.664230,-0.259802,-0.269853,-0.009228,0.069729,0.050278,,,,,,,,0.027195,0.071052,0.025073,-0.022323,0.070175,0.019482,-0.032558,0.067961,0.106285
358,2.983333,,,,,,,,0.646857,0.664277,-0.259844,-0.269801,-0.009226,0.069729,0.050274,,,,,,,,0.027198,0.071054,0.025067,-0.022320,0.070171,0.019469,-0.032556,0.067961,0.106286
359,2.991667,,,,,,,,0.646744,0.664396,-0.259912,-0.269714,-0.009230,0.069733,0.050279,,,,,,,,0.027188,0.071072,0.025078,-0.022321,0.070164,0.019475,-0.032560,0.067961,0.106287
360,3.000000,,,,,,,,0.646823,0.664309,-0.259796,-0.269850,-0.009232,0.069738,0.050279,,,,,,,,0.027189,0.071073,0.025078,-0.022328,0.070184,0.019480,-0.032559,0.067960,0.106283
361,3.008333,,,,,,,,0.646914,0.664232,-0.259784,-0.269835,-0.009228,0.069730,0.050278,,,,,,,,0.027196,0.071049,0.025071,-0.022320,0.070176,0.019475,-0.032562,0.067961,0.106290
362,3.016667,,,,,,,,0.646793,0.664371,-0.259917,-0.269653,-0.009231,0.069737,0.050280,,,,,,,,0.027190,0.071073,0.025084,-0.022321,0.070167,0.019473,-0.032566,0.067973,0.106288
363,3.025000,,,,,,,,0.646897,0.664249,-0.259877,-0.269746,-0.009227,0.069733,0.050279,,,,,,,,0.027197,0.071053,0.025073,-0.022320,0.070168,0.019472,-0.032559,0.067973,0.106292
364,3.033333,,,,,,,,0.646897,0.664247,-0.259837,-0.269788,-0.009229,0.069741,0.050281,,,,,,,,0.027198,0.071063,0.025074,-0.022326,0.070182,0.019478,-0.032564,0.067980,0.106294
365,3.041667,,,,,,,,0.646790,0.664340,-0.259844,-0.269807,-0.009226,0.069734,0.050281,,,,,,,,0.027195,0.071069,0.025076,-0.022321,0.070175,0.019480,-0.032555,0.067957,0.106289
366,3.050000,,,,,,,,0.646778,0.664357,-0.259886,-0.269753,-0.009227,0.069738,0.050282,,,,,,,,0.027192,0.071074,0.025077,-0.022317,0.070174,0.019478,-0.032558,0.067966,0.106294
367,3.058333,,,,,,,,0.646809,0.664314,-0.259851,-0.269818,-0.009229,0.069740,0.050281,,,,,,,,0.027187,0.071073,0.025079,-0.022324,0.070182,0.019480,-0.032553,0.067966,0.106288
368,3.066667,,,,,,,,0.646813,0.664344,-0.259879,-0.269710,-0.009225,0.069734,0.050283,,,,,,,,0.027196,0.071066,0.025077,-0.022312,0.070169,0.019477,-0.032562,0.067965,0.106296
369,3.075000,,,,,,,,0.646852,0.664303,-0.259923,-0.269673,-0.009230,0.069745,0.050287,,,,,,,,0.027187,0.071070,0.025083,-0.022315,0.070175,0.019482,-0.032566,0.067989,0.106299
370,3.083333,,,,,,,,0.646804,0.664330,-0.259872,-0.269770,-0.009231,0.069752,0.050286,,,,,,,,0.027187,0.071085,0.025085,-0.022325,0.070191,0.019479,-0.032559,0.067983,0.106297
371,3.091667,,,,,,,,0.646764,0.664378,-0.259874,-0.269749,-0.009230,0.069748,0.050283,,,,,,,,0.027189,0.071087,0.025086,-0.022323,0.070184,0.019478,-0.032558,0.067972,0.106290
372,3.100000,,,,,,,,0.646858,0.664280,-0.259870,-0.269768,-0.009231,0.069749,0.050282,,,,,,,,0.027192,0.071075,0.025075,-0.022326,0.070189,0.019482,-0.032563,0.067984,0.106291
373,3.108333,,,,,,,,0.646768,0.664377,-0.259993,-0.269625,-0.009231,0.069748,0.050288,,,,,,,,0.027184,0.071082,0.025087,-0.022319,0.070173,0.019482,-0.032562,0.067990,0.106299
374,3.116667,,,,,,,,0.646790,0.664343,-0.259891,-0.269755,-0.009227,0.069742,0.050285,,,,,,,,0.027192,0.071075,0.025082,-0.022320,0.070178,0.019479,-0.032555,0.067971,0.106295
375,3.125000,,,,,,,,0.646755,0.664380,-0.259907,-0.269732,-0.009232,0.069741,0.050284,,,,,,,,0.027181,0.071079,0.025082,-0.022319,0.070175,0.019481,-0.032560,0.067969,0.106292
376,3.133333,,,,,,,,0.646792,0.664340,-0.259864,-0.269784,-0.009232,0.069744,0.050286,,,,,,,,0.027189,0.071078,0.025083,-0.022327,0.070183,0.019483,-0.032559,0.067970,0.106294
377,3.141667,,,,,,,,0.646753,0.664391,-0.259932,-0.269686,-0.009233,0.069746,0.050285,,,,,,,,0.027185,0.071085,0.025080,-0.022322,0.070177,0.019481,-0.032566,0.067977,0.106297
378,3.150000,,,,,,,,0.646839,0.664304,-0.259902,-0.269724,-0.009229,0.069741,0.050283,,,,,,,,0.027194,0.071069,0.025076,-0.022322,0.070176,0.019478,-0.032563,0.067978,0.106298
379,3.158333,,,,,,,,0.646818,0.664331,-0.259914,-0.269697,-0.009232,0.069745,0.050284,,,,,,,,0.027185,0.071075,0.025082,-0.022319,0.070177,0.019478,-0.032565,0.067983,0.106296
380,3.166667,,,,,,,,0.646774,0.664349,-0.259846,-0.269822,-0.009230,0.069744,0.050282,,,,,,,,0.027186,0.071081,0.025081,-0.022323,0.070187,0.019481,-0.032554,0.067966,0.106287
381,3.175000,,,,,,,,0.646760,0.664367,-0.259898,-0.269763,-0.009230,0.069743,0.050285,,,,,,,,0.027183,0.071080,0.025084,-0.022320,0.070180,0.019479,-0.032555,0.067970,0.106296
382,3.183333,,,,,,,,0.646746,0.664385,-0.259896,-0.269753,-0.009233,0.069745,0.050284,,,,,,,,0.027179,0.071084,0.025079,-0.022321,0.070181,0.019479,-0.032562,0.067970,0.106297
383,3.191667,,,,,,,,0.646802,0.664348,-0.259822,-0.269780,-0.009232,0.069748,0.050283,,,,,,,,0.027185,0.071082,0.025079,-0.022318,0.070189,0.019483,-0.032567,0.067972,0.106292
384,3.200000,,,,,,,,0.646742,0.664385,-0.259911,-0.269748,-0.009229,0.069743,0.050279,,,,,,,,0.027185,0.071083,0.025074,-0.022319,0.070178,0.019477,-0.032556,0.067968,0.106287
385,3.208333,,,,,,,,0.646823,0.664318,-0.259914,-0.269715,-0.009227,0.069741,0.050280,,,,,,,,0.027190,0.071070,0.025076,-0.022315,0.070174,0.019474,-0.032558,0.067978,0.106292
386,3.216667,,,,,,,,0.646802,0.664328,-0.259909,-0.269746,-0.009227,0.069741,0.050281,,,,,,,,0.027189,0.071074,0.025076,-0.022318,0.070177,0.019477,-0.032556,0.067975,0.106292
387,3.225000,,,,,,,,0.646775,0.664370,-0.259898,-0.269719,-0.009226,0.069729,0.050280,,,,,,,,0.027186,0.071064,0.025079,-0.022310,0.070164,0.019475,-0.032556,0.067959,0.106289
388,3.233333,,,,,,,,0.646720,0.664413,-0.259943,-0.269702,-0.009223,0.069735,0.050282,,,,,,,,0.027191,0.071077,0.025081,-0.022313,0.070167,0.019476,-0.032550,0.067963,0.106292
389,3.241667,,,,,,,,0.646794,0.664339,-0.259913,-0.269734,-0.009223,0.069726,0.050279,,,,,,,,0.027192,0.071059,0.025076,-0.022311,0.070160,0.019474,-0.032551,0.067958,0.106291
390,3.250000,,,,,,,,0.646857,0.664291,-0.259906,-0.269709,-0.009222,0.069727,0.050277,,,,,,,,0.027198,0.071052,0.025070,-0.022309,0.070160,0.019476,-0.032556,0.067968,0.106287
391,3.258333,,,,,,,,0.646745,0.664380,-0.259894,-0.269770,-0.009226,0.069732,0.050280,,,,,,,,0.027193,0.071072,0.025077,-0.022320,0.070169,0.019482,-0.032552,0.067956,0.106285
392,3.266667,,,,,,,,0.646782,0.664346,-0.259888,-0.269772,-0.009223,0.069728,0.050274,,,,,,,,0.027195,0.071062,0.025070,-0.022316,0.070165,0.019472,-0.032550,0.067956,0.106282
393,3.275000,,,,,,,,0.646750,0.664374,-0.259816,-0.269847,-0.009225,0.069732,0.050277,,,,,,,,0.027193,0.071072,0.025073,-0.022319,0.070176,0.019478,-0.032551,0.067947,0.106283
394,3.283333,,,,,,,,0.646776,0.664357,-0.259844,-0.269801,-0.009224,0.069734,0.050279,,,,,,,,0.027194,0.071071,0.025077,-0.022316,0.070175,0.019477,-0.032552,0.067956,0.106285
395,3.291667,,,,,,,,0.646840,0.664286,-0.259802,-0.269861,-0.009229,0.069739,0.050281,,,,,,,,0.027190,0.071069,0.025077,-0.022323,0.070185,0.019481,-0.032556,0.067963,0.106289
396,3.300000,,,,,,,,0.646771,0.664355,-0.259908,-0.269755,-0.009231,0.069740,0.050283,,,,,,,,0.027186,0.071075,0.025079,-0.022324,0.070175,0.019482,-0.032558,0.067969,0.106292
397,3.308333,,,,,,,,0.646793,0.664351,-0.259783,-0.269831,-0.009232,0.069744,0.050281,,,,,,,,0.027188,0.071081,0.025083,-0.022325,0.070189,0.019481,-0.032561,0.067961,0.106283
398,3.316667,,,,,,,,0.646932,0.664205,-0.259788,-0.269852,-0.009229,0.069739,0.050280,,,,,,,,0.027196,0.071058,0.025075,-0.022326,0.070185,0.019478,-0.032561,0.067973,0.106292
399,3.325000,,,,,,,,0.646761,0.664384,-0.259920,-0.269697,-0.009226,0.069733,0.050277,,,,,,,,0.027192,0.071069,0.025077,-0.022317,0.070164,0.019475,-0.032556,0.067963,0.106284
400,3.333333,,,,,,,,0.646845,0.664292,-0.259831,-0.269807,-0.009229,0.069739,0.050281,,,,,,,,0.027194,0.071067,0.025076,-0.022323,0.070180,0.019481,-0.032560,0.067968,0.106289
401,3.341667,,,,,,,,0.646728,0.664402,-0.259953,-0.269697,-0.009230,0.069742,0.050285,,,,,,,,0.027183,0.071081,0.025084,-0.022319,0.070172,0.019484,-0.032556,0.067971,0.106291
402,3.350000,,,,,,,,0.646820,0.664310,-0.259855,-0.269799,-0.009233,0.069748,0.050284,,,,,,,,0.027184,0.071078,0.025082,-0.022326,0.070188,0.019481,-0.032559,0.067976,0.106290
403,3.358333,,,,,,,,0.646730,0.664403,-0.259885,-0.269757,-0.009235,0.069752,0.050286,,,,,,,,0.027179,0.071093,0.025087,-0.022325,0.070189,0.019484,-0.032561,0.067974,0.106291
404,3.366667,,,,,,,,0.646683,0.664448,-0.259944,-0.269701,-0.009233,0.069745,0.050284,,,,,,,,0.027178,0.071090,0.025083,-0.022320,0.070175,0.019485,-0.032559,0.067968,0.106287
405,3.375000,,,,,,,,0.646737,0.664395,-0.259871,-0.269772,-0.009235,0.069745,0.050286,,,,,,,,0.027176,0.071085,0.025087,-0.022322,0.070183,0.019482,-0.032561,0.067966,0.106294
406,3.383333,,,,,,,,0.646701,0.664431,-0.259909,-0.269735,-0.009231,0.069743,0.050285,,,,,,,,0.027176,0.071086,0.025087,-0.022316,0.070177,0.019483,-0.032555,0.067964,0.106287
407,3.391667,,,,,,,,0.646747,0.664403,-0.259889,-0.269712,-0.009231,0.069748,0.050285,,,,,,,,0.027184,0.071087,0.025089,-0.022319,0.070182,0.019482,-0.032560,0.067974,0.106287
408,3.400000,,,,,,,,0.646704,0.664439,-0.259943,-0.269675,-0.009234,0.069755,0.050283,,,,,,,,0.027177,0.071098,0.025082,-0.022319,0.070185,0.019481,-0.032563,0.067982,0.106288
