Format Version,1.22,Take Name,Calib Diabolo Bluewhite 2020-05-25_004,Capture Frame Rate,120.000000,Export Frame Rate,120.000000,Capture Start Time,16 Jan 1970 03:41:52 +0900,Total Frames in Take,323,Total Exported Frames,323,Rotation Type,Quaternion,Length Units,Meters,Coordinate Space,Global

,,Rigid Body,Rigid Body,Rigid Body,Rigid Body,Rigid Body,Rigid Body,Rigid Body,Marker,Marker,Marker,Marker,Marker,Marker,Marker,Marker,Marker
,,diabolo_bluewhite,diabolo_bluewhite,diabolo_bluewhite,diabolo_bluewhite,diabolo_bluewhite,diabolo_bluewhite,diabolo_bluewhite,diabolo_bluewhite:Marker1,diabolo_bluewhite:Marker1,diabolo_bluewhite:Marker1,diabolo_bluewhite:Marker2,diabolo_bluewhite:Marker2,diabolo_bluewhite:Marker2,diabolo_bluewhite:Marker3,diabolo_bluewhite:Marker3,diabolo_bluewhite:Marker3
,,"E770B9D79E8C11EAC8808BD7B5C0AD81","E770B9D79E8C11EAC8808BD7B5C0AD81","E770B9D79E8C11EAC8808BD7B5C0AD81","E770B9D79E8C11EAC8808BD7B5C0AD81","E770B9D79E8C11EAC8808BD7B5C0AD81","E770B9D79E8C11EAC8808BD7B5C0AD81","E770B9D79E8C11EAC8808BD7B5C0AD81","C5730","C5730","C5730","C4FA0","C4FA0","C4FA0","C5740","C5740","C5740"
,,Rotation,Rotation,Rotation,Rotation,Position,Position,Position,Position,Position,Position,Position,Position,Position,Position,Position,Position
Frame,Time (Seconds),X,Y,Z,W,X,Y,Z,X,Y,Z,X,Y,Z,X,Y,Z
0,0.000000,0.014326,0.963880,0.017553,-0.265371,0.002309,0.057865,0.040769,-0.011035,0.058024,0.017134,0.002460,0.057378,0.083871,0.015501,0.058192,0.021301
1,0.008333,0.014708,0.963863,0.017749,-0.265399,0.002319,0.057851,0.040765,-0.011030,0.058026,0.017136,0.002472,0.057356,0.083863,0.015515,0.058171,0.021297
2,0.016667,0.014411,0.963878,0.017571,-0.265372,0.002325,0.057847,0.040762,-0.011019,0.058009,0.017129,0.002476,0.057361,0.083863,0.015519,0.058172,0.021294
3,0.025000,0.014740,0.963867,0.017658,-0.265387,0.002343,0.057832,0.040761,-0.011003,0.058002,0.017133,0.002493,0.057346,0.083864,0.015539,0.058148,0.021287
4,0.033333,0.014241,0.963905,0.017328,-0.265300,0.002353,0.057816,0.040757,-0.010986,0.057962,0.017124,0.002496,0.057346,0.083861,0.015550,0.058140,0.021286
5,0.041667,0.014479,0.963873,0.017604,-0.265385,0.002365,0.057813,0.040756,-0.010983,0.057977,0.017124,0.002517,0.057325,0.083858,0.015562,0.058136,0.021286
6,0.050000,0.014909,0.963857,0.017788,-0.265408,0.002368,0.057812,0.040756,-0.010986,0.057992,0.017125,0.002522,0.057319,0.083855,0.015569,0.058126,0.021287
7,0.058333,0.015015,0.963858,0.017809,-0.265396,0.002366,0.057819,0.040759,-0.010994,0.058001,0.017131,0.002516,0.057326,0.083859,0.015575,0.058130,0.021287
8,0.066667,0.014711,0.963876,0.017625,-0.265362,0.002358,0.057830,0.040763,-0.010995,0.057998,0.017133,0.002506,0.057346,0.083864,0.015562,0.058146,0.021293
9,0.075000,0.015005,0.963867,0.017608,-0.265377,0.002354,0.057832,0.040766,-0.011005,0.058003,0.017135,0.002503,0.057356,0.083873,0.015564,0.058136,0.021291
10,0.083333,0.015206,0.963869,0.017648,-0.265358,0.002342,0.057848,0.040770,-0.011016,0.058024,0.017142,0.002489,0.057373,0.083874,0.015553,0.058147,0.021296
11,0.091667,0.015030,0.963854,0.017744,-0.265416,0.002338,0.057851,0.040770,-0.011017,0.058030,0.017142,0.002492,0.057364,0.083871,0.015540,0.058160,0.021299
12,0.100000,0.014975,0.963860,0.017728,-0.265398,0.002332,0.057853,0.040771,-0.011025,0.058031,0.017138,0.002484,0.057367,0.083875,0.015537,0.058163,0.021299
13,0.108333,0.015138,0.963834,0.017851,-0.265472,0.002324,0.057864,0.040771,-0.011040,0.058051,0.017144,0.002482,0.057371,0.083872,0.015529,0.058172,0.021296
14,0.116667,0.015064,0.963846,0.017883,-0.265433,0.002324,0.057860,0.040774,-0.011033,0.058046,0.017142,0.002479,0.057361,0.083879,0.015525,0.058171,0.021301
15,0.125000,0.015203,0.963857,0.017769,-0.265392,0.002318,0.057864,0.040774,-0.011037,0.058046,0.017145,0.002468,0.057380,0.083877,0.015522,0.058167,0.021300
16,0.133333,0.015062,0.963849,0.017766,-0.265430,0.002319,0.057856,0.040769,-0.011038,0.058036,0.017138,0.002474,0.057367,0.083872,0.015521,0.058164,0.021296
17,0.141667,0.014892,0.963837,0.017843,-0.265477,0.002315,0.057855,0.040769,-0.011041,0.058037,0.017141,0.002475,0.057356,0.083872,0.015512,0.058172,0.021295
18,0.150000,0.014855,0.963858,0.017798,-0.265405,0.002314,0.057852,0.040770,-0.011041,0.058031,0.017140,0.002465,0.057357,0.083872,0.015516,0.058168,0.021297
19,0.158333,0.014730,0.963859,0.017786,-0.265409,0.002314,0.057852,0.040770,-0.011039,0.058029,0.017140,0.002467,0.057355,0.083870,0.015513,0.058173,0.021300
20,0.166667,0.015160,0.963848,0.017823,-0.265424,0.002313,0.057852,0.040768,-0.011046,0.058037,0.017137,0.002468,0.057361,0.083871,0.015517,0.058157,0.021295
21,0.175000,0.015075,0.963856,0.017802,-0.265401,0.002314,0.057850,0.040768,-0.011040,0.058032,0.017139,0.002465,0.057359,0.083872,0.015517,0.058159,0.021293
22,0.183333,0.014784,0.963835,0.017917,-0.265484,0.002313,0.057850,0.040770,-0.011045,0.058035,0.017142,0.002473,0.057342,0.083870,0.015510,0.058174,0.021298
23,0.191667,0.014669,0.963871,0.017679,-0.265378,0.002310,0.057856,0.040771,-0.011044,0.058025,0.017140,0.002458,0.057368,0.083874,0.015515,0.058175,0.021297
24,0.200000,0.014922,0.963853,0.017761,-0.265422,0.002314,0.057851,0.040764,-0.011040,0.058029,0.017136,0.002468,0.057359,0.083866,0.015516,0.058163,0.021288
25,0.208333,0.014776,0.963857,0.017772,-0.265417,0.002312,0.057855,0.040765,-0.011043,0.058032,0.017133,0.002466,0.057360,0.083868,0.015513,0.058174,0.021293
26,0.216667,0.014819,0.963853,0.017826,-0.265425,0.002312,0.057859,0.040771,-0.011041,0.058040,0.017143,0.002467,0.057361,0.083868,0.015510,0.058178,0.021303
27,0.225000,0.014761,0.963867,0.017731,-0.265384,0.002312,0.057853,0.040770,-0.011036,0.058026,0.017140,0.002462,0.057361,0.083870,0.015508,0.058170,0.021300
28,0.233333,0.014961,0.963838,0.018016,-0.265458,0.002315,0.057844,0.040768,-0.011044,0.058037,0.017140,0.002473,0.057330,0.083868,0.015518,0.058162,0.021295
29,0.241667,0.014594,0.963846,0.017779,-0.265465,0.002319,0.057844,0.040766,-0.011035,0.058017,0.017133,0.002480,0.057345,0.083864,0.015513,0.058169,0.021299
30,0.250000,0.014904,0.963848,0.017809,-0.265438,0.002314,0.057851,0.040765,-0.011040,0.058033,0.017132,0.002470,0.057357,0.083869,0.015510,0.058165,0.021294
31,0.258333,0.014661,0.963861,0.017770,-0.265407,0.002310,0.057859,0.040769,-0.011044,0.058034,0.017141,0.002462,0.057362,0.083867,0.015512,0.058183,0.021301
32,0.266667,0.014824,0.963874,0.017638,-0.265362,0.002317,0.057849,0.040767,-0.011031,0.058018,0.017138,0.002465,0.057367,0.083871,0.015521,0.058159,0.021291
33,0.275000,0.014816,0.963855,0.017717,-0.265425,0.002317,0.057849,0.040764,-0.011040,0.058024,0.017136,0.002472,0.057358,0.083863,0.015519,0.058164,0.021292
34,0.283333,0.014710,0.963863,0.017705,-0.265401,0.002318,0.057853,0.040766,-0.011033,0.058025,0.017137,0.002469,0.057362,0.083868,0.015518,0.058172,0.021294
35,0.291667,0.014735,0.963865,0.017727,-0.265394,0.002321,0.057841,0.040769,-0.011033,0.058013,0.017138,0.002473,0.057347,0.083873,0.015525,0.058158,0.021296
36,0.300000,0.014822,0.963845,0.017858,-0.265451,0.002320,0.057845,0.040767,-0.011038,0.058029,0.017134,0.002478,0.057344,0.083871,0.015519,0.058165,0.021295
37,0.308333,0.014900,0.963884,0.017609,-0.265323,0.002326,0.057837,0.040766,-0.011023,0.058004,0.017133,0.002470,0.057360,0.083873,0.015534,0.058143,0.021292
38,0.316667,0.015114,0.963846,0.017799,-0.265435,0.002318,0.057846,0.040769,-0.011043,0.058032,0.017143,0.002472,0.057356,0.083872,0.015521,0.058155,0.021293
39,0.325000,0.014712,0.963849,0.017694,-0.265453,0.002320,0.057852,0.040770,-0.011038,0.058023,0.017139,0.002477,0.057363,0.083874,0.015521,0.058173,0.021299
40,0.333333,0.014755,0.963860,0.017695,-0.265412,0.002323,0.057852,0.040767,-0.011032,0.058025,0.017137,0.002476,0.057363,0.083869,0.015527,0.058168,0.021294
41,0.341667,0.014508,0.963866,0.017584,-0.265413,0.002323,0.057845,0.040769,-0.011025,0.058006,0.017137,0.002477,0.057359,0.083872,0.015515,0.058167,0.021300
42,0.350000,0.015100,0.963851,0.017842,-0.265415,0.002322,0.057848,0.040770,-0.011040,0.058037,0.017140,0.002475,0.057354,0.083872,0.015530,0.058155,0.021297
43,0.358333,0.014848,0.963865,0.017709,-0.265389,0.002328,0.057843,0.040770,-0.011021,0.058014,0.017139,0.002480,0.057355,0.083872,0.015528,0.058156,0.021299
44,0.366667,0.015127,0.963857,0.017719,-0.265401,0.002323,0.057852,0.040771,-0.011035,0.058034,0.017144,0.002473,0.057372,0.083873,0.015528,0.058156,0.021295
45,0.375000,0.014744,0.963858,0.017686,-0.265419,0.002326,0.057849,0.040769,-0.011029,0.058019,0.017140,0.002480,0.057359,0.083868,0.015527,0.058167,0.021299
46,0.383333,0.014660,0.963868,0.017629,-0.265394,0.002323,0.057857,0.040768,-0.011028,0.058026,0.017135,0.002475,0.057373,0.083868,0.015521,0.058176,0.021300
47,0.391667,0.014981,0.963850,0.017818,-0.265426,0.002318,0.057869,0.040772,-0.011037,0.058055,0.017147,0.002472,0.057375,0.083870,0.015517,0.058182,0.021301
48,0.400000,0.014768,0.963861,0.017677,-0.265409,0.002321,0.057863,0.040772,-0.011030,0.058031,0.017139,0.002475,0.057375,0.083875,0.015519,0.058178,0.021302
49,0.408333,0.014810,0.963855,0.017777,-0.265420,0.002320,0.057866,0.040772,-0.011035,0.058045,0.017144,0.002473,0.057370,0.083872,0.015520,0.058184,0.021301
50,0.416667,0.014695,0.963850,0.017803,-0.265443,0.002317,0.057865,0.040772,-0.011038,0.058042,0.017142,0.002473,0.057365,0.083869,0.015514,0.058188,0.021303
51,0.425000,0.014570,0.963848,0.017799,-0.265459,0.002316,0.057866,0.040775,-0.011037,0.058042,0.017144,0.002476,0.057364,0.083872,0.015510,0.058194,0.021310
52,0.433333,0.014339,0.963876,0.017490,-0.265388,0.002321,0.057859,0.040773,-0.011026,0.058010,0.017137,0.002474,0.057380,0.083878,0.015520,0.058182,0.021304
53,0.441667,0.014728,0.963857,0.017729,-0.265421,0.002321,0.057858,0.040770,-0.011033,0.058036,0.017143,0.002475,0.057362,0.083868,0.015519,0.058175,0.021297
54,0.450000,0.014680,0.963842,0.017817,-0.265474,0.002322,0.057856,0.040772,-0.011033,0.058034,0.017144,0.002483,0.057354,0.083869,0.015518,0.058180,0.021304
55,0.458333,0.014532,0.963854,0.017721,-0.265443,0.002319,0.057859,0.040771,-0.011034,0.058030,0.017139,0.002475,0.057365,0.083869,0.015515,0.058186,0.021303
56,0.466667,0.014758,0.963854,0.017841,-0.265424,0.002319,0.057864,0.040771,-0.011036,0.058048,0.017142,0.002474,0.057363,0.083869,0.015520,0.058185,0.021302
57,0.475000,0.014500,0.963853,0.017730,-0.265449,0.002320,0.057858,0.040772,-0.011030,0.058024,0.017137,0.002480,0.057359,0.083874,0.015512,0.058184,0.021304
58,0.483333,0.014997,0.963846,0.017790,-0.265441,0.002319,0.057863,0.040771,-0.011038,0.058048,0.017142,0.002474,0.057374,0.083871,0.015519,0.058171,0.021298
59,0.491667,0.014931,0.963851,0.017779,-0.265427,0.002318,0.057859,0.040772,-0.011037,0.058036,0.017144,0.002472,0.057365,0.083873,0.015520,0.058172,0.021300
60,0.500000,0.014796,0.963862,0.017723,-0.265398,0.002319,0.057856,0.040771,-0.011031,0.058029,0.017140,0.002471,0.057365,0.083873,0.015518,0.058172,0.021298
61,0.508333,0.014696,0.963865,0.017666,-0.265397,0.002318,0.057855,0.040772,-0.011032,0.058024,0.017140,0.002471,0.057367,0.083876,0.015517,0.058172,0.021300
62,0.516667,0.014544,0.963860,0.017714,-0.265422,0.002323,0.057845,0.040767,-0.011026,0.058014,0.017135,0.002479,0.057346,0.083865,0.015520,0.058170,0.021296
63,0.525000,0.014730,0.963853,0.017768,-0.265433,0.002323,0.057846,0.040769,-0.011033,0.058024,0.017142,0.002477,0.057351,0.083870,0.015524,0.058165,0.021298
64,0.533333,0.014589,0.963861,0.017665,-0.265420,0.002322,0.057850,0.040768,-0.011031,0.058017,0.017140,0.002475,0.057361,0.083868,0.015521,0.058173,0.021296
65,0.541667,0.014526,0.963872,0.017610,-0.265388,0.002324,0.057846,0.040767,-0.011025,0.058010,0.017134,0.002476,0.057359,0.083866,0.015522,0.058167,0.021300
66,0.550000,0.014572,0.963867,0.017654,-0.265399,0.002321,0.057847,0.040768,-0.011029,0.058016,0.017138,0.002473,0.057357,0.083869,0.015517,0.058169,0.021296
67,0.558333,0.014949,0.963869,0.017707,-0.265368,0.002321,0.057849,0.040770,-0.011032,0.058027,0.017143,0.002468,0.057365,0.083876,0.015529,0.058157,0.021293
68,0.566667,0.014650,0.963876,0.017563,-0.265368,0.002318,0.057851,0.040771,-0.011033,0.058013,0.017140,0.002466,0.057373,0.083875,0.015519,0.058171,0.021298
69,0.575000,0.014465,0.963875,0.017565,-0.265381,0.002321,0.057846,0.040770,-0.011027,0.058006,0.017133,0.002475,0.057358,0.083873,0.015518,0.058168,0.021302
70,0.583333,0.014687,0.963856,0.017762,-0.265426,0.002326,0.057840,0.040767,-0.011027,0.058018,0.017135,0.002484,0.057340,0.083867,0.015525,0.058159,0.021296
71,0.591667,0.014683,0.963867,0.017738,-0.265388,0.002326,0.057835,0.040767,-0.011024,0.058007,0.017134,0.002477,0.057341,0.083869,0.015526,0.058155,0.021298
72,0.600000,0.014538,0.963873,0.017668,-0.265377,0.002328,0.057839,0.040764,-0.011018,0.058007,0.017133,0.002480,0.057349,0.083862,0.015526,0.058165,0.021295
73,0.608333,0.014696,0.963852,0.017779,-0.265437,0.002323,0.057850,0.040767,-0.011035,0.058032,0.017144,0.002478,0.057354,0.083865,0.015523,0.058173,0.021296
74,0.616667,0.014855,0.963846,0.017895,-0.265442,0.002322,0.057846,0.040768,-0.011032,0.058030,0.017144,0.002477,0.057339,0.083863,0.015522,0.058163,0.021296
75,0.625000,0.015022,0.963844,0.017915,-0.265438,0.002324,0.057845,0.040769,-0.011030,0.058034,0.017142,0.002480,0.057346,0.083869,0.015523,0.058158,0.021298
76,0.633333,0.015024,0.963861,0.017813,-0.265385,0.002324,0.057846,0.040770,-0.011030,0.058027,0.017141,0.002473,0.057356,0.083870,0.015529,0.058156,0.021299
77,0.641667,0.014997,0.963849,0.017789,-0.265430,0.002323,0.057843,0.040772,-0.011034,0.058023,0.017147,0.002477,0.057351,0.083874,0.015524,0.058154,0.021295
78,0.650000,0.014794,0.963853,0.017728,-0.265433,0.002322,0.057845,0.040773,-0.011032,0.058019,0.017143,0.002477,0.057355,0.083874,0.015521,0.058164,0.021303
79,0.658333,0.014670,0.963863,0.017775,-0.265402,0.002323,0.057846,0.040775,-0.011031,0.058022,0.017147,0.002475,0.057346,0.083868,0.015525,0.058169,0.021309
80,0.666667,0.014755,0.963858,0.017804,-0.265410,0.002320,0.057854,0.040774,-0.011036,0.058035,0.017146,0.002472,0.057359,0.083874,0.015520,0.058175,0.021302
81,0.675000,0.014638,0.963867,0.017692,-0.265394,0.002318,0.057859,0.040775,-0.011031,0.058027,0.017145,0.002469,0.057370,0.083876,0.015516,0.058181,0.021305
82,0.683333,0.014936,0.963849,0.017818,-0.265434,0.002315,0.057860,0.040778,-0.011046,0.058046,0.017153,0.002470,0.057363,0.083876,0.015519,0.058171,0.021306
83,0.691667,0.014640,0.963861,0.017724,-0.265411,0.002315,0.057863,0.040779,-0.011035,0.058032,0.017148,0.002467,0.057371,0.083879,0.015513,0.058189,0.021309
84,0.700000,0.014895,0.963859,0.017797,-0.265401,0.002314,0.057866,0.040782,-0.011046,0.058050,0.017157,0.002465,0.057372,0.083879,0.015523,0.058178,0.021312
85,0.708333,0.014863,0.963856,0.017781,-0.265413,0.002312,0.057874,0.040782,-0.011046,0.058053,0.017157,0.002463,0.057384,0.083879,0.015515,0.058194,0.021310
86,0.716667,0.014597,0.963886,0.017598,-0.265332,0.002310,0.057873,0.040782,-0.011038,0.058033,0.017144,0.002454,0.057390,0.083888,0.015514,0.058192,0.021312
87,0.725000,,,,,,,,-0.011040,0.058042,0.017146,0.002461,0.057376,0.083880,0.015512,0.058195,0.021314
88,0.733333,0.014738,0.963879,0.017540,-0.265354,0.002306,0.057878,0.040785,-0.011046,0.058043,0.017155,0.002453,0.057403,0.083886,0.015508,0.058190,0.021314
89,0.741667,0.015046,0.963868,0.017624,-0.265370,0.002302,0.057888,0.040788,-0.011057,0.058067,0.017161,0.002449,0.057415,0.083894,0.015512,0.058193,0.021313
90,0.750000,0.015036,0.963868,0.017728,-0.265365,0.002303,0.057887,0.040787,-0.011049,0.058065,0.017155,0.002453,0.057397,0.083886,0.015509,0.058196,0.021315
91,0.758333,0.015321,0.963847,0.017865,-0.265414,0.002305,0.057881,0.040784,-0.011057,0.058072,0.017159,0.002457,0.057388,0.083888,0.015514,0.058177,0.021303
92,0.766667,0.014799,0.963863,0.017687,-0.265397,0.002303,0.057877,0.040784,-0.011049,0.058041,0.017155,0.002451,0.057390,0.083888,0.015504,0.058198,0.021310
93,0.775000,0.015028,0.963861,0.017763,-0.265387,0.002302,0.057879,0.040783,-0.011057,0.058065,0.017156,0.002451,0.057390,0.083887,0.015512,0.058184,0.021306
94,0.783333,0.014869,0.963867,0.017723,-0.265378,0.002299,0.057882,0.040784,-0.011051,0.058055,0.017155,0.002448,0.057395,0.083884,0.015499,0.058201,0.021312
95,0.791667,0.014727,0.963871,0.017736,-0.265369,0.002301,0.057884,0.040784,-0.011052,0.058060,0.017149,0.002452,0.057390,0.083884,0.015506,0.058204,0.021317
96,0.800000,0.014728,0.963877,0.017676,-0.265354,0.002301,0.057888,0.040787,-0.011048,0.058059,0.017157,0.002448,0.057404,0.083893,0.015503,0.058205,0.021315
97,0.808333,0.014769,0.963881,0.017661,-0.265335,0.002301,0.057886,0.040787,-0.011051,0.058055,0.017155,0.002446,0.057398,0.083889,0.015507,0.058199,0.021316
98,0.816667,0.014496,0.963883,0.017621,-0.265348,0.002304,0.057881,0.040783,-0.011045,0.058043,0.017151,0.002453,0.057391,0.083882,0.015507,0.058208,0.021313
99,0.825000,0.014822,0.963866,0.017749,-0.265380,0.002305,0.057881,0.040782,-0.011047,0.058064,0.017150,0.002457,0.057388,0.083886,0.015506,0.058192,0.021309
100,0.833333,0.015035,0.963862,0.017785,-0.265383,0.002307,0.057876,0.040780,-0.011048,0.058055,0.017153,0.002456,0.057385,0.083881,0.015516,0.058183,0.021303
101,0.841667,0.014737,0.963853,0.017789,-0.265432,0.002308,0.057874,0.040780,-0.011044,0.058050,0.017155,0.002465,0.057373,0.083878,0.015504,0.058199,0.021309
102,0.850000,0.014913,0.963861,0.017798,-0.265393,0.002313,0.057869,0.040778,-0.011035,0.058048,0.017142,0.002464,0.057376,0.083884,0.015517,0.058175,0.021302
103,0.858333,0.014546,0.963885,0.017631,-0.265337,0.002313,0.057870,0.040778,-0.011036,0.058031,0.017141,0.002458,0.057384,0.083885,0.015512,0.058200,0.021310
104,0.866667,0.014736,0.963865,0.017753,-0.265389,0.002310,0.057873,0.040780,-0.011043,0.058057,0.017149,0.002464,0.057376,0.083885,0.015509,0.058188,0.021309
105,0.875000,0.014778,0.963867,0.017696,-0.265384,0.002312,0.057870,0.040776,-0.011035,0.058037,0.017141,0.002462,0.057384,0.083878,0.015512,0.058185,0.021301
106,0.883333,0.014770,0.963863,0.017730,-0.265396,0.002315,0.057866,0.040775,-0.011036,0.058042,0.017142,0.002470,0.057369,0.083881,0.015515,0.058182,0.021303
107,0.891667,0.014728,0.963869,0.017627,-0.265384,0.002313,0.057869,0.040774,-0.011039,0.058035,0.017137,0.002463,0.057393,0.083880,0.015511,0.058185,0.021303
108,0.900000,0.014499,0.963883,0.017557,-0.265351,0.002313,0.057867,0.040773,-0.011030,0.058026,0.017142,0.002460,0.057379,0.083877,0.015510,0.058190,0.021301
109,0.908333,0.014898,0.963867,0.017686,-0.265377,0.002314,0.057865,0.040774,-0.011043,0.058046,0.017140,0.002468,0.057381,0.083882,0.015521,0.058170,0.021303
110,0.916667,0.014966,0.963847,0.017785,-0.265441,0.002315,0.057868,0.040778,-0.011040,0.058049,0.017149,0.002474,0.057374,0.083876,0.015511,0.058185,0.021311
111,0.925000,0.014827,0.963859,0.017710,-0.265412,0.002315,0.057866,0.040777,-0.011036,0.058035,0.017145,0.002465,0.057379,0.083881,0.015516,0.058177,0.021300
112,0.933333,0.014820,0.963853,0.017769,-0.265426,0.002310,0.057870,0.040778,-0.011048,0.058054,0.017149,0.002466,0.057375,0.083879,0.015506,0.058191,0.021312
113,0.941667,0.014701,0.963851,0.017732,-0.265444,0.002311,0.057872,0.040777,-0.011041,0.058042,0.017144,0.002469,0.057381,0.083878,0.015509,0.058193,0.021305
114,0.950000,0.014615,0.963866,0.017577,-0.265404,0.002312,0.057873,0.040778,-0.011039,0.058034,0.017143,0.002464,0.057395,0.083886,0.015511,0.058189,0.021308
115,0.958333,0.014581,0.963872,0.017613,-0.265383,0.002310,0.057873,0.040776,-0.011040,0.058042,0.017139,0.002460,0.057382,0.083880,0.015506,0.058195,0.021303
116,0.966667,0.014693,0.963863,0.017730,-0.265403,0.002309,0.057871,0.040774,-0.011046,0.058046,0.017141,0.002463,0.057374,0.083878,0.015511,0.058188,0.021300
117,0.975000,0.015005,0.963843,0.017805,-0.265452,0.002306,0.057875,0.040773,-0.011058,0.058062,0.017147,0.002462,0.057386,0.083877,0.015509,0.058185,0.021296
118,0.983333,0.014876,0.963863,0.017701,-0.265394,0.002310,0.057873,0.040771,-0.011035,0.058039,0.017137,0.002460,0.057386,0.083877,0.015513,0.058186,0.021297
119,0.991667,0.014892,0.963872,0.017667,-0.265363,0.002311,0.057865,0.040768,-0.011045,0.058038,0.017136,0.002458,0.057379,0.083870,0.015515,0.058171,0.021292
120,1.000000,0.014842,0.963865,0.017693,-0.265388,0.002311,0.057862,0.040767,-0.011039,0.058034,0.017134,0.002465,0.057372,0.083872,0.015511,0.058178,0.021297
121,1.008333,0.014723,0.963861,0.017677,-0.265412,0.002313,0.057862,0.040767,-0.011041,0.058034,0.017135,0.002468,0.057375,0.083874,0.015515,0.058181,0.021292
122,1.016667,0.014768,0.963869,0.017646,-0.265380,0.002314,0.057864,0.040768,-0.011034,0.058034,0.017142,0.002461,0.057381,0.083871,0.015518,0.058177,0.021292
123,1.025000,0.014725,0.963869,0.017601,-0.265387,0.002314,0.057861,0.040768,-0.011039,0.058025,0.017139,0.002465,0.057379,0.083870,0.015514,0.058176,0.021294
124,1.033333,0.014901,0.963859,0.017655,-0.265408,0.002314,0.057864,0.040767,-0.011041,0.058043,0.017140,0.002466,0.057383,0.083871,0.015518,0.058173,0.021292
125,1.041667,0.014949,0.963859,0.017715,-0.265403,0.002316,0.057864,0.040768,-0.011035,0.058039,0.017138,0.002468,0.057374,0.083871,0.015516,0.058176,0.021295
126,1.050000,0.014942,0.963856,0.017825,-0.265406,0.002315,0.057864,0.040767,-0.011041,0.058050,0.017139,0.002467,0.057364,0.083865,0.015519,0.058179,0.021293
127,1.058333,0.015011,0.963848,0.017907,-0.265427,0.002318,0.057858,0.040765,-0.011038,0.058042,0.017134,0.002476,0.057352,0.083865,0.015523,0.058167,0.021293
128,1.066667,0.014919,0.963855,0.017826,-0.265410,0.002317,0.057858,0.040767,-0.011037,0.058039,0.017143,0.002465,0.057369,0.083870,0.015518,0.058177,0.021294
129,1.075000,0.014843,0.963874,0.017682,-0.265356,0.002315,0.057862,0.040768,-0.011035,0.058032,0.017140,0.002460,0.057381,0.083869,0.015520,0.058174,0.021295
130,1.083333,0.015115,0.963871,0.017693,-0.265351,0.002314,0.057866,0.040769,-0.011043,0.058050,0.017141,0.002461,0.057388,0.083873,0.015524,0.058167,0.021294
131,1.091667,0.015044,0.963862,0.017722,-0.265386,0.002314,0.057869,0.040771,-0.011043,0.058043,0.017144,0.002466,0.057381,0.083874,0.015520,0.058182,0.021301
132,1.100000,0.014851,0.963870,0.017783,-0.265365,0.002315,0.057869,0.040771,-0.011035,0.058050,0.017141,0.002461,0.057371,0.083867,0.015520,0.058187,0.021299
133,1.108333,0.014757,0.963862,0.017773,-0.265400,0.002314,0.057868,0.040769,-0.011039,0.058041,0.017139,0.002471,0.057374,0.083866,0.015509,0.058187,0.021302
134,1.116667,0.014641,0.963856,0.017696,-0.265432,0.002312,0.057871,0.040771,-0.011042,0.058042,0.017145,0.002465,0.057382,0.083873,0.015511,0.058194,0.021300
135,1.125000,0.014714,0.963855,0.017750,-0.265430,0.002314,0.057865,0.040770,-0.011037,0.058038,0.017139,0.002471,0.057362,0.083870,0.015516,0.058177,0.021295
136,1.133333,0.014762,0.963870,0.017727,-0.265373,0.002316,0.057862,0.040771,-0.011031,0.058036,0.017146,0.002459,0.057378,0.083876,0.015518,0.058181,0.021299
137,1.141667,0.014599,0.963882,0.017629,-0.265343,0.002317,0.057862,0.040771,-0.011029,0.058024,0.017137,0.002465,0.057373,0.083873,0.015516,0.058183,0.021298
138,1.150000,0.014695,0.963879,0.017688,-0.265345,0.002315,0.057868,0.040772,-0.011038,0.058050,0.017144,0.002460,0.057382,0.083873,0.015518,0.058189,0.021306
139,1.158333,0.014779,0.963872,0.017683,-0.265368,0.002316,0.057871,0.040774,-0.011035,0.058037,0.017145,0.002468,0.057384,0.083876,0.015521,0.058184,0.021300
140,1.166667,0.014649,0.963872,0.017649,-0.265377,0.002322,0.057861,0.040774,-0.011025,0.058024,0.017144,0.002474,0.057365,0.083874,0.015528,0.058177,0.021303
141,1.175000,0.014638,0.963872,0.017703,-0.265373,0.002326,0.057857,0.040774,-0.011023,0.058032,0.017143,0.002477,0.057364,0.083880,0.015528,0.058179,0.021299
142,1.183333,0.014805,0.963862,0.017736,-0.265400,0.002327,0.057856,0.040773,-0.011028,0.058031,0.017141,0.002481,0.057365,0.083874,0.015528,0.058167,0.021299
143,1.191667,0.014660,0.963867,0.017697,-0.265393,0.002324,0.057856,0.040774,-0.011026,0.058025,0.017147,0.002471,0.057365,0.083879,0.015521,0.058184,0.021304
144,1.200000,0.014634,0.963863,0.017730,-0.265406,0.002320,0.057865,0.040780,-0.011032,0.058048,0.017153,0.002474,0.057374,0.083882,0.015514,0.058189,0.021312
145,1.208333,0.014561,0.963880,0.017623,-0.265353,0.002318,0.057868,0.040781,-0.011030,0.058022,0.017147,0.002459,0.057385,0.083884,0.015524,0.058189,0.021309
146,1.216667,0.014415,0.963897,0.017504,-0.265308,0.002316,0.057867,0.040781,-0.011028,0.058028,0.017147,0.002462,0.057388,0.083883,0.015514,0.058191,0.021313
147,1.225000,0.014630,0.963872,0.017701,-0.265374,0.002315,0.057872,0.040784,-0.011039,0.058057,0.017157,0.002468,0.057374,0.083881,0.015512,0.058195,0.021319
148,1.233333,0.014790,0.963854,0.017823,-0.265423,0.002313,0.057876,0.040786,-0.011041,0.058054,0.017161,0.002466,0.057380,0.083881,0.015511,0.058194,0.021316
149,1.241667,0.014662,0.963862,0.017724,-0.265407,0.002315,0.057874,0.040783,-0.011032,0.058041,0.017151,0.002469,0.057381,0.083880,0.015516,0.058195,0.021312
150,1.250000,0.014676,0.963869,0.017684,-0.265384,0.002314,0.057876,0.040780,-0.011042,0.058051,0.017150,0.002461,0.057390,0.083878,0.015513,0.058194,0.021310
151,1.258333,0.014693,0.963865,0.017762,-0.265393,0.002313,0.057876,0.040779,-0.011039,0.058050,0.017150,0.002467,0.057371,0.083874,0.015516,0.058198,0.021312
152,1.266667,0.014685,0.963857,0.017830,-0.265416,0.002311,0.057874,0.040780,-0.011045,0.058055,0.017154,0.002464,0.057374,0.083872,0.015507,0.058197,0.021316
153,1.275000,0.014631,0.963858,0.017781,-0.265418,0.002312,0.057871,0.040778,-0.011037,0.058039,0.017148,0.002469,0.057371,0.083868,0.015514,0.058193,0.021311
154,1.283333,0.014629,0.963877,0.017680,-0.265357,0.002313,0.057871,0.040776,-0.011036,0.058043,0.017143,0.002455,0.057389,0.083876,0.015515,0.058190,0.021306
155,1.291667,0.014619,0.963878,0.017636,-0.265357,0.002314,0.057867,0.040773,-0.011034,0.058026,0.017140,0.002469,0.057370,0.083873,0.015515,0.058182,0.021299
156,1.300000,0.014688,0.963853,0.017699,-0.265439,0.002315,0.057862,0.040771,-0.011049,0.058042,0.017141,0.002472,0.057372,0.083874,0.015516,0.058181,0.021298
157,1.308333,0.014704,0.963857,0.017704,-0.265424,0.002313,0.057862,0.040772,-0.011036,0.058027,0.017142,0.002464,0.057370,0.083877,0.015514,0.058181,0.021301
158,1.316667,0.014856,0.963862,0.017737,-0.265396,0.002312,0.057865,0.040772,-0.011047,0.058054,0.017144,0.002463,0.057379,0.083872,0.015516,0.058177,0.021296
159,1.325000,0.015216,0.963848,0.017856,-0.265418,0.002309,0.057875,0.040772,-0.011052,0.058069,0.017147,0.002461,0.057386,0.083874,0.015515,0.058182,0.021299
160,1.333333,0.015161,0.963847,0.017853,-0.265426,0.002308,0.057873,0.040773,-0.011047,0.058050,0.017145,0.002462,0.057375,0.083875,0.015509,0.058179,0.021297
161,1.341667,0.015176,0.963856,0.017789,-0.265397,0.002305,0.057876,0.040776,-0.011055,0.058067,0.017148,0.002450,0.057402,0.083881,0.015510,0.058182,0.021306
162,1.350000,0.015027,0.963862,0.017743,-0.265386,0.002301,0.057881,0.040776,-0.011055,0.058067,0.017148,0.002450,0.057402,0.083881,0.015510,0.058182,0.021306
163,1.358333,0.014728,0.963864,0.017712,-0.265398,0.002305,0.057870,0.040772,-0.011053,0.058052,0.017144,0.002454,0.057386,0.083876,0.015502,0.058197,0.021304
164,1.366667,0.014560,0.963871,0.017656,-0.265385,0.002304,0.057872,0.040774,-0.011041,0.058035,0.017140,0.002460,0.057373,0.083872,0.015509,0.058180,0.021298
165,1.375000,0.014627,0.963872,0.017634,-0.265379,0.002299,0.057882,0.040779,-0.011049,0.058045,0.017144,0.002451,0.057391,0.083879,0.015495,0.058209,0.021310
166,1.383333,0.014820,0.963865,0.017700,-0.265388,0.002298,0.057883,0.040778,-0.011056,0.058054,0.017147,0.002448,0.057399,0.083882,0.015502,0.058192,0.021309
167,1.391667,0.014760,0.963865,0.017737,-0.265390,0.002301,0.057879,0.040776,-0.011053,0.058060,0.017149,0.002451,0.057392,0.083873,0.015498,0.058203,0.021307
168,1.400000,0.014812,0.963871,0.017711,-0.265366,0.002304,0.057873,0.040774,-0.011050,0.058047,0.017146,0.002453,0.057381,0.083877,0.015509,0.058190,0.021301
169,1.408333,0.014771,0.963871,0.017672,-0.265372,0.002307,0.057874,0.040775,-0.011047,0.058048,0.017149,0.002450,0.057388,0.083874,0.015512,0.058187,0.021298
170,1.416667,0.014726,0.963862,0.017720,-0.265403,0.002308,0.057869,0.040776,-0.011044,0.058043,0.017148,0.002460,0.057386,0.083876,0.015509,0.058192,0.021308
171,1.425000,0.014901,0.963853,0.017777,-0.265422,0.002310,0.057865,0.040774,-0.011045,0.058043,0.017144,0.002462,0.057368,0.083877,0.015509,0.058184,0.021304
172,1.433333,0.014959,0.963862,0.017709,-0.265390,0.002312,0.057861,0.040774,-0.011041,0.058044,0.017147,0.002466,0.057377,0.083876,0.015510,0.058174,0.021297
173,1.441667,0.014757,0.963875,0.017640,-0.265360,0.002312,0.057863,0.040777,-0.011041,0.058029,0.017144,0.002458,0.057374,0.083880,0.015519,0.058168,0.021303
174,1.450000,0.014630,0.963873,0.017611,-0.265377,0.002313,0.057869,0.040779,-0.011037,0.058037,0.017148,0.002463,0.057384,0.083880,0.015511,0.058189,0.021308
175,1.458333,0.014724,0.963874,0.017619,-0.265369,0.002314,0.057864,0.040779,-0.011033,0.058033,0.017149,0.002464,0.057383,0.083879,0.015513,0.058185,0.021307
176,1.466667,0.014999,0.963878,0.017624,-0.265336,0.002314,0.057864,0.040779,-0.011035,0.058032,0.017152,0.002462,0.057378,0.083875,0.015513,0.058174,0.021309
177,1.475000,0.015012,0.963865,0.017717,-0.265376,0.002314,0.057867,0.040782,-0.011037,0.058040,0.017150,0.002457,0.057395,0.083881,0.015525,0.058164,0.021307
178,1.483333,0.014742,0.963845,0.017821,-0.265457,0.002312,0.057869,0.040784,-0.011039,0.058049,0.017156,0.002472,0.057366,0.083880,0.015505,0.058189,0.021317
179,1.491667,0.014770,0.963857,0.017754,-0.265418,0.002311,0.057868,0.040782,-0.011047,0.058047,0.017156,0.002466,0.057374,0.083878,0.015512,0.058192,0.021313
180,1.500000,0.014870,0.963858,0.017738,-0.265409,0.002312,0.057865,0.040784,-0.011041,0.058039,0.017153,0.002463,0.057375,0.083882,0.015515,0.058178,0.021312
181,1.508333,0.014760,0.963852,0.017766,-0.265433,0.002312,0.057867,0.040785,-0.011043,0.058044,0.017156,0.002466,0.057375,0.083887,0.015509,0.058180,0.021314
182,1.516667,0.014496,0.963858,0.017730,-0.265431,0.002314,0.057865,0.040783,-0.011038,0.058041,0.017156,0.002468,0.057367,0.083876,0.015509,0.058192,0.021318
183,1.525000,0.014649,0.963855,0.017697,-0.265434,0.002318,0.057859,0.040781,-0.011038,0.058030,0.017153,0.002472,0.057368,0.083877,0.015513,0.058193,0.021317
184,1.533333,0.014995,0.963855,0.017748,-0.265413,0.002323,0.057849,0.040778,-0.011036,0.058031,0.017153,0.002475,0.057366,0.083879,0.015526,0.058162,0.021305
185,1.541667,0.014685,0.963872,0.017658,-0.265375,0.002324,0.057847,0.040778,-0.011026,0.058022,0.017147,0.002476,0.057353,0.083877,0.015524,0.058154,0.021304
186,1.550000,0.014389,0.963885,0.017538,-0.265350,0.002321,0.057857,0.040781,-0.011021,0.058009,0.017149,0.002472,0.057368,0.083879,0.015520,0.058180,0.021312
187,1.558333,0.014581,0.963866,0.017683,-0.265399,0.002320,0.057856,0.040781,-0.011029,0.058026,0.017151,0.002467,0.057379,0.083879,0.015519,0.058184,0.021315
188,1.566667,0.014833,0.963850,0.017815,-0.265434,0.002323,0.057846,0.040779,-0.011037,0.058024,0.017151,0.002480,0.057343,0.083881,0.015523,0.058170,0.021307
189,1.575000,0.014896,0.963865,0.017726,-0.265382,0.002322,0.057849,0.040777,-0.011029,0.058028,0.017144,0.002475,0.057356,0.083881,0.015526,0.058154,0.021305
190,1.583333,0.014661,0.963874,0.017573,-0.265375,0.002315,0.057857,0.040777,-0.011034,0.058022,0.017143,0.002470,0.057368,0.083883,0.015518,0.058173,0.021308
191,1.591667,0.014690,0.963867,0.017613,-0.265394,0.002313,0.057861,0.040776,-0.011037,0.058022,0.017146,0.002459,0.057389,0.083879,0.015512,0.058174,0.021302
192,1.600000,0.014736,0.963854,0.017732,-0.265433,0.002314,0.057859,0.040773,-0.011041,0.058038,0.017140,0.002473,0.057361,0.083879,0.015514,0.058183,0.021307
193,1.608333,0.014881,0.963854,0.017689,-0.265428,0.002313,0.057854,0.040768,-0.011043,0.058026,0.017140,0.002464,0.057374,0.083876,0.015512,0.058169,0.021293
194,1.616667,0.014911,0.963847,0.017762,-0.265445,0.002312,0.057853,0.040768,-0.011046,0.058030,0.017137,0.002469,0.057360,0.083870,0.015522,0.058161,0.021290
195,1.625000,0.014889,0.963846,0.017784,-0.265450,0.002311,0.057853,0.040769,-0.011051,0.058033,0.017145,0.002465,0.057365,0.083869,0.015509,0.058174,0.021303
196,1.633333,0.014996,0.963857,0.017783,-0.265403,0.002317,0.057844,0.040765,-0.011045,0.058030,0.017135,0.002470,0.057350,0.083870,0.015521,0.058157,0.021289
197,1.641667,0.014879,0.963869,0.017718,-0.265369,0.002317,0.057845,0.040765,-0.011030,0.058015,0.017133,0.002467,0.057357,0.083872,0.015522,0.058149,0.021290
198,1.650000,0.014772,0.963859,0.017761,-0.265411,0.002313,0.057851,0.040765,-0.011040,0.058028,0.017132,0.002465,0.057356,0.083864,0.015512,0.058170,0.021295
199,1.658333,0.014931,0.963849,0.017799,-0.265434,0.002314,0.057851,0.040767,-0.011040,0.058027,0.017135,0.002470,0.057358,0.083868,0.015510,0.058168,0.021298
200,1.666667,0.014826,0.963853,0.017777,-0.265428,0.002315,0.057851,0.040768,-0.011042,0.058039,0.017140,0.002470,0.057356,0.083866,0.015518,0.058160,0.021295
201,1.675000,0.014420,0.963868,0.017603,-0.265408,0.002315,0.057850,0.040769,-0.011036,0.058013,0.017135,0.002470,0.057358,0.083869,0.015509,0.058181,0.021305
202,1.683333,0.014693,0.963866,0.017642,-0.265396,0.002315,0.057849,0.040768,-0.011034,0.058014,0.017138,0.002467,0.057366,0.083867,0.015513,0.058166,0.021296
203,1.691667,0.014730,0.963865,0.017719,-0.265394,0.002314,0.057850,0.040769,-0.011032,0.058024,0.017138,0.002467,0.057357,0.083873,0.015510,0.058164,0.021297
204,1.700000,0.014634,0.963868,0.017681,-0.265388,0.002313,0.057852,0.040769,-0.011038,0.058023,0.017141,0.002464,0.057360,0.083869,0.015514,0.058174,0.021297
205,1.708333,0.014775,0.963865,0.017689,-0.265391,0.002310,0.057853,0.040771,-0.011039,0.058021,0.017135,0.002465,0.057364,0.083871,0.015510,0.058170,0.021304
206,1.716667,0.014882,0.963852,0.017782,-0.265426,0.002307,0.057857,0.040773,-0.011049,0.058034,0.017143,0.002458,0.057367,0.083877,0.015510,0.058168,0.021297
207,1.725000,0.014786,0.963850,0.017780,-0.265441,0.002308,0.057855,0.040774,-0.011049,0.058040,0.017145,0.002466,0.057358,0.083876,0.015506,0.058180,0.021303
208,1.733333,0.014871,0.963854,0.017786,-0.265420,0.002309,0.057851,0.040774,-0.011042,0.058021,0.017138,0.002462,0.057363,0.083881,0.015511,0.058162,0.021301
209,1.741667,0.014964,0.963849,0.017868,-0.265428,0.002308,0.057854,0.040774,-0.011056,0.058047,0.017146,0.002466,0.057347,0.083868,0.015509,0.058175,0.021306
210,1.750000,0.014942,0.963866,0.017690,-0.265380,0.002310,0.057854,0.040774,-0.011038,0.058022,0.017141,0.002457,0.057371,0.083884,0.015516,0.058157,0.021296
211,1.758333,0.014750,0.963850,0.017714,-0.265447,0.002306,0.057856,0.040773,-0.011054,0.058039,0.017148,0.002462,0.057366,0.083878,0.015510,0.058175,0.021301
212,1.766667,0.014679,0.963854,0.017659,-0.265440,0.002307,0.057851,0.040768,-0.011044,0.058013,0.017134,0.002463,0.057366,0.083875,0.015505,0.058173,0.021294
213,1.775000,0.014986,0.963850,0.017723,-0.265434,0.002307,0.057850,0.040770,-0.011054,0.058034,0.017137,0.002466,0.057357,0.083871,0.015509,0.058161,0.021300
214,1.783333,0.014934,0.963863,0.017557,-0.265398,0.002307,0.057849,0.040768,-0.011048,0.058015,0.017136,0.002457,0.057377,0.083880,0.015514,0.058156,0.021294
215,1.791667,0.014942,0.963850,0.017635,-0.265441,0.002307,0.057848,0.040765,-0.011053,0.058020,0.017135,0.002462,0.057371,0.083875,0.015512,0.058153,0.021284
216,1.800000,0.014798,0.963858,0.017663,-0.265419,0.002308,0.057849,0.040764,-0.011047,0.058020,0.017136,0.002461,0.057363,0.083867,0.015506,0.058163,0.021291
217,1.808333,0.014877,0.963862,0.017706,-0.265397,0.002310,0.057851,0.040764,-0.011043,0.058021,0.017133,0.002464,0.057365,0.083864,0.015514,0.058162,0.021294
218,1.816667,0.014917,0.963860,0.017767,-0.265398,0.002306,0.057854,0.040765,-0.011053,0.058033,0.017130,0.002460,0.057360,0.083866,0.015511,0.058166,0.021294
219,1.825000,0.014712,0.963869,0.017700,-0.265382,0.002307,0.057854,0.040765,-0.011048,0.058032,0.017134,0.002456,0.057369,0.083870,0.015509,0.058171,0.021295
220,1.833333,0.014571,0.963870,0.017651,-0.265388,0.002310,0.057847,0.040764,-0.011034,0.058014,0.017133,0.002462,0.057352,0.083863,0.015504,0.058175,0.021294
221,1.841667,0.014848,0.963867,0.017589,-0.265388,0.002310,0.057848,0.040766,-0.011044,0.058017,0.017134,0.002461,0.057370,0.083875,0.015513,0.058156,0.021287
222,1.850000,0.014802,0.963866,0.017651,-0.265391,0.002310,0.057849,0.040767,-0.011043,0.058012,0.017131,0.002460,0.057370,0.083873,0.015512,0.058161,0.021297
223,1.858333,0.014897,0.963845,0.017833,-0.265450,0.002309,0.057853,0.040767,-0.011049,0.058036,0.017134,0.002468,0.057354,0.083869,0.015512,0.058166,0.021296
224,1.866667,0.014808,0.963852,0.017754,-0.265435,0.002306,0.057855,0.040767,-0.011053,0.058030,0.017137,0.002463,0.057358,0.083872,0.015507,0.058173,0.021294
225,1.875000,0.014944,0.963861,0.017693,-0.265397,0.002308,0.057855,0.040766,-0.011046,0.058032,0.017137,0.002457,0.057370,0.083872,0.015511,0.058166,0.021291
226,1.883333,0.014818,0.963858,0.017666,-0.265417,0.002308,0.057854,0.040767,-0.011048,0.058026,0.017137,0.002463,0.057371,0.083867,0.015513,0.058163,0.021293
227,1.891667,0.014618,0.963862,0.017672,-0.265412,0.002304,0.057855,0.040769,-0.011049,0.058026,0.017139,0.002458,0.057362,0.083870,0.015505,0.058177,0.021298
228,1.900000,0.014721,0.963863,0.017638,-0.265407,0.002304,0.057855,0.040768,-0.011047,0.058022,0.017137,0.002457,0.057373,0.083872,0.015498,0.058175,0.021299
229,1.908333,0.014892,0.963859,0.017758,-0.265404,0.002307,0.057850,0.040766,-0.011047,0.058029,0.017133,0.002459,0.057363,0.083870,0.015509,0.058162,0.021296
230,1.916667,0.014783,0.963849,0.017818,-0.265443,0.002307,0.057850,0.040767,-0.011047,0.058025,0.017138,0.002465,0.057348,0.083868,0.015508,0.058166,0.021294
231,1.925000,0.014793,0.963856,0.017801,-0.265417,0.002305,0.057855,0.040766,-0.011052,0.058040,0.017139,0.002458,0.057359,0.083867,0.015503,0.058177,0.021297
232,1.933333,0.014775,0.963866,0.017692,-0.265387,0.002308,0.057848,0.040764,-0.011038,0.058018,0.017130,0.002462,0.057357,0.083864,0.015504,0.058165,0.021296
233,1.941667,0.014939,0.963861,0.017694,-0.265396,0.002307,0.057853,0.040767,-0.011046,0.058028,0.017137,0.002457,0.057366,0.083869,0.015509,0.058161,0.021294
234,1.950000,0.014907,0.963850,0.017692,-0.265439,0.002308,0.057853,0.040766,-0.011044,0.058029,0.017138,0.002462,0.057374,0.083871,0.015506,0.058169,0.021291
235,1.958333,0.015062,0.963844,0.017772,-0.265446,0.002309,0.057846,0.040765,-0.011049,0.058024,0.017139,0.002466,0.057352,0.083866,0.015513,0.058153,0.021287
236,1.966667,0.015037,0.963860,0.017687,-0.265398,0.002309,0.057848,0.040768,-0.011051,0.058031,0.017138,0.002458,0.057369,0.083874,0.015512,0.058156,0.021294
237,1.975000,0.014840,0.963866,0.017609,-0.265389,0.002315,0.057838,0.040764,-0.011037,0.058004,0.017130,0.002468,0.057358,0.083869,0.015517,0.058149,0.021294
238,1.983333,0.014998,0.963860,0.017727,-0.265397,0.002313,0.057841,0.040764,-0.011037,0.058014,0.017136,0.002464,0.057356,0.083868,0.015513,0.058148,0.021287
239,1.991667,0.015006,0.963858,0.017826,-0.265394,0.002310,0.057850,0.040765,-0.011045,0.058032,0.017135,0.002463,0.057351,0.083865,0.015516,0.058156,0.021293
240,2.000000,0.014833,0.963859,0.017755,-0.265407,0.002306,0.057859,0.040768,-0.011046,0.058037,0.017138,0.002457,0.057370,0.083870,0.015505,0.058178,0.021298
241,2.008333,0.014935,0.963850,0.017766,-0.265433,0.002309,0.057851,0.040766,-0.011049,0.058033,0.017139,0.002464,0.057357,0.083868,0.015510,0.058166,0.021293
242,2.016667,0.014845,0.963863,0.017648,-0.265398,0.002311,0.057847,0.040764,-0.011041,0.058017,0.017135,0.002461,0.057367,0.083870,0.015513,0.058154,0.021286
243,2.025000,0.014586,0.963865,0.017675,-0.265402,0.002311,0.057850,0.040766,-0.011042,0.058021,0.017133,0.002466,0.057356,0.083864,0.015509,0.058175,0.021300
244,2.033333,0.014774,0.963867,0.017635,-0.265388,0.002311,0.057848,0.040766,-0.011035,0.058014,0.017135,0.002461,0.057368,0.083872,0.015507,0.058163,0.021296
245,2.041667,0.014987,0.963847,0.017801,-0.265438,0.002311,0.057848,0.040761,-0.011048,0.058030,0.017134,0.002467,0.057354,0.083863,0.015515,0.058158,0.021286
246,2.050000,0.014915,0.963862,0.017742,-0.265391,0.002311,0.057850,0.040764,-0.011043,0.058027,0.017129,0.002463,0.057360,0.083869,0.015512,0.058164,0.021291
247,2.058333,0.015078,0.963861,0.017723,-0.265387,0.002310,0.057851,0.040766,-0.011042,0.058029,0.017137,0.002461,0.057364,0.083868,0.015514,0.058157,0.021293
248,2.066667,0.015049,0.963858,0.017672,-0.265404,0.002307,0.057855,0.040768,-0.011053,0.058029,0.017141,0.002458,0.057377,0.083872,0.015517,0.058156,0.021291
249,2.075000,0.014776,0.963864,0.017700,-0.265396,0.002308,0.057856,0.040769,-0.011049,0.058031,0.017142,0.002458,0.057365,0.083869,0.015512,0.058174,0.021296
250,2.083333,0.014890,0.963867,0.017660,-0.265379,0.002311,0.057851,0.040766,-0.011037,0.058021,0.017138,0.002459,0.057372,0.083869,0.015511,0.058164,0.021293
251,2.091667,0.015016,0.963851,0.017802,-0.265422,0.002313,0.057845,0.040765,-0.011039,0.058030,0.017138,0.002467,0.057352,0.083865,0.015514,0.058151,0.021291
252,2.100000,0.014636,0.963859,0.017663,-0.265423,0.002309,0.057849,0.040768,-0.011042,0.058015,0.017139,0.002466,0.057357,0.083864,0.015504,0.058169,0.021299
253,2.108333,0.014820,0.963870,0.017677,-0.265371,0.002308,0.057856,0.040770,-0.011045,0.058029,0.017143,0.002457,0.057370,0.083868,0.015514,0.058166,0.021298
254,2.116667,0.014585,0.963874,0.017635,-0.265374,0.002307,0.057857,0.040770,-0.011042,0.058025,0.017137,0.002458,0.057367,0.083871,0.015505,0.058180,0.021303
255,2.125000,0.014737,0.963867,0.017597,-0.265392,0.002309,0.057856,0.040771,-0.011040,0.058020,0.017144,0.002459,0.057377,0.083871,0.015508,0.058171,0.021295
256,2.133333,0.014902,0.963866,0.017741,-0.265380,0.002309,0.057857,0.040774,-0.011043,0.058035,0.017151,0.002458,0.057367,0.083870,0.015513,0.058168,0.021298
257,2.141667,0.014655,0.963876,0.017670,-0.265361,0.002308,0.057857,0.040776,-0.011042,0.058028,0.017151,0.002455,0.057370,0.083873,0.015511,0.058176,0.021307
258,2.150000,0.014592,0.963869,0.017713,-0.265388,0.002311,0.057852,0.040772,-0.011040,0.058022,0.017145,0.002461,0.057358,0.083864,0.015512,0.058177,0.021305
259,2.158333,0.014741,0.963854,0.017740,-0.265429,0.002310,0.057852,0.040774,-0.011047,0.058028,0.017148,0.002465,0.057358,0.083868,0.015514,0.058168,0.021305
260,2.166667,0.014510,0.963859,0.017685,-0.265431,0.002308,0.057857,0.040776,-0.011046,0.058025,0.017143,0.002465,0.057364,0.083874,0.015506,0.058182,0.021309
261,2.175000,0.014635,0.963855,0.017755,-0.265434,0.002308,0.057860,0.040777,-0.011048,0.058033,0.017151,0.002462,0.057363,0.083871,0.015508,0.058184,0.021311
262,2.183333,0.014798,0.963850,0.017776,-0.265439,0.002310,0.057860,0.040775,-0.011047,0.058042,0.017151,0.002466,0.057366,0.083872,0.015511,0.058178,0.021302
263,2.191667,0.014530,0.963876,0.017648,-0.265370,0.002310,0.057853,0.040775,-0.011038,0.058019,0.017144,0.002459,0.057362,0.083875,0.015509,0.058177,0.021305
264,2.200000,0.014685,0.963864,0.017690,-0.265401,0.002311,0.057852,0.040774,-0.011046,0.058025,0.017142,0.002462,0.057366,0.083877,0.015514,0.058171,0.021305
265,2.208333,0.014513,0.963855,0.017751,-0.265440,0.002314,0.057845,0.040773,-0.011040,0.058016,0.017141,0.002472,0.057344,0.083869,0.015513,0.058168,0.021306
266,2.216667,0.014307,0.963861,0.017696,-0.265434,0.002311,0.057857,0.040775,-0.011041,0.058024,0.017144,0.002469,0.057357,0.083869,0.015506,0.058191,0.021312
267,2.225000,0.014531,0.963863,0.017699,-0.265414,0.002312,0.057857,0.040776,-0.011038,0.058024,0.017142,0.002469,0.057361,0.083874,0.015509,0.058185,0.021312
268,2.233333,0.015094,0.963853,0.017774,-0.265414,0.002309,0.057860,0.040773,-0.011049,0.058042,0.017143,0.002462,0.057374,0.083871,0.015513,0.058166,0.021302
269,2.241667,0.014867,0.963857,0.017754,-0.265411,0.002310,0.057857,0.040776,-0.011044,0.058038,0.017146,0.002462,0.057365,0.083877,0.015509,0.058170,0.021305
270,2.250000,0.014479,0.963861,0.017602,-0.265429,0.002313,0.057852,0.040773,-0.011036,0.058012,0.017138,0.002469,0.057365,0.083874,0.015507,0.058177,0.021305
271,2.258333,0.014906,0.963843,0.017771,-0.265458,0.002310,0.057853,0.040773,-0.011050,0.058035,0.017148,0.002467,0.057362,0.083874,0.015511,0.058167,0.021301
272,2.266667,0.014723,0.963862,0.017661,-0.265407,0.002316,0.057847,0.040768,-0.011037,0.058015,0.017136,0.002469,0.057359,0.083873,0.015517,0.058164,0.021294
273,2.275000,0.014928,0.963864,0.017720,-0.265385,0.002315,0.057851,0.040770,-0.011037,0.058026,0.017137,0.002466,0.057364,0.083874,0.015518,0.058160,0.021298
274,2.283333,0.014775,0.963857,0.017728,-0.265417,0.002313,0.057853,0.040770,-0.011042,0.058029,0.017139,0.002466,0.057362,0.083873,0.015512,0.058171,0.021298
275,2.291667,0.014718,0.963862,0.017642,-0.265411,0.002315,0.057851,0.040769,-0.011040,0.058020,0.017139,0.002468,0.057365,0.083874,0.015517,0.058168,0.021295
276,2.300000,0.014769,0.963868,0.017659,-0.265384,0.002314,0.057850,0.040769,-0.011035,0.058021,0.017136,0.002465,0.057366,0.083871,0.015511,0.058163,0.021299
277,2.308333,0.014410,0.963866,0.017678,-0.265409,0.002318,0.057849,0.040767,-0.011036,0.058016,0.017130,0.002474,0.057351,0.083869,0.015517,0.058177,0.021302
278,2.316667,0.014453,0.963871,0.017583,-0.265396,0.002317,0.057852,0.040764,-0.011033,0.058014,0.017130,0.002470,0.057366,0.083864,0.015512,0.058178,0.021298
279,2.325000,0.014757,0.963867,0.017688,-0.265385,0.002318,0.057848,0.040763,-0.011036,0.058022,0.017130,0.002468,0.057363,0.083867,0.015521,0.058166,0.021293
280,2.333333,0.014728,0.963856,0.017738,-0.265425,0.002323,0.057838,0.040763,-0.011030,0.058013,0.017133,0.002479,0.057341,0.083865,0.015524,0.058156,0.021287
281,2.341667,0.014684,0.963880,0.017547,-0.265352,0.002320,0.057845,0.040767,-0.011030,0.058008,0.017134,0.002468,0.057368,0.083870,0.015524,0.058161,0.021298
282,2.350000,0.014881,0.963860,0.017662,-0.265406,0.002319,0.057841,0.040766,-0.011035,0.058013,0.017136,0.002471,0.057357,0.083869,0.015522,0.058149,0.021292
283,2.358333,0.014578,0.963853,0.017662,-0.265447,0.002319,0.057848,0.040768,-0.011037,0.058018,0.017139,0.002475,0.057359,0.083868,0.015516,0.058173,0.021299
284,2.366667,0.014779,0.963856,0.017698,-0.265424,0.002323,0.057836,0.040764,-0.011033,0.058008,0.017132,0.002479,0.057346,0.083867,0.015525,0.058151,0.021293
285,2.375000,0.014747,0.963854,0.017687,-0.265435,0.002320,0.057845,0.040765,-0.011034,0.058017,0.017132,0.002476,0.057359,0.083868,0.015520,0.058161,0.021294
286,2.383333,0.014645,0.963848,0.017785,-0.265455,0.002319,0.057840,0.040766,-0.011040,0.058015,0.017135,0.002478,0.057338,0.083865,0.015520,0.058165,0.021296
287,2.391667,0.014971,0.963871,0.017662,-0.265360,0.002320,0.057844,0.040766,-0.011035,0.058020,0.017133,0.002469,0.057361,0.083871,0.015526,0.058151,0.021296
288,2.400000,0.014586,0.963886,0.017460,-0.265343,0.002321,0.057842,0.040765,-0.011025,0.058000,0.017132,0.002469,0.057370,0.083871,0.015521,0.058156,0.021293
289,2.408333,0.014424,0.963883,0.017570,-0.265353,0.002321,0.057838,0.040765,-0.011025,0.057998,0.017127,0.002470,0.057352,0.083872,0.015518,0.058164,0.021295
290,2.416667,0.014923,0.963859,0.017734,-0.265402,0.002321,0.057844,0.040766,-0.011036,0.058020,0.017136,0.002474,0.057355,0.083870,0.015528,0.058156,0.021293
291,2.425000,0.014956,0.963864,0.017738,-0.265382,0.002319,0.057848,0.040765,-0.011036,0.058026,0.017134,0.002469,0.057360,0.083868,0.015525,0.058157,0.021291
292,2.433333,0.014524,0.963867,0.017676,-0.265401,0.002320,0.057847,0.040766,-0.011031,0.058016,0.017137,0.002471,0.057355,0.083869,0.015520,0.058171,0.021293
293,2.441667,0.014329,0.963862,0.017648,-0.265429,0.002323,0.057839,0.040765,-0.011030,0.058004,0.017134,0.002479,0.057343,0.083865,0.015520,0.058170,0.021297
294,2.450000,0.014551,0.963878,0.017574,-0.265367,0.002323,0.057841,0.040766,-0.011028,0.058005,0.017132,0.002472,0.057358,0.083868,0.015522,0.058161,0.021298
295,2.458333,0.014525,0.963874,0.017585,-0.265380,0.002325,0.057840,0.040762,-0.011024,0.058001,0.017127,0.002477,0.057355,0.083867,0.015524,0.058160,0.021291
296,2.466667,0.014729,0.963859,0.017774,-0.265412,0.002319,0.057852,0.040769,-0.011036,0.058030,0.017138,0.002472,0.057356,0.083870,0.015520,0.058174,0.021300
297,2.475000,0.014762,0.963866,0.017696,-0.265389,0.002326,0.057835,0.040763,-0.011027,0.058006,0.017132,0.002478,0.057345,0.083866,0.015530,0.058151,0.021291
298,2.483333,0.014862,0.963866,0.017736,-0.265381,0.002322,0.057843,0.040764,-0.011032,0.058020,0.017133,0.002473,0.057353,0.083864,0.015526,0.058157,0.021295
299,2.491667,0.014670,0.963867,0.017655,-0.265394,0.002320,0.057842,0.040764,-0.011029,0.058010,0.017137,0.002471,0.057354,0.083863,0.015519,0.058161,0.021292
300,2.500000,0.015172,0.963848,0.017760,-0.265426,0.002319,0.057848,0.040768,-0.011042,0.058029,0.017141,0.002473,0.057363,0.083869,0.015526,0.058151,0.021296
301,2.508333,0.014952,0.963853,0.017770,-0.265420,0.002317,0.057850,0.040765,-0.011039,0.058029,0.017138,0.002470,0.057358,0.083865,0.015520,0.058162,0.021290
302,2.516667,0.014987,0.963863,0.017648,-0.265389,0.002318,0.057856,0.040767,-0.011035,0.058029,0.017136,0.002470,0.057376,0.083871,0.015521,0.058163,0.021293
303,2.525000,0.015074,0.963867,0.017683,-0.265368,0.002314,0.057857,0.040771,-0.011042,0.058034,0.017145,0.002460,0.057377,0.083873,0.015522,0.058162,0.021295
304,2.533333,0.014999,0.963857,0.017684,-0.265408,0.002314,0.057852,0.040771,-0.011042,0.058027,0.017142,0.002467,0.057369,0.083872,0.015517,0.058160,0.021299
305,2.541667,0.015007,0.963882,0.017614,-0.265323,0.002317,0.057851,0.040769,-0.011036,0.058023,0.017139,0.002461,0.057375,0.083870,0.015526,0.058156,0.021298
306,2.550000,0.014726,0.963879,0.017561,-0.265354,0.002317,0.057850,0.040771,-0.011033,0.058014,0.017138,0.002465,0.057371,0.083876,0.015520,0.058163,0.021298
307,2.558333,0.014981,0.963858,0.017724,-0.265402,0.002310,0.057863,0.040773,-0.011046,0.058041,0.017145,0.002461,0.057378,0.083874,0.015513,0.058173,0.021300
308,2.566667,0.014811,0.963876,0.017652,-0.265354,0.002317,0.057852,0.040773,-0.011030,0.058023,0.017143,0.002464,0.057368,0.083877,0.015517,0.058165,0.021300
309,2.575000,0.014894,0.963858,0.017799,-0.265404,0.002312,0.057860,0.040776,-0.011041,0.058041,0.017146,0.002465,0.057365,0.083878,0.015512,0.058176,0.021305
310,2.583333,0.015061,0.963880,0.017603,-0.265327,0.002313,0.057859,0.040776,-0.011037,0.058030,0.017142,0.002458,0.057384,0.083884,0.015519,0.058161,0.021300
311,2.591667,0.015047,0.963881,0.017644,-0.265323,0.002309,0.057865,0.040780,-0.011044,0.058038,0.017150,0.002453,0.057387,0.083883,0.015518,0.058169,0.021307
312,2.600000,0.014865,0.963875,0.017691,-0.265351,0.002312,0.057865,0.040779,-0.011038,0.058039,0.017153,0.002459,0.057379,0.083875,0.015516,0.058178,0.021308
313,2.608333,0.014785,0.963874,0.017627,-0.265365,0.002311,0.057864,0.040775,-0.011039,0.058033,0.017147,0.002460,0.057382,0.083874,0.015514,0.058178,0.021304
314,2.616667,0.015254,0.963861,0.017787,-0.265374,0.002309,0.057864,0.040777,-0.011045,0.058048,0.017151,0.002457,0.057379,0.083879,0.015515,0.058165,0.021301
315,2.625000,0.014751,0.963872,0.017670,-0.265369,0.002310,0.057863,0.040776,-0.011038,0.058034,0.017143,0.002460,0.057376,0.083878,0.015508,0.058178,0.021307
316,2.633333,0.014737,0.963859,0.017776,-0.265412,0.002306,0.057865,0.040780,-0.011046,0.058042,0.017148,0.002459,0.057368,0.083883,0.015503,0.058185,0.021309
317,2.641667,0.014655,0.963878,0.017490,-0.265365,0.002306,0.057870,0.040783,-0.011042,0.058030,0.017154,0.002455,0.057396,0.083883,0.015505,0.058184,0.021313
318,2.650000,0.014990,0.963870,0.017716,-0.265361,0.002310,0.057869,0.040782,-0.011041,0.058046,0.017153,0.002458,0.057384,0.083882,0.015512,0.058178,0.021311
319,2.658333,0.014665,0.963863,0.017775,-0.265400,0.002308,0.057870,0.040780,-0.011045,0.058045,0.017154,0.002460,0.057372,0.083875,0.015511,0.058192,0.021311
320,2.666667,0.014666,0.963861,0.017608,-0.265420,0.002304,0.057872,0.040780,-0.011049,0.058038,0.017151,0.002458,0.057388,0.083879,0.015503,0.058189,0.021309
321,2.675000,0.014578,0.963871,0.017630,-0.265386,0.002300,0.057870,0.040784,-0.011051,0.058037,0.017156,0.002451,0.057383,0.083880,0.015501,0.058191,0.021315
322,2.683333,0.015042,0.963854,0.017869,-0.265407,0.002304,0.057871,0.040783,-0.011052,0.058056,0.017152,0.002457,0.057373,0.083881,0.015505,0.058182,0.021316
