Format Version,1.22,Take Name,Take 2020-05-25 10.40.32 PM,Capture Frame Rate,120.000000,Export Frame Rate,120.000000,Capture Start Time,16 Jan 1970 03:28:53 +0900,Total Frames in Take,476,Total Exported Frames,476,Rotation Type,Quaternion,Length Units,Meters,Coordinate Space,Global

,,Rigid Body,Rigid Body,Rigid Body,Rigid Body,Rigid Body,Rigid Body,Rigid Body,Rigid Body,Rigid Body,Rigid Body,Rigid Body,Rigid Body,Rigid Body,Rigid Body,Rigid Body,Rigid Body,Rigid Body,Rigid Body,Rigid Body,Rigid Body,Rigid Body,Rigid Body,Rigid Body,Rigid Body,Rigid Body,Rigid Body,Rigid Body,Rigid Body,Rigid Body,Rigid Body,Rigid Body,Rigid Body,Rigid Body,Rigid Body,Rigid Body,Marker,Marker,Marker,Marker,Marker,Marker,Marker,Marker,Marker
,,stick_right,stick_right,stick_right,stick_right,stick_right,stick_right,stick_right,diabolo_red,diabolo_red,diabolo_red,diabolo_red,diabolo_red,diabolo_red,diabolo_red,stick_left,stick_left,stick_left,stick_left,stick_left,stick_left,stick_left,diabolo_green,diabolo_green,diabolo_green,diabolo_green,diabolo_green,diabolo_green,diabolo_green,diabolo_bluewhite,diabolo_bluewhite,diabolo_bluewhite,diabolo_bluewhite,diabolo_bluewhite,diabolo_bluewhite,diabolo_bluewhite,diabolo_green:Marker1,diabolo_green:Marker1,diabolo_green:Marker1,diabolo_green:Marker2,diabolo_green:Marker2,diabolo_green:Marker2,diabolo_green:Marker3,diabolo_green:Marker3,diabolo_green:Marker3
,,"F8108D4B772D11EAC7808BD7B5C2AB81","F8108D4B772D11EAC7808BD7B5C2AB81","F8108D4B772D11EAC7808BD7B5C2AB81","F8108D4B772D11EAC7808BD7B5C2AB81","F8108D4B772D11EAC7808BD7B5C2AB81","F8108D4B772D11EAC7808BD7B5C2AB81","F8108D4B772D11EAC7808BD7B5C2AB81","803A3552773511EAC7808BD7B5C2AB81","803A3552773511EAC7808BD7B5C2AB81","803A3552773511EAC7808BD7B5C2AB81","803A3552773511EAC7808BD7B5C2AB81","803A3552773511EAC7808BD7B5C2AB81","803A3552773511EAC7808BD7B5C2AB81","803A3552773511EAC7808BD7B5C2AB81","554EA255773611EAC7808BD7B5C2AB81","554EA255773611EAC7808BD7B5C2AB81","554EA255773611EAC7808BD7B5C2AB81","554EA255773611EAC7808BD7B5C2AB81","554EA255773611EAC7808BD7B5C2AB81","554EA255773611EAC7808BD7B5C2AB81","554EA255773611EAC7808BD7B5C2AB81","81496661773911EAC7808BD7B5C2AB81","81496661773911EAC7808BD7B5C2AB81","81496661773911EAC7808BD7B5C2AB81","81496661773911EAC7808BD7B5C2AB81","81496661773911EAC7808BD7B5C2AB81","81496661773911EAC7808BD7B5C2AB81","81496661773911EAC7808BD7B5C2AB81","E770B9D79E8C11EAC8808BD7B5C0AD81","E770B9D79E8C11EAC8808BD7B5C0AD81","E770B9D79E8C11EAC8808BD7B5C0AD81","E770B9D79E8C11EAC8808BD7B5C0AD81","E770B9D79E8C11EAC8808BD7B5C0AD81","E770B9D79E8C11EAC8808BD7B5C0AD81","E770B9D79E8C11EAC8808BD7B5C0AD81","C5200","C5200","C5200","C5220","C5220","C5220","C5210","C5210","C5210"
,,Rotation,Rotation,Rotation,Rotation,Position,Position,Position,Rotation,Rotation,Rotation,Rotation,Position,Position,Position,Rotation,Rotation,Rotation,Rotation,Position,Position,Position,Rotation,Rotation,Rotation,Rotation,Position,Position,Position,Rotation,Rotation,Rotation,Rotation,Position,Position,Position,Position,Position,Position,Position,Position,Position,Position,Position,Position
Frame,Time (Seconds),X,Y,Z,W,X,Y,Z,X,Y,Z,W,X,Y,Z,X,Y,Z,W,X,Y,Z,X,Y,Z,W,X,Y,Z,X,Y,Z,W,X,Y,Z,X,Y,Z,X,Y,Z,X,Y,Z
0,0.000000,,,,,,,,,,,,,,,,,,,,,,0.669362,0.671274,0.234339,0.215477,-0.006701,0.044955,0.049186,,,,,,,,0.004933,0.043798,0.066945,-0.016206,0.044525,0.063436,-0.008835,0.046545,0.017100
1,0.008333,,,,,,,,,,,,,,,,,,,,,,0.669542,0.671097,0.234233,0.215586,-0.006703,0.044961,0.049186,,,,,,,,0.004934,0.043800,0.066947,-0.016211,0.044539,0.063433,-0.008837,0.046548,0.017099
2,0.016667,,,,,,,,,,,,,,,,,,,,,,0.669351,0.671301,0.234346,0.215420,-0.006701,0.044960,0.049185,,,,,,,,0.004941,0.043802,0.066946,-0.016210,0.044529,0.063430,-0.008839,0.046552,0.017101
3,0.025000,,,,,,,,,,,,,,,,,,,,,,0.669463,0.671221,0.234281,0.215393,-0.006698,0.044958,0.049187,,,,,,,,0.004942,0.043797,0.066947,-0.016201,0.044529,0.063433,-0.008841,0.046552,0.017103
4,0.033333,,,,,,,,,,,,,,,,,,,,,,0.669727,0.670929,0.234097,0.215681,-0.006701,0.044956,0.049189,,,,,,,,0.004941,0.043791,0.066950,-0.016213,0.044542,0.063438,-0.008836,0.046540,0.017103
5,0.041667,,,,,,,,,,,,,,,,,,,,,,0.669444,0.671192,0.234225,0.215604,-0.006700,0.044950,0.049185,,,,,,,,0.004935,0.043793,0.066948,-0.016207,0.044527,0.063432,-0.008835,0.046533,0.017099
6,0.050000,,,,,,,,,,,,,,,,,,,,,,0.669367,0.671269,0.234275,0.215549,-0.006699,0.044954,0.049186,,,,,,,,0.004935,0.043800,0.066947,-0.016205,0.044528,0.063435,-0.008833,0.046539,0.017098
7,0.058333,,,,,,,,,,,,,,,,,,,,,,0.669806,0.670892,0.234110,0.215536,-0.006698,0.044955,0.049185,,,,,,,,0.004946,0.043784,0.066941,-0.016208,0.044538,0.063436,-0.008839,0.046548,0.017100
8,0.066667,,,,,,,,,,,,,,,,,,,,,,0.669438,0.671221,0.234236,0.215520,-0.006699,0.044957,0.049183,,,,,,,,0.004940,0.043800,0.066941,-0.016207,0.044532,0.063431,-0.008836,0.046543,0.017099
9,0.075000,,,,,,,,,,,,,,,,,,,,,,0.669452,0.671193,0.234214,0.215587,-0.006701,0.044959,0.049183,,,,,,,,0.004936,0.043802,0.066945,-0.016208,0.044536,0.063434,-0.008835,0.046542,0.017092
10,0.083333,,,,,,,,,,,,,,,,,,,,,,0.669382,0.671252,0.234250,0.215580,-0.006700,0.044957,0.049182,,,,,,,,0.004934,0.043802,0.066945,-0.016205,0.044532,0.063430,-0.008835,0.046540,0.017091
11,0.091667,,,,,,,,,,,,,,,,,,,,,,0.669430,0.671191,0.234214,0.215662,-0.006697,0.044953,0.049183,,,,,,,,0.004938,0.043798,0.066946,-0.016206,0.044532,0.063434,-0.008828,0.046532,0.017092
12,0.100000,,,,,,,,,,,,,,,,,,,,,,0.669604,0.671054,0.234117,0.215652,-0.006695,0.044943,0.049183,,,,,,,,0.004943,0.043782,0.066943,-0.016203,0.044526,0.063432,-0.008831,0.046525,0.017096
13,0.108333,,,,,,,,,,,,,,,,,,,,,,0.669525,0.671144,0.234239,0.215486,-0.006700,0.044951,0.049186,,,,,,,,0.004939,0.043789,0.066945,-0.016206,0.044526,0.063435,-0.008838,0.046542,0.017103
14,0.116667,,,,,,,,,,,,,,,,,,,,,,0.669530,0.671111,0.234223,0.215593,-0.006701,0.044953,0.049188,,,,,,,,0.004937,0.043792,0.066951,-0.016209,0.044532,0.063434,-0.008836,0.046539,0.017100
15,0.125000,,,,,,,,,,,,,,,,,,,,,,0.669525,0.671150,0.234304,0.215396,-0.006699,0.044957,0.049184,,,,,,,,0.004943,0.043792,0.066943,-0.016206,0.044528,0.063430,-0.008840,0.046554,0.017101
16,0.133333,,,,,,,,,,,,,,,,,,,,,,0.669458,0.671178,0.234245,0.215583,-0.006696,0.044950,0.049183,,,,,,,,0.004941,0.043792,0.066945,-0.016204,0.044527,0.063429,-0.008830,0.046534,0.017096
17,0.141667,,,,,,,,,,,,,,,,,,,,,,0.669827,0.670838,0.234019,0.215740,-0.006699,0.044964,0.049185,,,,,,,,0.004943,0.043796,0.066945,-0.016214,0.044555,0.063437,-0.008834,0.046545,0.017096
18,0.150000,,,,,,,,,,,,,,,,,,,,,,0.669563,0.671108,0.234204,0.215519,-0.006697,0.044955,0.049181,,,,,,,,0.004945,0.043792,0.066940,-0.016204,0.044531,0.063427,-0.008835,0.046544,0.017099
19,0.158333,,,,,,,,,,,,,,,,,,,,,,0.669578,0.671089,0.234281,0.215447,-0.006698,0.044952,0.049182,,,,,,,,0.004942,0.043786,0.066939,-0.016207,0.044526,0.063434,-0.008835,0.046548,0.017096
20,0.166667,,,,,,,,,,,,,,,,,,,,,,0.669484,0.671167,0.234199,0.215588,-0.006699,0.044956,0.049183,,,,,,,,0.004939,0.043799,0.066942,-0.016207,0.044534,0.063432,-0.008834,0.046539,0.017096
21,0.175000,,,,,,,,,,,,,,,,,,,,,,0.669687,0.670969,0.234045,0.215740,-0.006694,0.044947,0.049184,,,,,,,,0.004945,0.043785,0.066943,-0.016206,0.044535,0.063436,-0.008828,0.046524,0.017095
22,0.183333,,,,,,,,,,,,,,,,,,,,,,0.669649,0.671028,0.234158,0.215550,-0.006692,0.044943,0.049183,,,,,,,,0.004953,0.043778,0.066943,-0.016204,0.044523,0.063431,-0.008831,0.046532,0.017100
23,0.191667,,,,,,,,,,,,,,,,,,,,,,0.669441,0.671222,0.234202,0.215543,-0.006693,0.044939,0.049181,,,,,,,,0.004946,0.043783,0.066937,-0.016202,0.044515,0.063434,-0.008829,0.046523,0.017095
24,0.200000,,,,,,,,,,,,,,,,,,,,,,0.669714,0.670950,0.234058,0.215701,-0.006696,0.044943,0.049180,,,,,,,,0.004944,0.043779,0.066941,-0.016206,0.044531,0.063432,-0.008832,0.046524,0.017087
25,0.208333,,,,,,,,,,,,,,,,,,,,,,0.669260,0.671401,0.234294,0.215448,-0.006695,0.044946,0.049183,,,,,,,,0.004940,0.043795,0.066942,-0.016196,0.044514,0.063432,-0.008834,0.046532,0.017096
26,0.216667,,,,,,,,,,,,,,,,,,,,,,0.669618,0.671050,0.234114,0.215625,-0.006700,0.044956,0.049187,,,,,,,,0.004939,0.043794,0.066947,-0.016210,0.044539,0.063438,-0.008838,0.046539,0.017099
27,0.225000,,,,,,,,,,,,,,,,,,,,,,0.669294,0.671347,0.234302,0.215503,-0.006702,0.044958,0.049184,,,,,,,,0.004933,0.043807,0.066947,-0.016206,0.044529,0.063430,-0.008838,0.046544,0.017097
28,0.233333,,,,,,,,,,,,,,,,,,,,,,0.669726,0.670940,0.234161,0.215581,-0.006699,0.044951,0.049183,,,,,,,,0.004943,0.043781,0.066945,-0.016208,0.044534,0.063431,-0.008836,0.046542,0.017096
29,0.241667,,,,,,,,,,,,,,,,,,,,,,0.669604,0.671068,0.234226,0.215490,-0.006691,0.044942,0.049182,,,,,,,,0.004950,0.043777,0.066940,-0.016197,0.044518,0.063430,-0.008829,0.046534,0.017098
30,0.250000,,,,,,,,,,,,,,,,,,,,,,0.669391,0.671261,0.234306,0.215466,-0.006692,0.044942,0.049182,,,,,,,,0.004949,0.043785,0.066942,-0.016202,0.044513,0.063430,-0.008829,0.046531,0.017098
31,0.258333,,,,,,,,,,,,,,,,,,,,,,0.669347,0.671294,0.234330,0.215474,-0.006689,0.044932,0.049180,,,,,,,,0.004951,0.043775,0.066943,-0.016197,0.044502,0.063428,-0.008825,0.046520,0.017090
32,0.266667,,,,,,,,,,,,,,,,,,,,,,0.669515,0.671137,0.234219,0.215560,-0.006689,0.044939,0.049179,,,,,,,,0.004948,0.043779,0.066936,-0.016197,0.044517,0.063429,-0.008824,0.046526,0.017094
33,0.275000,,,,,,,,,,,,,,,,,,,,,,0.669775,0.670882,0.233996,0.215788,-0.006693,0.044945,0.049185,,,,,,,,0.004949,0.043781,0.066945,-0.016208,0.044538,0.063438,-0.008826,0.046521,0.017096
34,0.283333,,,,,,,,,,,,,,,,,,,,,,0.669430,0.671220,0.234251,0.215529,-0.006695,0.044952,0.049186,,,,,,,,0.004942,0.043796,0.066949,-0.016201,0.044526,0.063435,-0.008832,0.046540,0.017096
35,0.291667,,,,,,,,,,,,,,,,,,,,,,0.669559,0.671110,0.234258,0.215465,-0.006694,0.044950,0.049184,,,,,,,,0.004946,0.043785,0.066942,-0.016201,0.044525,0.063432,-0.008833,0.046544,0.017099
36,0.300000,,,,,,,,,,,,,,,,,,,,,,0.669255,0.671355,0.234283,0.215619,-0.006691,0.044944,0.049182,,,,,,,,0.004941,0.043796,0.066945,-0.016197,0.044518,0.063428,-0.008822,0.046521,0.017094
37,0.308333,,,,,,,,,,,,,,,,,,,,,,0.669407,0.671234,0.234269,0.215540,-0.006686,0.044935,0.049179,,,,,,,,0.004950,0.043777,0.066938,-0.016193,0.044509,0.063428,-0.008821,0.046521,0.017092
38,0.316667,,,,,,,,,,,,,,,,,,,,,,0.669612,0.671075,0.234264,0.215404,-0.006689,0.044942,0.049181,,,,,,,,0.004952,0.043775,0.066940,-0.016193,0.044517,0.063429,-0.008831,0.046542,0.017098
39,0.325000,,,,,,,,,,,,,,,,,,,,,,0.669578,0.671065,0.234158,0.215656,-0.006689,0.044944,0.049181,,,,,,,,0.004949,0.043784,0.066946,-0.016198,0.044527,0.063430,-0.008823,0.046525,0.017088
40,0.333333,,,,,,,,,,,,,,,,,,,,,,0.669344,0.671313,0.234263,0.215496,-0.006687,0.044938,0.049182,,,,,,,,0.004949,0.043785,0.066942,-0.016190,0.044509,0.063434,-0.008824,0.046524,0.017091
41,0.341667,,,,,,,,,,,,,,,,,,,,,,0.669453,0.671198,0.234234,0.215547,-0.006692,0.044947,0.049185,,,,,,,,0.004943,0.043789,0.066944,-0.016198,0.044524,0.063436,-0.008827,0.046533,0.017099
42,0.350000,,,,,,,,,,,,,,,,,,,,,,0.669430,0.671219,0.234189,0.215600,-0.006692,0.044947,0.049182,,,,,,,,0.004945,0.043793,0.066944,-0.016197,0.044525,0.063430,-0.008827,0.046528,0.017094
43,0.358333,,,,,,,,,,,,,,,,,,,,,,0.669727,0.670966,0.234143,0.215517,-0.006690,0.044945,0.049182,,,,,,,,0.004956,0.043775,0.066938,-0.016201,0.044526,0.063436,-0.008829,0.046538,0.017095
44,0.366667,,,,,,,,,,,,,,,,,,,,,,0.669745,0.670918,0.234136,0.215617,-0.006689,0.044940,0.049180,,,,,,,,0.004950,0.043771,0.066940,-0.016199,0.044523,0.063432,-0.008824,0.046527,0.017090
45,0.375000,,,,,,,,,,,,,,,,,,,,,,0.669704,0.670935,0.234040,0.215798,-0.006690,0.044936,0.049181,,,,,,,,0.004946,0.043774,0.066942,-0.016201,0.044525,0.063434,-0.008821,0.046510,0.017090
46,0.383333,,,,,,,,,,,,,,,,,,,,,,0.669448,0.671191,0.234237,0.215581,-0.006693,0.044940,0.049184,,,,,,,,0.004943,0.043784,0.066948,-0.016200,0.044516,0.063432,-0.008829,0.046526,0.017095
47,0.391667,,,,,,,,,,,,,,,,,,,,,,0.669667,0.671005,0.234147,0.215578,-0.006695,0.044946,0.049181,,,,,,,,0.004947,0.043781,0.066938,-0.016205,0.044529,0.063432,-0.008833,0.046535,0.017095
48,0.400000,,,,,,,,,,,,,,,,,,,,,,0.669547,0.671112,0.234245,0.215510,-0.006695,0.044947,0.049184,,,,,,,,0.004946,0.043784,0.066947,-0.016204,0.044522,0.063431,-0.008833,0.046538,0.017096
49,0.408333,,,,,,,,,,,,,,,,,,,,,,0.669557,0.671094,0.234161,0.215626,-0.006700,0.044951,0.049183,,,,,,,,0.004936,0.043792,0.066943,-0.016208,0.044533,0.063436,-0.008835,0.046534,0.017092
50,0.416667,,,,,,,,,,,,,,,,,,,,,,0.669451,0.671207,0.234280,0.215477,-0.006702,0.044956,0.049183,,,,,,,,0.004938,0.043797,0.066945,-0.016209,0.044529,0.063431,-0.008840,0.046548,0.017095
51,0.425000,,,,,,,,,,,,,,,,,,,,,,0.669612,0.671059,0.234184,0.215541,-0.006704,0.044956,0.049184,,,,,,,,0.004937,0.043791,0.066944,-0.016213,0.044536,0.063435,-0.008842,0.046545,0.017095
52,0.433333,,,,,,,,,,,,,,,,,,,,,,0.669356,0.671276,0.234277,0.215560,-0.006701,0.044951,0.049181,,,,,,,,0.004936,0.043798,0.066943,-0.016209,0.044524,0.063429,-0.008834,0.046534,0.017093
53,0.441667,,,,,,,,,,,,,,,,,,,,,,0.669673,0.670969,0.234193,0.215621,-0.006700,0.044951,0.049181,,,,,,,,0.004942,0.043783,0.066945,-0.016212,0.044534,0.063430,-0.008834,0.046541,0.017089
54,0.450000,,,,,,,,,,,,,,,,,,,,,,0.669425,0.671224,0.234241,0.215545,-0.006704,0.044958,0.049186,,,,,,,,0.004930,0.043803,0.066951,-0.016206,0.044533,0.063431,-0.008843,0.046543,0.017099
55,0.458333,,,,,,,,,,,,,,,,,,,,,,0.669799,0.670877,0.234044,0.215681,-0.006706,0.044953,0.049186,,,,,,,,0.004938,0.043783,0.066947,-0.016219,0.044542,0.063436,-0.008844,0.046535,0.017098
56,0.466667,,,,,,,,,,,,,,,,,,,,,,0.669653,0.670998,0.234075,0.215724,-0.006707,0.044954,0.049186,,,,,,,,0.004934,0.043795,0.066947,-0.016220,0.044541,0.063434,-0.008841,0.046532,0.017100
57,0.475000,,,,,,,,,,,,,,,,,,,,,,0.669751,0.670921,0.234078,0.215652,-0.006706,0.044952,0.049181,,,,,,,,0.004936,0.043784,0.066941,-0.016216,0.044538,0.063432,-0.008844,0.046538,0.017092
58,0.483333,,,,,,,,,,,,,,,,,,,,,,0.669421,0.671245,0.234297,0.215434,-0.006709,0.044959,0.049182,,,,,,,,0.004929,0.043802,0.066946,-0.016211,0.044529,0.063428,-0.008851,0.046552,0.017093
59,0.491667,,,,,,,,,,,,,,,,,,,,,,0.669520,0.671116,0.234229,0.215599,-0.006707,0.044961,0.049183,,,,,,,,0.004931,0.043800,0.066946,-0.016218,0.044541,0.063433,-0.008840,0.046546,0.017093
60,0.500000,,,,,,,,,,,,,,,,,,,,,,0.669775,0.670897,0.234068,0.215663,-0.006710,0.044963,0.049181,,,,,,,,0.004934,0.043795,0.066942,-0.016222,0.044551,0.063431,-0.008848,0.046548,0.017093
61,0.508333,,,,,,,,,,,,,,,,,,,,,,0.669817,0.670844,0.234064,0.215701,-0.006706,0.044955,0.049180,,,,,,,,0.004937,0.043785,0.066938,-0.016222,0.044542,0.063432,-0.008839,0.046538,0.017093
62,0.516667,,,,,,,,,,,,,,,,,,,,,,0.669539,0.671108,0.234192,0.215607,-0.006705,0.044948,0.049179,,,,,,,,0.004930,0.043788,0.066939,-0.016210,0.044525,0.063431,-0.008839,0.046532,0.017087
63,0.525000,,,,,,,,,,,,,,,,,,,,,,0.669699,0.670962,0.234151,0.215609,-0.006702,0.044945,0.049182,,,,,,,,0.004940,0.043777,0.066941,-0.016214,0.044528,0.063433,-0.008837,0.046533,0.017096
64,0.533333,,,,,,,,,,,,,,,,,,,,,,0.669692,0.670973,0.234157,0.215589,-0.006705,0.044954,0.049182,,,,,,,,0.004934,0.043789,0.066939,-0.016216,0.044536,0.063433,-0.008841,0.046544,0.017096
65,0.541667,,,,,,,,,,,,,,,,,,,,,,0.669582,0.671064,0.234169,0.215635,-0.006700,0.044942,0.049176,,,,,,,,0.004939,0.043780,0.066934,-0.016210,0.044521,0.063427,-0.008831,0.046523,0.017088
66,0.550000,,,,,,,,,,,,,,,,,,,,,,0.669574,0.671103,0.234272,0.215428,-0.006702,0.044946,0.049179,,,,,,,,0.004941,0.043780,0.066939,-0.016211,0.044519,0.063428,-0.008844,0.046545,0.017092
67,0.558333,,,,,,,,,,,,,,,,,,,,,,0.669235,0.671394,0.234312,0.215529,-0.006704,0.044955,0.049181,,,,,,,,0.004928,0.043810,0.066945,-0.016209,0.044528,0.063430,-0.008838,0.046537,0.017089
68,0.566667,,,,,,,,,,,,,,,,,,,,,,0.669331,0.671282,0.234300,0.215590,-0.006704,0.044959,0.049183,,,,,,,,0.004932,0.043805,0.066948,-0.016213,0.044534,0.063429,-0.008836,0.046543,0.017095
69,0.575000,,,,,,,,,,,,,,,,,,,,,,0.669643,0.671019,0.234190,0.215561,-0.006704,0.044958,0.049184,,,,,,,,0.004939,0.043791,0.066945,-0.016215,0.044539,0.063435,-0.008842,0.046549,0.017096
70,0.583333,,,,,,,,,,,,,,,,,,,,,,0.669595,0.671081,0.234171,0.215538,-0.006700,0.044952,0.049180,,,,,,,,0.004945,0.043789,0.066941,-0.016211,0.044530,0.063429,-0.008839,0.046539,0.017090
71,0.591667,,,,,,,,,,,,,,,,,,,,,,0.669598,0.671062,0.234207,0.215549,-0.006699,0.044947,0.049180,,,,,,,,0.004943,0.043782,0.066940,-0.016212,0.044525,0.063428,-0.008835,0.046535,0.017097
72,0.600000,,,,,,,,,,,,,,,,,,,,,,0.669620,0.671061,0.234132,0.215564,-0.006700,0.044948,0.049178,,,,,,,,0.004941,0.043786,0.066936,-0.016207,0.044529,0.063431,-0.008839,0.046533,0.017089
73,0.608333,,,,,,,,,,,,,,,,,,,,,,0.669660,0.670988,0.234136,0.215664,-0.006696,0.044939,0.049176,,,,,,,,0.004946,0.043773,0.066937,-0.016210,0.044521,0.063426,-0.008828,0.046521,0.017089
74,0.616667,,,,,,,,,,,,,,,,,,,,,,0.669502,0.671140,0.234161,0.215653,-0.006697,0.044943,0.049180,,,,,,,,0.004940,0.043788,0.066944,-0.016205,0.044524,0.063428,-0.008833,0.046524,0.017091
75,0.625000,,,,,,,,,,,,,,,,,,,,,,0.669456,0.671178,0.234306,0.215520,-0.006699,0.044951,0.049182,,,,,,,,0.004937,0.043792,0.066945,-0.016208,0.044525,0.063430,-0.008834,0.046545,0.017094
76,0.633333,,,,,,,,,,,,,,,,,,,,,,0.669526,0.671130,0.234233,0.215534,-0.006703,0.044959,0.049183,,,,,,,,0.004936,0.043799,0.066942,-0.016212,0.044537,0.063434,-0.008840,0.046548,0.017095
77,0.641667,,,,,,,,,,,,,,,,,,,,,,0.669626,0.671035,0.234158,0.215600,-0.006702,0.044956,0.049180,,,,,,,,0.004938,0.043791,0.066937,-0.016213,0.044537,0.063432,-0.008837,0.046541,0.017091
78,0.650000,,,,,,,,,,,,,,,,,,,,,,0.669593,0.671049,0.234094,0.215726,-0.006696,0.044943,0.049176,,,,,,,,0.004942,0.043784,0.066934,-0.016207,0.044527,0.063427,-0.008827,0.046517,0.017086
79,0.658333,,,,,,,,,,,,,,,,,,,,,,0.669521,0.671152,0.234249,0.215461,-0.006696,0.044944,0.049177,,,,,,,,0.004946,0.043781,0.066939,-0.016202,0.044517,0.063425,-0.008838,0.046540,0.017092
80,0.666667,,,,,,,,,,,,,,,,,,,,,,0.669650,0.671009,0.234155,0.215610,-0.006703,0.044956,0.049181,,,,,,,,0.004935,0.043794,0.066941,-0.016215,0.044542,0.063431,-0.008839,0.046543,0.017095
81,0.675000,,,,,,,,,,,,,,,,,,,,,,0.669594,0.671045,0.234190,0.215636,-0.006703,0.044954,0.049179,,,,,,,,0.004941,0.043791,0.066942,-0.016219,0.044533,0.063428,-0.008835,0.046538,0.017089
82,0.683333,,,,,,,,,,,,,,,,,,,,,,0.669739,0.670938,0.234208,0.215495,-0.006707,0.044961,0.049180,,,,,,,,0.004937,0.043790,0.066941,-0.016217,0.044542,0.063427,-0.008849,0.046562,0.017097
83,0.691667,,,,,,,,,,,,,,,,,,,,,,,,,,,,,,,,,,,,0.004937,0.043786,0.066934,-0.016220,0.044546,0.063432,-0.008841,0.046554,0.017097
84,0.700000,,,,,,,,,,,,,,,,,,,,,,0.669438,0.671192,0.234296,0.215545,-0.006708,0.044964,0.049179,,,,,,,,0.004930,0.043807,0.066941,-0.016220,0.044538,0.063425,-0.008841,0.046551,0.017095
85,0.708333,,,,,,,,,,,,,,,,,,,,,,0.669552,0.671092,0.234188,0.215620,-0.006702,0.044959,0.049178,,,,,,,,0.004938,0.043797,0.066940,-0.016211,0.044540,0.063428,-0.008836,0.046542,0.017088
86,0.716667,,,,,,,,,,,,,,,,,,,,,,0.669599,0.671061,0.234093,0.215673,-0.006702,0.044952,0.049178,,,,,,,,0.004939,0.043791,0.066936,-0.016214,0.044535,0.063429,-0.008838,0.046528,0.017091
87,0.725000,,,,,,,,,,,,,,,,,,,,,,0.669690,0.670998,0.234167,0.215505,-0.006703,0.044952,0.049180,,,,,,,,0.004942,0.043783,0.066940,-0.016211,0.044531,0.063430,-0.008845,0.046547,0.017096
88,0.733333,,,,,,,,,,,,,,,,,,,,,,0.669597,0.671059,0.234158,0.215614,-0.006703,0.044953,0.049183,,,,,,,,0.004936,0.043793,0.066946,-0.016211,0.044535,0.063435,-0.008837,0.046536,0.017089
89,0.741667,,,,,,,,,,,,,,,,,,,,,,0.669762,0.670908,0.234147,0.215584,-0.006706,0.044961,0.049180,,,,,,,,0.004935,0.043791,0.066936,-0.016219,0.044546,0.063431,-0.008844,0.046555,0.017094
90,0.750000,,,,,,,,,,,,,,,,,,,,,,0.669652,0.670999,0.234183,0.215606,-0.006706,0.044959,0.049177,,,,,,,,0.004935,0.043795,0.066936,-0.016220,0.044539,0.063427,-0.008839,0.046545,0.017089
91,0.758333,,,,,,,,,,,,,,,,,,,,,,0.669718,0.670941,0.234104,0.215666,-0.006704,0.044955,0.049178,,,,,,,,0.004938,0.043789,0.066941,-0.016214,0.044541,0.063427,-0.008840,0.046538,0.017090
92,0.766667,,,,,,,,,,,,,,,,,,,,,,0.669694,0.670958,0.234160,0.215627,-0.006704,0.044960,0.049177,,,,,,,,0.004938,0.043795,0.066936,-0.016219,0.044543,0.063428,-0.008838,0.046549,0.017090
93,0.775000,,,,,,,,,,,,,,,,,,,,,,0.669587,0.671055,0.234224,0.215585,-0.006706,0.044962,0.049176,,,,,,,,0.004933,0.043800,0.066937,-0.016218,0.044541,0.063427,-0.008840,0.046551,0.017087
94,0.783333,,,,,,,,,,,,,,,,,,,,,,0.669585,0.671072,0.234185,0.215585,-0.006704,0.044964,0.049174,,,,,,,,0.004940,0.043801,0.066938,-0.016215,0.044544,0.063425,-0.008840,0.046550,0.017079
95,0.791667,,,,,,,,,,,,,,,,,,,,,,0.669518,0.671121,0.234182,0.215644,-0.006703,0.044953,0.049175,,,,,,,,0.004934,0.043793,0.066939,-0.016213,0.044531,0.063423,-0.008837,0.046532,0.017087
96,0.800000,,,,,,,,,,,,,,,,,,,,,,0.669372,0.671254,0.234270,0.215585,-0.006706,0.044956,0.049181,,,,,,,,0.004929,0.043804,0.066946,-0.016215,0.044531,0.063431,-0.008840,0.046542,0.017093
97,0.808333,,,,,,,,,,,,,,,,,,,,,,0.669302,0.671328,0.234301,0.215539,-0.006707,0.044958,0.049182,,,,,,,,0.004926,0.043806,0.066944,-0.016210,0.044530,0.063431,-0.008841,0.046543,0.017091
98,0.816667,,,,,,,,,,,,,,,,,,,,,,0.669384,0.671250,0.234202,0.215635,-0.006702,0.044955,0.049175,,,,,,,,0.004940,0.043801,0.066936,-0.016215,0.044533,0.063425,-0.008833,0.046531,0.017082
99,0.825000,,,,,,,,,,,,,,,,,,,,,,0.669843,0.670838,0.233978,0.215735,-0.006702,0.044955,0.049177,,,,,,,,0.004944,0.043785,0.066937,-0.016218,0.044550,0.063437,-0.008839,0.046537,0.017083
100,0.833333,,,,,,,,,,,,,,,,,,,,,,0.669762,0.670909,0.234082,0.215651,-0.006704,0.044957,0.049180,,,,,,,,0.004939,0.043791,0.066940,-0.016216,0.044541,0.063431,-0.008840,0.046544,0.017093
101,0.841667,,,,,,,,,,,,,,,,,,,,,,0.669647,0.671012,0.234162,0.215601,-0.006709,0.044967,0.049180,,,,,,,,0.004930,0.043805,0.066941,-0.016221,0.044550,0.063429,-0.008847,0.046556,0.017093
102,0.850000,,,,,,,,,,,,,,,,,,,,,,0.669669,0.671016,0.234126,0.215559,-0.006706,0.044959,0.049178,,,,,,,,0.004939,0.043792,0.066938,-0.016213,0.044538,0.063429,-0.008846,0.046545,0.017086
103,0.858333,,,,,,,,,,,,,,,,,,,,,,0.669654,0.671015,0.234117,0.215619,-0.006704,0.044956,0.049178,,,,,,,,0.004939,0.043792,0.066943,-0.016214,0.044539,0.063425,-0.008842,0.046539,0.017088
104,0.866667,,,,,,,,,,,,,,,,,,,,,,0.669500,0.671147,0.234191,0.215605,-0.006707,0.044961,0.049182,,,,,,,,0.004931,0.043806,0.066944,-0.016218,0.044541,0.063433,-0.008842,0.046546,0.017096
105,0.875000,,,,,,,,,,,,,,,,,,,,,,0.669396,0.671247,0.234250,0.215553,-0.006704,0.044957,0.049181,,,,,,,,0.004936,0.043801,0.066943,-0.016212,0.044530,0.063429,-0.008839,0.046541,0.017089
106,0.883333,,,,,,,,,,,,,,,,,,,,,,0.669443,0.671228,0.234268,0.215449,-0.006702,0.044954,0.049177,,,,,,,,0.004941,0.043793,0.066940,-0.016208,0.044526,0.063424,-0.008844,0.046546,0.017087
107,0.891667,,,,,,,,,,,,,,,,,,,,,,0.669591,0.671083,0.234173,0.215542,-0.006702,0.044954,0.049177,,,,,,,,0.004939,0.043791,0.066937,-0.016209,0.044536,0.063426,-0.008840,0.046541,0.017091
108,0.900000,,,,,,,,,,,,,,,,,,,,,,0.669799,0.670873,0.234064,0.215667,-0.006704,0.044962,0.049179,,,,,,,,0.004941,0.043794,0.066941,-0.016219,0.044553,0.063430,-0.008841,0.046548,0.017090
109,0.908333,,,,,,,,,,,,,,,,,,,,,,0.669612,0.671052,0.234196,0.215550,-0.006708,0.044966,0.049181,,,,,,,,0.004933,0.043804,0.066944,-0.016218,0.044542,0.063432,-0.008846,0.046557,0.017090
110,0.916667,,,,,,,,,,,,,,,,,,,,,,0.669785,0.670898,0.234138,0.215553,-0.006706,0.044965,0.049181,,,,,,,,0.004938,0.043791,0.066940,-0.016215,0.044548,0.063434,-0.008845,0.046557,0.017092
111,0.925000,,,,,,,,,,,,,,,,,,,,,,0.669809,0.670874,0.234088,0.215607,-0.006704,0.044958,0.049179,,,,,,,,0.004940,0.043787,0.066939,-0.016214,0.044542,0.063428,-0.008843,0.046544,0.017090
112,0.933333,,,,,,,,,,,,,,,,,,,,,,0.669742,0.670905,0.234076,0.215733,-0.006704,0.044957,0.049177,,,,,,,,0.004938,0.043793,0.066941,-0.016219,0.044546,0.063428,-0.008835,0.046537,0.017084
113,0.941667,,,,,,,,,,,,,,,,,,,,,,0.669579,0.671054,0.234144,0.215702,-0.006700,0.044956,0.049178,,,,,,,,0.004942,0.043797,0.066942,-0.016213,0.044538,0.063428,-0.008831,0.046536,0.017087
114,0.950000,,,,,,,,,,,,,,,,,,,,,,0.669488,0.671139,0.234144,0.215720,-0.006700,0.044954,0.049179,,,,,,,,0.004935,0.043800,0.066944,-0.016209,0.044537,0.063431,-0.008831,0.046529,0.017084
115,0.958333,,,,,,,,,,,,,,,,,,,,,,0.669576,0.671074,0.234112,0.215685,-0.006699,0.044958,0.049178,,,,,,,,0.004942,0.043799,0.066939,-0.016212,0.044543,0.063431,-0.008834,0.046540,0.017085
116,0.966667,,,,,,,,,,,,,,,,,,,,,,0.669664,0.670972,0.234147,0.215689,-0.006699,0.044958,0.049179,,,,,,,,0.004943,0.043792,0.066944,-0.016213,0.044542,0.063428,-0.008830,0.046542,0.017087
117,0.975000,,,,,,,,,,,,,,,,,,,,,,0.669629,0.671013,0.234215,0.215596,-0.006700,0.044956,0.049181,,,,,,,,0.004942,0.043791,0.066944,-0.016213,0.044534,0.063432,-0.008835,0.046547,0.017090
118,0.983333,,,,,,,,,,,,,,,,,,,,,,0.669717,0.670954,0.234080,0.215656,-0.006700,0.044957,0.049181,,,,,,,,0.004944,0.043792,0.066942,-0.016212,0.044544,0.063434,-0.008837,0.046538,0.017091
119,0.991667,,,,,,,,,,,,,,,,,,,,,,0.669667,0.670997,0.234175,0.215573,-0.006698,0.044953,0.049179,,,,,,,,0.004947,0.043786,0.066939,-0.016210,0.044531,0.063427,-0.008834,0.046544,0.017093
120,1.000000,,,,,,,,,,,,,,,,,,,,,,0.669332,0.671298,0.234382,0.215452,-0.006698,0.044955,0.049179,,,,,,,,0.004938,0.043801,0.066945,-0.016205,0.044521,0.063423,-0.008834,0.046548,0.017090
121,1.008333,,,,,,,,,,,,,,,,,,,,,,0.669384,0.671270,0.234307,0.215459,-0.006700,0.044955,0.049183,,,,,,,,0.004942,0.043796,0.066950,-0.016207,0.044529,0.063433,-0.008840,0.046545,0.017094
122,1.016667,,,,,,,,,,,,,,,,,,,,,,0.669654,0.671016,0.234092,0.215644,-0.006700,0.044960,0.049183,,,,,,,,0.004941,0.043798,0.066945,-0.016209,0.044549,0.063434,-0.008837,0.046542,0.017091
123,1.025000,,,,,,,,,,,,,,,,,,,,,,0.669741,0.670919,0.234038,0.215734,-0.006695,0.044955,0.049181,,,,,,,,0.004947,0.043788,0.066945,-0.016205,0.044542,0.063430,-0.008830,0.046532,0.017087
124,1.033333,,,,,,,,,,,,,,,,,,,,,,0.669593,0.671051,0.234135,0.215676,-0.006697,0.044957,0.049180,,,,,,,,0.004940,0.043799,0.066943,-0.016208,0.044539,0.063429,-0.008832,0.046540,0.017090
125,1.041667,,,,,,,,,,,,,,,,,,,,,,0.669328,0.671299,0.234140,0.215722,-0.006699,0.044958,0.049184,,,,,,,,0.004937,0.043815,0.066950,-0.016208,0.044539,0.063432,-0.008831,0.046525,0.017095
126,1.050000,,,,,,,,,,,,,,,,,,,,,,0.669363,0.671264,0.234233,0.215624,-0.006700,0.044961,0.049184,,,,,,,,0.004934,0.043806,0.066947,-0.016208,0.044538,0.063434,-0.008833,0.046547,0.017090
127,1.058333,,,,,,,,,,,,,,,,,,,,,,0.669373,0.671267,0.234268,0.215544,-0.006699,0.044956,0.049182,,,,,,,,0.004941,0.043798,0.066946,-0.016206,0.044527,0.063426,-0.008836,0.046538,0.017095
128,1.066667,,,,,,,,,,,,,,,,,,,,,,0.669576,0.671088,0.234128,0.215622,-0.006696,0.044952,0.049179,,,,,,,,0.004946,0.043790,0.066939,-0.016206,0.044537,0.063431,-0.008832,0.046533,0.017088
129,1.075000,,,,,,,,,,,,,,,,,,,,,,0.669673,0.670991,0.234140,0.215609,-0.006699,0.044955,0.049183,,,,,,,,0.004941,0.043789,0.066949,-0.016211,0.044537,0.063435,-0.008838,0.046544,0.017093
130,1.083333,,,,,,,,,,,,,,,,,,,,,,0.669758,0.670908,0.234044,0.215708,-0.006700,0.044960,0.049186,,,,,,,,0.004942,0.043797,0.066949,-0.016211,0.044552,0.063438,-0.008835,0.046541,0.017095
131,1.091667,,,,,,,,,,,,,,,,,,,,,,0.669583,0.671074,0.234115,0.215660,-0.006698,0.044954,0.049186,,,,,,,,0.004941,0.043794,0.066948,-0.016205,0.044532,0.063435,-0.008834,0.046533,0.017095
132,1.100000,,,,,,,,,,,,,,,,,,,,,,0.669506,0.671143,0.234179,0.215616,-0.006699,0.044961,0.049185,,,,,,,,0.004940,0.043806,0.066950,-0.016210,0.044544,0.063432,-0.008836,0.046547,0.017095
133,1.108333,,,,,,,,,,,,,,,,,,,,,,0.669658,0.671020,0.234127,0.215581,-0.006700,0.044967,0.049184,,,,,,,,0.004943,0.043801,0.066944,-0.016208,0.044550,0.063434,-0.008841,0.046555,0.017093
134,1.116667,,,,,,,,,,,,,,,,,,,,,,0.669386,0.671287,0.234283,0.215425,-0.006700,0.044966,0.049184,,,,,,,,0.004938,0.043812,0.066949,-0.016201,0.044532,0.063432,-0.008842,0.046557,0.017093
135,1.125000,,,,,,,,,,,,,,,,,,,,,,0.669436,0.671228,0.234302,0.215432,-0.006697,0.044959,0.049183,,,,,,,,0.004944,0.043794,0.066946,-0.016202,0.044530,0.063433,-0.008835,0.046550,0.017090
136,1.133333,,,,,,,,,,,,,,,,,,,,,,0.669491,0.671166,0.234249,0.215513,-0.006702,0.044961,0.049186,,,,,,,,0.004936,0.043802,0.066953,-0.016212,0.044538,0.063433,-0.008843,0.046550,0.017097
137,1.141667,,,,,,,,,,,,,,,,,,,,,,0.669656,0.671011,0.234115,0.215628,-0.006704,0.044967,0.049188,,,,,,,,0.004941,0.043804,0.066948,-0.016217,0.044555,0.063442,-0.008839,0.046552,0.017099
138,1.150000,,,,,,,,,,,,,,,,,,,,,,0.669673,0.670997,0.234090,0.215646,-0.006703,0.044967,0.049188,,,,,,,,0.004940,0.043803,0.066951,-0.016214,0.044549,0.063441,-0.008840,0.046549,0.017093
139,1.158333,,,,,,,,,,,,,,,,,,,,,,0.669421,0.671225,0.234272,0.215521,-0.006701,0.044963,0.049187,,,,,,,,0.004936,0.043806,0.066950,-0.016207,0.044531,0.063436,-0.008836,0.046551,0.017098
140,1.166667,,,,,,,,,,,,,,,,,,,,,,0.669600,0.671062,0.234135,0.215621,-0.006699,0.044959,0.049187,,,,,,,,0.004945,0.043794,0.066948,-0.016210,0.044545,0.063439,-0.008835,0.046539,0.017096
141,1.175000,,,,,,,,,,,,,,,,,,,,,,0.669610,0.671042,0.234110,0.215681,-0.006699,0.044965,0.049187,,,,,,,,0.004939,0.043808,0.066953,-0.016208,0.044550,0.063435,-0.008834,0.046548,0.017094
142,1.183333,,,,,,,,,,,,,,,,,,,,,,0.669646,0.670994,0.234113,0.215713,-0.006702,0.044966,0.049189,,,,,,,,0.004935,0.043802,0.066951,-0.016214,0.044551,0.063439,-0.008835,0.046546,0.017100
143,1.191667,,,,,,,,,,,,,,,,,,,,,,0.669496,0.671155,0.234250,0.215529,-0.006704,0.044969,0.049190,,,,,,,,0.004936,0.043812,0.066954,-0.016212,0.044542,0.063438,-0.008844,0.046563,0.017102
144,1.200000,,,,,,,,,,,,,,,,,,,,,,0.669700,0.670961,0.234081,0.215683,-0.006702,0.044967,0.049188,,,,,,,,0.004942,0.043800,0.066949,-0.016216,0.044558,0.063438,-0.008836,0.046543,0.017097
145,1.208333,,,,,,,,,,,,,,,,,,,,,,0.669810,0.670857,0.234048,0.215703,-0.006702,0.044968,0.049190,,,,,,,,0.004942,0.043799,0.066956,-0.016214,0.044555,0.063439,-0.008840,0.046555,0.017099
146,1.216667,,,,,,,,,,,,,,,,,,,,,,0.669632,0.671033,0.234163,0.215584,-0.006701,0.044965,0.049189,,,,,,,,0.004940,0.043801,0.066952,-0.016209,0.044541,0.063437,-0.008839,0.046551,0.017098
147,1.225000,,,,,,,,,,,,,,,,,,,,,,0.669544,0.671115,0.234093,0.215676,-0.006699,0.044960,0.049188,,,,,,,,0.004943,0.043804,0.066950,-0.016210,0.044545,0.063437,-0.008834,0.046532,0.017099
148,1.233333,,,,,,,,,,,,,,,,,,,,,,0.669453,0.671210,0.234224,0.215519,-0.006699,0.044962,0.049187,,,,,,,,0.004942,0.043805,0.066950,-0.016204,0.044535,0.063433,-0.008839,0.046556,0.017099
149,1.241667,,,,,,,,,,,,,,,,,,,,,,0.669637,0.671057,0.234192,0.215461,-0.006701,0.044966,0.049187,,,,,,,,0.004945,0.043798,0.066947,-0.016210,0.044547,0.063440,-0.008844,0.046561,0.017098
150,1.250000,,,,,,,,,,,,,,,,,,,,,,0.669696,0.670975,0.234122,0.215609,-0.006702,0.044967,0.049190,,,,,,,,0.004938,0.043804,0.066954,-0.016213,0.044552,0.063442,-0.008837,0.046551,0.017101
151,1.258333,,,,,,,,,,,,,,,,,,,,,,0.669587,0.671062,0.234159,0.215637,-0.006703,0.044970,0.049193,,,,,,,,0.004937,0.043811,0.066961,-0.016211,0.044551,0.063438,-0.008840,0.046554,0.017105
152,1.266667,,,,,,,,,,,,,,,,,,,,,,0.669514,0.671139,0.234183,0.215596,-0.006700,0.044967,0.049192,,,,,,,,0.004940,0.043808,0.066954,-0.016205,0.044544,0.063439,-0.008836,0.046550,0.017099
153,1.275000,,,,,,,,,,,,,,,,,,,,,,0.669536,0.671123,0.234173,0.215588,-0.006699,0.044960,0.049190,,,,,,,,0.004944,0.043797,0.066954,-0.016212,0.044538,0.063439,-0.008837,0.046542,0.017098
154,1.283333,,,,,,,,,,,,,,,,,,,,,,0.669495,0.671160,0.234161,0.215614,-0.006698,0.044958,0.049192,,,,,,,,0.004941,0.043802,0.066959,-0.016202,0.044538,0.063440,-0.008835,0.046538,0.017101
155,1.291667,,,,,,,,,,,,,,,,,,,,,,0.669366,0.671295,0.234240,0.215509,-0.006697,0.044960,0.049193,,,,,,,,0.004941,0.043807,0.066956,-0.016200,0.044532,0.063440,-0.008838,0.046548,0.017102
156,1.300000,,,,,,,,,,,,,,,,,,,,,,0.669513,0.671157,0.234170,0.215559,-0.006700,0.044972,0.049191,,,,,,,,0.004941,0.043816,0.066954,-0.016212,0.044559,0.063441,-0.008841,0.046561,0.017096
157,1.308333,,,,,,,,,,,,,,,,,,,,,,0.669674,0.671015,0.234061,0.215616,-0.006698,0.044968,0.049190,,,,,,,,0.004950,0.043799,0.066952,-0.016207,0.044549,0.063442,-0.008838,0.046546,0.017100
158,1.316667,,,,,,,,,,,,,,,,,,,,,,0.669532,0.671147,0.234200,0.215496,-0.006699,0.044963,0.049191,,,,,,,,0.004942,0.043803,0.066953,-0.016206,0.044536,0.063440,-0.008840,0.046556,0.017100
159,1.325000,,,,,,,,,,,,,,,,,,,,,,0.669483,0.671179,0.234230,0.215517,-0.006702,0.044970,0.049192,,,,,,,,0.004937,0.043813,0.066958,-0.016212,0.044550,0.063444,-0.008841,0.046559,0.017095
160,1.333333,,,,,,,,,,,,,,,,,,,,,,0.669504,0.671149,0.234124,0.215661,-0.006697,0.044963,0.049191,,,,,,,,0.004943,0.043804,0.066953,-0.016203,0.044542,0.063444,-0.008829,0.046533,0.017093
161,1.341667,,,,,,,,,,,,,,,,,,,,,,0.669518,0.671127,0.234081,0.215730,-0.006694,0.044955,0.049189,,,,,,,,0.004944,0.043799,0.066955,-0.016203,0.044539,0.063440,-0.008828,0.046528,0.017092
162,1.350000,,,,,,,,,,,,,,,,,,,,,,0.669521,0.671115,0.234135,0.215701,-0.006696,0.044956,0.049190,,,,,,,,0.004938,0.043800,0.066953,-0.016205,0.044539,0.063442,-0.008829,0.046538,0.017098
163,1.358333,,,,,,,,,,,,,,,,,,,,,,0.669672,0.671002,0.234138,0.215582,-0.006699,0.044961,0.049193,,,,,,,,0.004944,0.043794,0.066956,-0.016207,0.044545,0.063442,-0.008843,0.046555,0.017105
164,1.366667,,,,,,,,,,,,,,,,,,,,,,0.669591,0.671084,0.234159,0.215553,-0.006697,0.044960,0.049192,,,,,,,,0.004945,0.043799,0.066953,-0.016203,0.044536,0.063442,-0.008833,0.046542,0.017101
165,1.375000,,,,,,,,,,,,,,,,,,,,,,0.669552,0.671116,0.234130,0.215609,-0.006696,0.044963,0.049191,,,,,,,,0.004943,0.043806,0.066955,-0.016203,0.044548,0.063441,-0.008835,0.046547,0.017098
166,1.383333,,,,,,,,,,,,,,,,,,,,,,0.669365,0.671296,0.234281,0.215465,-0.006695,0.044961,0.049190,,,,,,,,0.004946,0.043804,0.066956,-0.016199,0.044524,0.063437,-0.008835,0.046550,0.017097
167,1.391667,,,,,,,,,,,,,,,,,,,,,,0.669262,0.671375,0.234268,0.215552,-0.006697,0.044963,0.049192,,,,,,,,0.004939,0.043817,0.066957,-0.016206,0.044541,0.063442,-0.008831,0.046540,0.017099
168,1.400000,,,,,,,,,,,,,,,,,,,,,,0.669609,0.671065,0.234132,0.215586,-0.006698,0.044964,0.049191,,,,,,,,0.004948,0.043794,0.066950,-0.016207,0.044547,0.063441,-0.008840,0.046554,0.017100
169,1.408333,,,,,,,,,,,,,,,,,,,,,,0.669717,0.670964,0.234086,0.215617,-0.006698,0.044962,0.049189,,,,,,,,0.004944,0.043798,0.066951,-0.016207,0.044545,0.063440,-0.008835,0.046543,0.017096
170,1.416667,,,,,,,,,,,,,,,,,,,,,,0.669611,0.671023,0.234133,0.215712,-0.006698,0.044960,0.049188,,,,,,,,0.004938,0.043800,0.066954,-0.016213,0.044544,0.063440,-0.008828,0.046539,0.017093
171,1.425000,,,,,,,,,,,,,,,,,,,,,,0.669681,0.670980,0.234133,0.215628,-0.006699,0.044962,0.049190,,,,,,,,0.004945,0.043795,0.066951,-0.016208,0.044546,0.063441,-0.008839,0.046553,0.017105
172,1.433333,,,,,,,,,,,,,,,,,,,,,,0.669686,0.671001,0.234136,0.215544,-0.006697,0.044960,0.049193,,,,,,,,0.004946,0.043793,0.066953,-0.016202,0.044538,0.063444,-0.008836,0.046547,0.017106
173,1.441667,,,,,,,,,,,,,,,,,,,,,,0.669528,0.671131,0.234178,0.215583,-0.006696,0.044960,0.049191,,,,,,,,0.004939,0.043806,0.066954,-0.016201,0.044540,0.063436,-0.008833,0.046544,0.017098
174,1.450000,,,,,,,,,,,,,,,,,,,,,,0.669726,0.670925,0.234049,0.215748,-0.006696,0.044960,0.049187,,,,,,,,0.004948,0.043791,0.066951,-0.016211,0.044553,0.063437,-0.008830,0.046537,0.017091
175,1.458333,,,,,,,,,,,,,,,,,,,,,,0.669567,0.671089,0.234149,0.215625,-0.006697,0.044963,0.049188,,,,,,,,0.004942,0.043809,0.066953,-0.016204,0.044538,0.063437,-0.008836,0.046551,0.017097
176,1.466667,,,,,,,,,,,,,,,,,,,,,,0.669614,0.671054,0.234089,0.215654,-0.006701,0.044969,0.049190,,,,,,,,0.004939,0.043808,0.066951,-0.016214,0.044561,0.063443,-0.008840,0.046548,0.017100
177,1.475000,,,,,,,,,,,,,,,,,,,,,,0.669828,0.670850,0.234026,0.215690,-0.006702,0.044967,0.049190,,,,,,,,0.004943,0.043794,0.066951,-0.016212,0.044554,0.063440,-0.008839,0.046553,0.017100
178,1.483333,,,,,,,,,,,,,,,,,,,,,,0.669558,0.671095,0.234221,0.215556,-0.006695,0.044954,0.049186,,,,,,,,0.004945,0.043791,0.066948,-0.016197,0.044519,0.063433,-0.008826,0.046537,0.017091
179,1.491667,,,,,,,,,,,,,,,,,,,,,,0.669563,0.671094,0.234150,0.215621,-0.006694,0.044955,0.049187,,,,,,,,0.004941,0.043797,0.066951,-0.016203,0.044545,0.063441,-0.008833,0.046538,0.017098
180,1.500000,,,,,,,,,,,,,,,,,,,,,,0.669598,0.671069,0.234120,0.215623,-0.006696,0.044956,0.049191,,,,,,,,0.004944,0.043793,0.066955,-0.016203,0.044533,0.063443,-0.008834,0.046538,0.017099
181,1.508333,,,,,,,,,,,,,,,,,,,,,,0.669486,0.671170,0.234163,0.215608,-0.006695,0.044950,0.049190,,,,,,,,0.004946,0.043793,0.066951,-0.016204,0.044527,0.063441,-0.008829,0.046527,0.017095
182,1.516667,,,,,,,,,,,,,,,,,,,,,,0.669407,0.671246,0.234212,0.215566,-0.006694,0.044952,0.049187,,,,,,,,0.004944,0.043799,0.066950,-0.016199,0.044529,0.063437,-0.008831,0.046539,0.017093
183,1.525000,,,,,,,,,,,,,,,,,,,,,,0.669457,0.671193,0.234162,0.215631,-0.006694,0.044959,0.049187,,,,,,,,0.004943,0.043806,0.066951,-0.016204,0.044545,0.063440,-0.008829,0.046538,0.017092
184,1.533333,,,,,,,,,,,,,,,,,,,,,,0.669626,0.671030,0.234115,0.215661,-0.006697,0.044960,0.049188,,,,,,,,0.004942,0.043794,0.066949,-0.016207,0.044543,0.063440,-0.008833,0.046545,0.017099
185,1.541667,,,,,,,,,,,,,,,,,,,,,,0.669555,0.671104,0.234181,0.215581,-0.006699,0.044958,0.049189,,,,,,,,0.004939,0.043800,0.066949,-0.016206,0.044534,0.063437,-0.008837,0.046543,0.017101
186,1.550000,,,,,,,,,,,,,,,,,,,,,,0.669625,0.671028,0.234160,0.215622,-0.006697,0.044957,0.049186,,,,,,,,0.004945,0.043790,0.066944,-0.016210,0.044542,0.063437,-0.008829,0.046542,0.017095
187,1.558333,,,,,,,,,,,,,,,,,,,,,,0.669734,0.670928,0.234138,0.215617,-0.006696,0.044953,0.049184,,,,,,,,0.004948,0.043782,0.066946,-0.016206,0.044533,0.063433,-0.008833,0.046541,0.017093
188,1.566667,,,,,,,,,,,,,,,,,,,,,,0.669616,0.671045,0.234198,0.215557,-0.006696,0.044953,0.049186,,,,,,,,0.004945,0.043793,0.066950,-0.016208,0.044532,0.063438,-0.008833,0.046544,0.017098
189,1.575000,,,,,,,,,,,,,,,,,,,,,,0.669554,0.671106,0.234135,0.215627,-0.006696,0.044958,0.049190,,,,,,,,0.004944,0.043802,0.066952,-0.016206,0.044544,0.063441,-0.008833,0.046536,0.017101
190,1.583333,,,,,,,,,,,,,,,,,,,,,,0.669601,0.671046,0.234094,0.215713,-0.006696,0.044958,0.049187,,,,,,,,0.004945,0.043797,0.066945,-0.016212,0.044543,0.063434,-0.008828,0.046536,0.017096
191,1.591667,,,,,,,,,,,,,,,,,,,,,,0.669583,0.671051,0.234132,0.215710,-0.006697,0.044958,0.049184,,,,,,,,0.004940,0.043799,0.066948,-0.016208,0.044541,0.063432,-0.008831,0.046538,0.017094
192,1.600000,,,,,,,,,,,,,,,,,,,,,,0.669580,0.671065,0.234166,0.215639,-0.006701,0.044961,0.049187,,,,,,,,0.004937,0.043800,0.066952,-0.016212,0.044543,0.063438,-0.008839,0.046549,0.017100
193,1.608333,,,,,,,,,,,,,,,,,,,,,,0.669568,0.671079,0.234151,0.215650,-0.006702,0.044960,0.049188,,,,,,,,0.004939,0.043800,0.066950,-0.016214,0.044541,0.063438,-0.008835,0.046537,0.017098
194,1.616667,,,,,,,,,,,,,,,,,,,,,,0.669570,0.671080,0.234155,0.215637,-0.006698,0.044954,0.049185,,,,,,,,0.004944,0.043790,0.066945,-0.016207,0.044532,0.063432,-0.008832,0.046537,0.017096
195,1.625000,,,,,,,,,,,,,,,,,,,,,,0.669517,0.671124,0.234197,0.215617,-0.006698,0.044952,0.049185,,,,,,,,0.004939,0.043795,0.066947,-0.016211,0.044531,0.063435,-0.008832,0.046535,0.017095
196,1.633333,,,,,,,,,,,,,,,,,,,,,,0.669513,0.671128,0.234210,0.215605,-0.006699,0.044954,0.049185,,,,,,,,0.004940,0.043793,0.066950,-0.016208,0.044533,0.063434,-0.008835,0.046541,0.017092
197,1.641667,,,,,,,,,,,,,,,,,,,,,,0.669732,0.670932,0.234119,0.215632,-0.006701,0.044959,0.049185,,,,,,,,0.004940,0.043792,0.066944,-0.016215,0.044551,0.063436,-0.008840,0.046550,0.017097
198,1.650000,,,,,,,,,,,,,,,,,,,,,,0.669698,0.670957,0.234138,0.215643,-0.006700,0.044955,0.049185,,,,,,,,0.004939,0.043787,0.066947,-0.016207,0.044529,0.063435,-0.008831,0.046534,0.017092
199,1.658333,,,,,,,,,,,,,,,,,,,,,,0.669652,0.671010,0.234148,0.215606,-0.006700,0.044954,0.049185,,,,,,,,0.004940,0.043792,0.066945,-0.016209,0.044541,0.063434,-0.008841,0.046545,0.017101
200,1.666667,,,,,,,,,,,,,,,,,,,,,,0.669647,0.671010,0.234130,0.215641,-0.006702,0.044960,0.049186,,,,,,,,0.004934,0.043801,0.066948,-0.016212,0.044545,0.063438,-0.008835,0.046544,0.017096
201,1.675000,,,,,,,,,,,,,,,,,,,,,,0.669420,0.671213,0.234214,0.215627,-0.006701,0.044961,0.049187,,,,,,,,0.004938,0.043810,0.066951,-0.016209,0.044535,0.063437,-0.008833,0.046541,0.017095
202,1.683333,,,,,,,,,,,,,,,,,,,,,,0.669511,0.671126,0.234148,0.215682,-0.006699,0.044956,0.049185,,,,,,,,0.004942,0.043791,0.066941,-0.016215,0.044540,0.063436,-0.008830,0.046530,0.017094
203,1.691667,,,,,,,,,,,,,,,,,,,,,,0.669667,0.670993,0.234065,0.215706,-0.006699,0.044952,0.049184,,,,,,,,0.004943,0.043790,0.066948,-0.016207,0.044537,0.063435,-0.008836,0.046532,0.017097
204,1.700000,,,,,,,,,,,,,,,,,,,,,,0.669712,0.670956,0.234118,0.215620,-0.006699,0.044955,0.049186,,,,,,,,0.004942,0.043789,0.066946,-0.016210,0.044540,0.063434,-0.008837,0.046549,0.017104
205,1.708333,,,,,,,,,,,,,,,,,,,,,,0.669748,0.670914,0.234148,0.215608,-0.006697,0.044952,0.049185,,,,,,,,0.004947,0.043779,0.066942,-0.016207,0.044530,0.063434,-0.008829,0.046535,0.017095
206,1.716667,,,,,,,,,,,,,,,,,,,,,,0.669583,0.671063,0.234216,0.215581,-0.006695,0.044947,0.049185,,,,,,,,0.004941,0.043788,0.066949,-0.016205,0.044522,0.063437,-0.008830,0.046535,0.017096
207,1.725000,,,,,,,,,,,,,,,,,,,,,,0.669624,0.671033,0.234151,0.215620,-0.006697,0.044951,0.049187,,,,,,,,0.004943,0.043788,0.066948,-0.016206,0.044541,0.063439,-0.008834,0.046537,0.017100
208,1.733333,,,,,,,,,,,,,,,,,,,,,,0.669583,0.671078,0.234171,0.215584,-0.006699,0.044958,0.049188,,,,,,,,0.004937,0.043801,0.066952,-0.016207,0.044535,0.063436,-0.008839,0.046549,0.017100
209,1.741667,,,,,,,,,,,,,,,,,,,,,,0.669610,0.671040,0.234106,0.215689,-0.006700,0.044958,0.049187,,,,,,,,0.004938,0.043795,0.066948,-0.016209,0.044548,0.063438,-0.008832,0.046530,0.017095
210,1.750000,,,,,,,,,,,,,,,,,,,,,,0.669611,0.671036,0.234086,0.215721,-0.006695,0.044951,0.049184,,,,,,,,0.004945,0.043789,0.066942,-0.016203,0.044527,0.063436,-0.008826,0.046528,0.017090
211,1.758333,,,,,,,,,,,,,,,,,,,,,,0.669655,0.671004,0.234134,0.215632,-0.006695,0.044952,0.049184,,,,,,,,0.004948,0.043787,0.066945,-0.016213,0.044540,0.063436,-0.008833,0.046543,0.017099
212,1.766667,,,,,,,,,,,,,,,,,,,,,,0.669614,0.671037,0.234140,0.215649,-0.006697,0.044955,0.049188,,,,,,,,0.004937,0.043798,0.066954,-0.016203,0.044536,0.063440,-0.008831,0.046534,0.017099
213,1.775000,,,,,,,,,,,,,,,,,,,,,,0.669583,0.671046,0.234112,0.215750,-0.006696,0.044950,0.049188,,,,,,,,0.004945,0.043787,0.066948,-0.016210,0.044536,0.063438,-0.008823,0.046522,0.017092
214,1.783333,,,,,,,,,,,,,,,,,,,,,,0.669663,0.670984,0.234142,0.215663,-0.006695,0.044950,0.049186,,,,,,,,0.004944,0.043785,0.066945,-0.016206,0.044531,0.063438,-0.008833,0.046544,0.017096
215,1.791667,,,,,,,,,,,,,,,,,,,,,,0.669527,0.671125,0.234264,0.215511,-0.006695,0.044952,0.049186,,,,,,,,0.004942,0.043793,0.066948,-0.016199,0.044524,0.063434,-0.008829,0.046542,0.017098
216,1.800000,,,,,,,,,,,,,,,,,,,,,,0.669568,0.671088,0.234200,0.215569,-0.006695,0.044957,0.049188,,,,,,,,0.004946,0.043795,0.066951,-0.016208,0.044545,0.063438,-0.008835,0.046545,0.017100
217,1.808333,,,,,,,,,,,,,,,,,,,,,,0.669686,0.670977,0.234117,0.215640,-0.006696,0.044960,0.049187,,,,,,,,0.004946,0.043795,0.066946,-0.016207,0.044543,0.063437,-0.008830,0.046544,0.017096
218,1.816667,,,,,,,,,,,,,,,,,,,,,,0.669607,0.671050,0.234157,0.215614,-0.006696,0.044956,0.049184,,,,,,,,0.004940,0.043792,0.066943,-0.016204,0.044532,0.063435,-0.008833,0.046538,0.017094
219,1.825000,,,,,,,,,,,,,,,,,,,,,,0.669559,0.671097,0.234165,0.215606,-0.006699,0.044954,0.049185,,,,,,,,0.004940,0.043795,0.066946,-0.016212,0.044536,0.063439,-0.008835,0.046538,0.017095
220,1.833333,,,,,,,,,,,,,,,,,,,,,,0.669657,0.671003,0.234108,0.215655,-0.006701,0.044954,0.049188,,,,,,,,0.004943,0.043787,0.066951,-0.016215,0.044539,0.063440,-0.008837,0.046535,0.017099
221,1.841667,,,,,,,,,,,,,,,,,,,,,,0.669681,0.670965,0.234108,0.215701,-0.006697,0.044951,0.049187,,,,,,,,0.004947,0.043787,0.066949,-0.016210,0.044534,0.063436,-0.008825,0.046531,0.017093
222,1.850000,,,,,,,,,,,,,,,,,,,,,,0.669555,0.671081,0.234159,0.215675,-0.006694,0.044949,0.049184,,,,,,,,0.004942,0.043793,0.066946,-0.016202,0.044529,0.063433,-0.008829,0.046530,0.017089
223,1.858333,,,,,,,,,,,,,,,,,,,,,,0.669591,0.671052,0.234133,0.215681,-0.006693,0.044946,0.049182,,,,,,,,0.004947,0.043779,0.066940,-0.016206,0.044529,0.063434,-0.008825,0.046523,0.017092
224,1.866667,,,,,,,,,,,,,,,,,,,,,,0.669531,0.671095,0.234185,0.215678,-0.006696,0.044947,0.049184,,,,,,,,0.004936,0.043797,0.066953,-0.016207,0.044529,0.063432,-0.008830,0.046533,0.017096
225,1.875000,,,,,,,,,,,,,,,,,,,,,,0.669566,0.671072,0.234168,0.215659,-0.006698,0.044953,0.049186,,,,,,,,0.004943,0.043790,0.066947,-0.016208,0.044541,0.063438,-0.008833,0.046538,0.017095
226,1.883333,,,,,,,,,,,,,,,,,,,,,,0.669741,0.670905,0.234066,0.215745,-0.006699,0.044959,0.049186,,,,,,,,0.004936,0.043798,0.066949,-0.016212,0.044553,0.063434,-0.008832,0.046541,0.017095
227,1.891667,,,,,,,,,,,,,,,,,,,,,,0.669770,0.670882,0.234018,0.215778,-0.006699,0.044957,0.049184,,,,,,,,0.004944,0.043788,0.066944,-0.016205,0.044542,0.063433,-0.008833,0.046530,0.017092
228,1.900000,,,,,,,,,,,,,,,,,,,,,,0.669633,0.671031,0.234136,0.215614,-0.006699,0.044956,0.049187,,,,,,,,0.004938,0.043799,0.066951,-0.016208,0.044535,0.063436,-0.008839,0.046551,0.017105
229,1.908333,,,,,,,,,,,,,,,,,,,,,,0.669591,0.671062,0.234162,0.215621,-0.006701,0.044961,0.049189,,,,,,,,0.004938,0.043800,0.066952,-0.016213,0.044549,0.063438,-0.008836,0.046540,0.017098
230,1.916667,,,,,,,,,,,,,,,,,,,,,,0.669587,0.671049,0.234103,0.215736,-0.006699,0.044957,0.049184,,,,,,,,0.004940,0.043796,0.066942,-0.016210,0.044535,0.063433,-0.008827,0.046529,0.017085
231,1.925000,,,,,,,,,,,,,,,,,,,,,,0.669678,0.670988,0.234085,0.215661,-0.006697,0.044952,0.049179,,,,,,,,0.004947,0.043781,0.066940,-0.016204,0.044538,0.063430,-0.008840,0.046539,0.017087
232,1.933333,,,,,,,,,,,,,,,,,,,,,,0.669680,0.670995,0.234093,0.215626,-0.006699,0.044955,0.049183,,,,,,,,0.004936,0.043800,0.066948,-0.016209,0.044539,0.063440,-0.008834,0.046539,0.017095
233,1.941667,,,,,,,,,,,,,,,,,,,,,,0.669568,0.671083,0.234129,0.215663,-0.006703,0.044964,0.049189,,,,,,,,0.004936,0.043810,0.066952,-0.016217,0.044554,0.063441,-0.008841,0.046551,0.017101
234,1.950000,,,,,,,,,,,,,,,,,,,,,,0.669569,0.671081,0.234138,0.215655,-0.006706,0.044968,0.049188,,,,,,,,0.004931,0.043807,0.066949,-0.016213,0.044546,0.063436,-0.008840,0.046548,0.017093
235,1.958333,,,,,,,,,,,,,,,,,,,,,,0.669641,0.671011,0.234155,0.215630,-0.006702,0.044960,0.049182,,,,,,,,0.004944,0.043786,0.066940,-0.016209,0.044538,0.063430,-0.008833,0.046543,0.017087
236,1.966667,,,,,,,,,,,,,,,,,,,,,,0.669627,0.671017,0.234176,0.215634,-0.006698,0.044954,0.049180,,,,,,,,0.004939,0.043795,0.066946,-0.016208,0.044533,0.063428,-0.008832,0.046537,0.017090
237,1.975000,,,,,,,,,,,,,,,,,,,,,,0.669609,0.671025,0.234146,0.215697,-0.006701,0.044957,0.049184,,,,,,,,0.004935,0.043796,0.066949,-0.016216,0.044547,0.063439,-0.008835,0.046540,0.017090
238,1.983333,,,,,,,,,,,,,,,,,,,,,,0.669658,0.670988,0.234103,0.215704,-0.006702,0.044959,0.049184,,,,,,,,0.004940,0.043798,0.066945,-0.016212,0.044542,0.063432,-0.008836,0.046541,0.017090
239,1.991667,,,,,,,,,,,,,,,,,,,,,,0.669608,0.671038,0.234120,0.215686,-0.006700,0.044958,0.049181,,,,,,,,0.004940,0.043798,0.066945,-0.016212,0.044542,0.063432,-0.008836,0.046541,0.017090
240,2.000000,,,,,,,,,,,,,,,,,,,,,,0.669517,0.671119,0.234192,0.215639,-0.006701,0.044959,0.049179,,,,,,,,0.004940,0.043796,0.066945,-0.016212,0.044541,0.063431,-0.008833,0.046536,0.017085
241,2.008333,,,,,,,,,,,,,,,,,,,,,,0.669598,0.671044,0.234170,0.215643,-0.006703,0.044962,0.049182,,,,,,,,0.004936,0.043805,0.066942,-0.016212,0.044537,0.063430,-0.008836,0.046548,0.017085
242,2.016667,,,,,,,,,,,,,,,,,,,,,,0.669734,0.670921,0.234131,0.215649,-0.006706,0.044968,0.049184,,,,,,,,0.004937,0.043795,0.066944,-0.016219,0.044550,0.063436,-0.008837,0.046544,0.017097
243,2.025000,,,,,,,,,,,,,,,,,,,,,,0.669628,0.671015,0.234171,0.215644,-0.006706,0.044968,0.049182,,,,,,,,0.004932,0.043806,0.066945,-0.016219,0.044554,0.063434,-0.008844,0.046565,0.017096
244,2.033333,,,,,,,,,,,,,,,,,,,,,,0.669730,0.670918,0.234097,0.215708,-0.006703,0.044959,0.049179,,,,,,,,0.004934,0.043802,0.066946,-0.016215,0.044545,0.063428,-0.008836,0.046540,0.017085
245,2.041667,,,,,,,,,,,,,,,,,,,,,,0.669713,0.670955,0.234132,0.215605,-0.006701,0.044955,0.049180,,,,,,,,0.004940,0.043784,0.066937,-0.016215,0.044546,0.063430,-0.008837,0.046543,0.017089
246,2.050000,,,,,,,,,,,,,,,,,,,,,,0.669587,0.671064,0.234136,0.215653,-0.006702,0.044957,0.049183,,,,,,,,0.004943,0.043794,0.066943,-0.016209,0.044531,0.063433,-0.008837,0.046543,0.017094
247,2.058333,,,,,,,,,,,,,,,,,,,,,,0.669547,0.671091,0.234173,0.215653,-0.006706,0.044964,0.049184,,,,,,,,0.004934,0.043801,0.066945,-0.016219,0.044550,0.063439,-0.008834,0.046535,0.017090
248,2.066667,,,,,,,,,,,,,,,,,,,,,,0.669537,0.671113,0.234206,0.215581,-0.006708,0.044965,0.049184,,,,,,,,0.004932,0.043809,0.066947,-0.016217,0.044540,0.063431,-0.008844,0.046558,0.017094
249,2.075000,,,,,,,,,,,,,,,,,,,,,,0.669590,0.671065,0.234165,0.215611,-0.006707,0.044964,0.049182,,,,,,,,0.004931,0.043800,0.066942,-0.016216,0.044548,0.063435,-0.008841,0.046544,0.017095
250,2.083333,,,,,,,,,,,,,,,,,,,,,,0.669524,0.671130,0.234241,0.215531,-0.006707,0.044967,0.049181,,,,,,,,0.004932,0.043805,0.066945,-0.016213,0.044542,0.063428,-0.008844,0.046555,0.017090
251,2.091667,,,,,,,,,,,,,,,,,,,,,,0.669595,0.671053,0.234194,0.215602,-0.006707,0.044968,0.049183,,,,,,,,0.004931,0.043806,0.066947,-0.016215,0.044545,0.063427,-0.008847,0.046558,0.017095
252,2.100000,,,,,,,,,,,,,,,,,,,,,,0.669664,0.670988,0.234159,0.215625,-0.006704,0.044962,0.049179,,,,,,,,0.004934,0.043805,0.066944,-0.016220,0.044552,0.063434,-0.008838,0.046552,0.017094
253,2.108333,,,,,,,,,,,,,,,,,,,,,,0.669624,0.671039,0.234205,0.215541,-0.006705,0.044958,0.049179,,,,,,,,0.004942,0.043788,0.066938,-0.016214,0.044535,0.063423,-0.008841,0.046545,0.017088
254,2.116667,,,,,,,,,,,,,,,,,,,,,,0.669599,0.671065,0.234229,0.215513,-0.006708,0.044962,0.049185,,,,,,,,0.004930,0.043799,0.066945,-0.016214,0.044539,0.063431,-0.008845,0.046553,0.017095
255,2.125000,,,,,,,,,,,,,,,,,,,,,,0.669597,0.671055,0.234200,0.215584,-0.006706,0.044958,0.049184,,,,,,,,0.004933,0.043795,0.066948,-0.016215,0.044540,0.063435,-0.008847,0.046555,0.017097
256,2.133333,,,,,,,,,,,,,,,,,,,,,,0.669503,0.671123,0.234212,0.215650,-0.006703,0.044953,0.049181,,,,,,,,0.004934,0.043793,0.066945,-0.016214,0.044534,0.063431,-0.008835,0.046534,0.017091
257,2.141667,,,,,,,,,,,,,,,,,,,,,,0.669668,0.670987,0.234164,0.215611,-0.006705,0.044958,0.049178,,,,,,,,0.004931,0.043796,0.066943,-0.016212,0.044531,0.063430,-0.008835,0.046537,0.017088
258,2.150000,,,,,,,,,,,,,,,,,,,,,,0.669857,0.670817,0.234083,0.215643,-0.006709,0.044968,0.049180,,,,,,,,0.004940,0.043789,0.066935,-0.016222,0.044551,0.063429,-0.008847,0.046556,0.017091
259,2.158333,,,,,,,,,,,,,,,,,,,,,,0.669637,0.671012,0.234172,0.215622,-0.006709,0.044968,0.049182,,,,,,,,0.004930,0.043805,0.066948,-0.016222,0.044560,0.063429,-0.008846,0.046559,0.017096
260,2.166667,,,,,,,,,,,,,,,,,,,,,,0.669548,0.671105,0.234199,0.215579,-0.006708,0.044961,0.049180,,,,,,,,0.004928,0.043803,0.066941,-0.016214,0.044537,0.063430,-0.008843,0.046549,0.017091
261,2.175000,,,,,,,,,,,,,,,,,,,,,,0.669624,0.671026,0.234124,0.215671,-0.006708,0.044963,0.049179,,,,,,,,0.004932,0.043795,0.066942,-0.016216,0.044542,0.063431,-0.008844,0.046544,0.017086
262,2.183333,,,,,,,,,,,,,,,,,,,,,,0.669590,0.671061,0.234172,0.215615,-0.006709,0.044966,0.049181,,,,,,,,0.004933,0.043808,0.066941,-0.016224,0.044552,0.063429,-0.008841,0.046546,0.017091
263,2.191667,,,,,,,,,,,,,,,,,,,,,,0.669640,0.671020,0.234198,0.215560,-0.006709,0.044961,0.049180,,,,,,,,0.004933,0.043799,0.066941,-0.016220,0.044541,0.063435,-0.008847,0.046558,0.017092
264,2.200000,,,,,,,,,,,,,,,,,,,,,,0.669667,0.670979,0.234146,0.215657,-0.006705,0.044953,0.049177,,,,,,,,0.004931,0.043790,0.066940,-0.016219,0.044540,0.063428,-0.008842,0.046542,0.017089
265,2.208333,,,,,,,,,,,,,,,,,,,,,,0.669736,0.670916,0.234082,0.215708,-0.006703,0.044953,0.049178,,,,,,,,0.004937,0.043787,0.066938,-0.016212,0.044533,0.063423,-0.008837,0.046533,0.017089
266,2.216667,,,,,,,,,,,,,,,,,,,,,,0.669712,0.670949,0.234103,0.215662,-0.006705,0.044957,0.049180,,,,,,,,0.004938,0.043788,0.066938,-0.016219,0.044548,0.063434,-0.008837,0.046537,0.017091
267,2.225000,,,,,,,,,,,,,,,,,,,,,,0.669606,0.671050,0.234161,0.215615,-0.006707,0.044959,0.049180,,,,,,,,0.004932,0.043796,0.066940,-0.016213,0.044533,0.063429,-0.008843,0.046545,0.017093
268,2.233333,,,,,,,,,,,,,,,,,,,,,,0.669629,0.671012,0.234143,0.215679,-0.006707,0.044959,0.049179,,,,,,,,0.004933,0.043799,0.066941,-0.016224,0.044550,0.063430,-0.008843,0.046544,0.017091
269,2.241667,,,,,,,,,,,,,,,,,,,,,,0.669425,0.671196,0.234252,0.215620,-0.006704,0.044952,0.049178,,,,,,,,0.004934,0.043794,0.066943,-0.016216,0.044533,0.063427,-0.008838,0.046539,0.017087
270,2.250000,,,,,,,,,,,,,,,,,,,,,,0.669459,0.671174,0.234228,0.215610,-0.006704,0.044951,0.049180,,,,,,,,0.004932,0.043797,0.066940,-0.016212,0.044523,0.063428,-0.008833,0.046529,0.017087
271,2.258333,,,,,,,,,,,,,,,,,,,,,,0.669692,0.670966,0.234164,0.215602,-0.006709,0.044960,0.049183,,,,,,,,0.004935,0.043790,0.066945,-0.016218,0.044537,0.063430,-0.008844,0.046541,0.017096
272,2.266667,,,,,,,,,,,,,,,,,,,,,,0.669786,0.670856,0.234086,0.215737,-0.006708,0.044959,0.049181,,,,,,,,0.004933,0.043797,0.066947,-0.016224,0.044549,0.063432,-0.008847,0.046558,0.017097
273,2.275000,,,,,,,,,,,,,,,,,,,,,,0.669844,0.670792,0.233993,0.215859,-0.006704,0.044952,0.049176,,,,,,,,0.004936,0.043783,0.066938,-0.016223,0.044545,0.063432,-0.008830,0.046521,0.017081
274,2.283333,,,,,,,,,,,,,,,,,,,,,,0.669777,0.670874,0.234084,0.215710,-0.006705,0.044958,0.049177,,,,,,,,0.004936,0.043788,0.066937,-0.016218,0.044547,0.063423,-0.008839,0.046538,0.017090
275,2.291667,,,,,,,,,,,,,,,,,,,,,,0.669605,0.671045,0.234201,0.215586,-0.006705,0.044958,0.049180,,,,,,,,0.004936,0.043793,0.066940,-0.016218,0.044543,0.063427,-0.008840,0.046546,0.017097
276,2.300000,,,,,,,,,,,,,,,,,,,,,,0.669524,0.671120,0.234237,0.215567,-0.006705,0.044956,0.049179,,,,,,,,0.004934,0.043795,0.066943,-0.016213,0.044530,0.063428,-0.008842,0.046545,0.017093
277,2.308333,,,,,,,,,,,,,,,,,,,,,,0.669681,0.670972,0.234151,0.215633,-0.006702,0.044953,0.049176,,,,,,,,0.004936,0.043795,0.066941,-0.016218,0.044537,0.063426,-0.008838,0.046541,0.017087
278,2.316667,,,,,,,,,,,,,,,,,,,,,,0.669654,0.671002,0.234135,0.215640,-0.006702,0.044951,0.049177,,,,,,,,0.004946,0.043777,0.066932,-0.016213,0.044533,0.063427,-0.008835,0.046536,0.017089
279,2.325000,,,,,,,,,,,,,,,,,,,,,,0.669538,0.671098,0.234176,0.215659,-0.006708,0.044956,0.049181,,,,,,,,0.004933,0.043801,0.066943,-0.016220,0.044534,0.063426,-0.008840,0.046533,0.017094
280,2.333333,,,,,,,,,,,,,,,,,,,,,,0.669613,0.671034,0.234183,0.215616,-0.006707,0.044956,0.049181,,,,,,,,0.004932,0.043790,0.066942,-0.016221,0.044540,0.063432,-0.008842,0.046543,0.017099
281,2.341667,,,,,,,,,,,,,,,,,,,,,,0.669512,0.671138,0.234182,0.215607,-0.006704,0.044950,0.049177,,,,,,,,0.004933,0.043796,0.066940,-0.016215,0.044532,0.063429,-0.008841,0.046540,0.017090
282,2.350000,,,,,,,,,,,,,,,,,,,,,,0.669543,0.671104,0.234182,0.215619,-0.006701,0.044946,0.049176,,,,,,,,0.004938,0.043785,0.066935,-0.016211,0.044526,0.063426,-0.008836,0.046524,0.017082
283,2.358333,,,,,,,,,,,,,,,,,,,,,,0.669570,0.671075,0.234282,0.215515,-0.006703,0.044952,0.049180,,,,,,,,0.004938,0.043786,0.066943,-0.016212,0.044524,0.063425,-0.008836,0.046538,0.017088
284,2.366667,,,,,,,,,,,,,,,,,,,,,,0.669611,0.671040,0.234276,0.215500,-0.006708,0.044961,0.049181,,,,,,,,0.004937,0.043787,0.066942,-0.016219,0.044532,0.063433,-0.008843,0.046556,0.017096
285,2.375000,,,,,,,,,,,,,,,,,,,,,,0.669468,0.671160,0.234275,0.215575,-0.006708,0.044962,0.049178,,,,,,,,0.004932,0.043802,0.066945,-0.016224,0.044543,0.063427,-0.008845,0.046555,0.017089
286,2.383333,,,,,,,,,,,,,,,,,,,,,,0.669533,0.671106,0.234209,0.215611,-0.006705,0.044956,0.049177,,,,,,,,0.004929,0.043803,0.066942,-0.016214,0.044531,0.063426,-0.008838,0.046541,0.017085
287,2.391667,,,,,,,,,,,,,,,,,,,,,,0.669741,0.670914,0.234063,0.215723,-0.006706,0.044956,0.049180,,,,,,,,0.004938,0.043784,0.066936,-0.016215,0.044540,0.063429,-0.008841,0.046539,0.017092
288,2.400000,,,,,,,,,,,,,,,,,,,,,,0.669608,0.671028,0.234085,0.215757,-0.006705,0.044952,0.049179,,,,,,,,0.004929,0.043801,0.066946,-0.016222,0.044549,0.063431,-0.008839,0.046533,0.017092
289,2.408333,,,,,,,,,,,,,,,,,,,,,,0.669535,0.671123,0.234169,0.215594,-0.006701,0.044942,0.049175,,,,,,,,0.004943,0.043781,0.066938,-0.016213,0.044522,0.063428,-0.008835,0.046522,0.017079
290,2.416667,,,,,,,,,,,,,,,,,,,,,,0.669568,0.671082,0.234183,0.215608,-0.006704,0.044949,0.049177,,,,,,,,0.004937,0.043784,0.066937,-0.016211,0.044520,0.063427,-0.008840,0.046531,0.017087
291,2.425000,,,,,,,,,,,,,,,,,,,,,,0.669638,0.670996,0.234146,0.215698,-0.006709,0.044962,0.049181,,,,,,,,0.004932,0.043793,0.066942,-0.016219,0.044542,0.063427,-0.008837,0.046538,0.017089
292,2.433333,,,,,,,,,,,,,,,,,,,,,,0.669629,0.671026,0.234150,0.215627,-0.006711,0.044967,0.049182,,,,,,,,0.004929,0.043808,0.066946,-0.016226,0.044551,0.063434,-0.008847,0.046554,0.017094
293,2.441667,,,,,,,,,,,,,,,,,,,,,,0.669723,0.670944,0.234115,0.215628,-0.006708,0.044958,0.049180,,,,,,,,0.004934,0.043797,0.066942,-0.016221,0.044545,0.063432,-0.008845,0.046548,0.017089
294,2.450000,,,,,,,,,,,,,,,,,,,,,,0.669669,0.670987,0.234138,0.215637,-0.006707,0.044952,0.049178,,,,,,,,0.004935,0.043784,0.066938,-0.016219,0.044538,0.063431,-0.008843,0.046540,0.017089
295,2.458333,,,,,,,,,,,,,,,,,,,,,,0.669457,0.671174,0.234224,0.215621,-0.006707,0.044951,0.049178,,,,,,,,0.004932,0.043794,0.066940,-0.016220,0.044531,0.063428,-0.008840,0.046534,0.017087
296,2.466667,,,,,,,,,,,,,,,,,,,,,,0.669504,0.671137,0.234213,0.215602,-0.006708,0.044952,0.049181,,,,,,,,0.004932,0.043794,0.066943,-0.016220,0.044526,0.063427,-0.008839,0.046534,0.017093
297,2.475000,,,,,,,,,,,,,,,,,,,,,,0.669578,0.671082,0.234191,0.215567,-0.006708,0.044953,0.049182,,,,,,,,0.004933,0.043792,0.066943,-0.016217,0.044539,0.063434,-0.008845,0.046542,0.017094
298,2.483333,,,,,,,,,,,,,,,,,,,,,,0.669638,0.671013,0.234186,0.215599,-0.006709,0.044953,0.049181,,,,,,,,0.004929,0.043789,0.066944,-0.016216,0.044521,0.063429,-0.008845,0.046539,0.017088
299,2.491667,,,,,,,,,,,,,,,,,,,,,,0.669950,0.670715,0.234007,0.215751,-0.006709,0.044963,0.049182,,,,,,,,0.004935,0.043787,0.066940,-0.016224,0.044554,0.063432,-0.008843,0.046545,0.017093
300,2.500000,,,,,,,,,,,,,,,,,,,,,,0.669816,0.670844,0.234059,0.215712,-0.006711,0.044967,0.049184,,,,,,,,0.004930,0.043795,0.066944,-0.016221,0.044557,0.063432,-0.008844,0.046551,0.017100
301,2.508333,,,,,,,,,,,,,,,,,,,,,,0.669703,0.670953,0.234076,0.215701,-0.006710,0.044964,0.049182,,,,,,,,0.004928,0.043803,0.066946,-0.016222,0.044552,0.063434,-0.008848,0.046549,0.017095
302,2.516667,,,,,,,,,,,,,,,,,,,,,,0.669681,0.670967,0.234098,0.215706,-0.006707,0.044957,0.049179,,,,,,,,0.004935,0.043795,0.066942,-0.016221,0.044548,0.063431,-0.008840,0.046538,0.017088
303,2.525000,,,,,,,,,,,,,,,,,,,,,,0.669537,0.671105,0.234239,0.215570,-0.006707,0.044954,0.049180,,,,,,,,0.004932,0.043792,0.066942,-0.016216,0.044535,0.063425,-0.008842,0.046539,0.017090
304,2.533333,,,,,,,,,,,,,,,,,,,,,,0.669491,0.671141,0.234261,0.215575,-0.006710,0.044958,0.049183,,,,,,,,0.004933,0.043794,0.066945,-0.016219,0.044527,0.063426,-0.008844,0.046547,0.017096
305,2.541667,,,,,,,,,,,,,,,,,,,,,,0.669529,0.671094,0.234154,0.215724,-0.006712,0.044962,0.049185,,,,,,,,0.004925,0.043805,0.066949,-0.016227,0.044549,0.063435,-0.008844,0.046542,0.017093
306,2.550000,,,,,,,,,,,,,,,,,,,,,,0.669500,0.671119,0.234182,0.215703,-0.006709,0.044960,0.049183,,,,,,,,0.004926,0.043803,0.066946,-0.016218,0.044538,0.063432,-0.008839,0.046537,0.017095
307,2.558333,,,,,,,,,,,,,,,,,,,,,,0.669645,0.670989,0.234149,0.215693,-0.006712,0.044964,0.049184,,,,,,,,0.004927,0.043803,0.066949,-0.016223,0.044549,0.063431,-0.008842,0.046545,0.017090
308,2.566667,,,,,,,,,,,,,,,,,,,,,,0.669665,0.670991,0.234179,0.215590,-0.006714,0.044965,0.049187,,,,,,,,0.004925,0.043796,0.066945,-0.016226,0.044545,0.063436,-0.008849,0.046551,0.017100
309,2.575000,,,,,,,,,,,,,,,,,,,,,,0.669601,0.671052,0.234224,0.215552,-0.006713,0.044967,0.049187,,,,,,,,0.004925,0.043804,0.066949,-0.016222,0.044546,0.063441,-0.008850,0.046559,0.017100
310,2.583333,,,,,,,,,,,,,,,,,,,,,,0.669590,0.671056,0.234228,0.215571,-0.006713,0.044964,0.049183,,,,,,,,0.004927,0.043799,0.066943,-0.016225,0.044543,0.063436,-0.008846,0.046554,0.017093
311,2.591667,,,,,,,,,,,,,,,,,,,,,,0.669511,0.671134,0.234226,0.215578,-0.006713,0.044962,0.049182,,,,,,,,0.004928,0.043803,0.066943,-0.016226,0.044542,0.063430,-0.008848,0.046553,0.017093
312,2.600000,,,,,,,,,,,,,,,,,,,,,,0.669564,0.671081,0.234174,0.215631,-0.006713,0.044961,0.049185,,,,,,,,0.004925,0.043800,0.066945,-0.016220,0.044534,0.063431,-0.008847,0.046538,0.017094
313,2.608333,,,,,,,,,,,,,,,,,,,,,,0.669798,0.670860,0.234115,0.215657,-0.006714,0.044969,0.049187,,,,,,,,0.004927,0.043802,0.066953,-0.016228,0.044557,0.063436,-0.008851,0.046558,0.017098
314,2.616667,,,,,,,,,,,,,,,,,,,,,,0.669691,0.670964,0.234189,0.215583,-0.006712,0.044964,0.049186,,,,,,,,0.004933,0.043792,0.066949,-0.016224,0.044550,0.063434,-0.008849,0.046555,0.017096
315,2.625000,,,,,,,,,,,,,,,,,,,,,,0.669495,0.671144,0.234273,0.215543,-0.006710,0.044961,0.049184,,,,,,,,0.004924,0.043805,0.066950,-0.016218,0.044536,0.063431,-0.008848,0.046554,0.017094
316,2.633333,,,,,,,,,,,,,,,,,,,,,,0.669630,0.671016,0.234172,0.215631,-0.006708,0.044957,0.049183,,,,,,,,0.004932,0.043790,0.066943,-0.016217,0.044537,0.063434,-0.008841,0.046541,0.017089
317,2.641667,,,,,,,,,,,,,,,,,,,,,,0.669516,0.671123,0.234237,0.215581,-0.006710,0.044960,0.049184,,,,,,,,0.004926,0.043801,0.066946,-0.016221,0.044543,0.063436,-0.008844,0.046546,0.017096
318,2.650000,,,,,,,,,,,,,,,,,,,,,,0.669503,0.671141,0.234263,0.215538,-0.006706,0.044953,0.049180,,,,,,,,0.004933,0.043797,0.066942,-0.016217,0.044528,0.063431,-0.008841,0.046548,0.017091
319,2.658333,,,,,,,,,,,,,,,,,,,,,,0.669679,0.670968,0.234131,0.215672,-0.006704,0.044945,0.049180,,,,,,,,0.004934,0.043782,0.066939,-0.016214,0.044530,0.063431,-0.008837,0.046529,0.017088
320,2.666667,,,,,,,,,,,,,,,,,,,,,,0.669707,0.670949,0.234180,0.215591,-0.006704,0.044945,0.049183,,,,,,,,0.004936,0.043776,0.066944,-0.016215,0.044527,0.063432,-0.008837,0.046527,0.017093
321,2.675000,,,,,,,,,,,,,,,,,,,,,,0.669529,0.671120,0.234306,0.215477,-0.006705,0.044949,0.049183,,,,,,,,0.004938,0.043778,0.066944,-0.016213,0.044524,0.063428,-0.008847,0.046550,0.017099
322,2.683333,,,,,,,,,,,,,,,,,,,,,,0.669287,0.671317,0.234341,0.215574,-0.006703,0.044948,0.049183,,,,,,,,0.004926,0.043800,0.066950,-0.016210,0.044520,0.063431,-0.008832,0.046530,0.017093
323,2.691667,,,,,,,,,,,,,,,,,,,,,,0.669613,0.671047,0.234239,0.215517,-0.006702,0.044947,0.049178,,,,,,,,0.004933,0.043786,0.066940,-0.016207,0.044521,0.063429,-0.008838,0.046538,0.017091
324,2.700000,,,,,,,,,,,,,,,,,,,,,,0.669703,0.670964,0.234204,0.215532,-0.006701,0.044951,0.049177,,,,,,,,0.004945,0.043772,0.066933,-0.016213,0.044532,0.063425,-0.008839,0.046543,0.017091
325,2.708333,,,,,,,,,,,,,,,,,,,,,,0.669337,0.671285,0.234342,0.215520,-0.006701,0.044954,0.049180,,,,,,,,0.004933,0.043803,0.066944,-0.016209,0.044526,0.063429,-0.008837,0.046547,0.017091
326,2.716667,,,,,,,,,,,,,,,,,,,,,,0.669497,0.671125,0.234272,0.215595,-0.006699,0.044948,0.049179,,,,,,,,0.004936,0.043789,0.066944,-0.016209,0.044524,0.063423,-0.008830,0.046533,0.017087
327,2.725000,,,,,,,,,,,,,,,,,,,,,,0.669551,0.671103,0.234221,0.215553,-0.006699,0.044947,0.049179,,,,,,,,0.004941,0.043784,0.066941,-0.016212,0.044528,0.063431,-0.008837,0.046541,0.017091
328,2.733333,,,,,,,,,,,,,,,,,,,,,,0.669412,0.671232,0.234233,0.215571,-0.006695,0.044940,0.049176,,,,,,,,0.004944,0.043787,0.066939,-0.016204,0.044519,0.063424,-0.008831,0.046523,0.017085
329,2.741667,,,,,,,,,,,,,,,,,,,,,,0.669508,0.671133,0.234237,0.215576,-0.006694,0.044938,0.049176,,,,,,,,0.004945,0.043780,0.066939,-0.016203,0.044511,0.063421,-0.008829,0.046526,0.017089
330,2.750000,,,,,,,,,,,,,,,,,,,,,,0.669643,0.671004,0.234145,0.215658,-0.006694,0.044936,0.049178,,,,,,,,0.004947,0.043772,0.066941,-0.016207,0.044523,0.063430,-0.008829,0.046521,0.017085
331,2.758333,,,,,,,,,,,,,,,,,,,,,,0.669549,0.671084,0.234214,0.215623,-0.006692,0.044932,0.049177,,,,,,,,0.004945,0.043775,0.066942,-0.016202,0.044510,0.063425,-0.008828,0.046519,0.017089
332,2.766667,,,,,,,,,,,,,,,,,,,,,,0.669691,0.670936,0.234158,0.215705,-0.006693,0.044934,0.049175,,,,,,,,0.004950,0.043763,0.066934,-0.016208,0.044515,0.063425,-0.008820,0.046514,0.017084
333,2.775000,,,,,,,,,,,,,,,,,,,,,,0.669578,0.671048,0.234202,0.215663,-0.006699,0.044945,0.049179,,,,,,,,0.004939,0.043783,0.066940,-0.016213,0.044527,0.063430,-0.008829,0.046528,0.017092
334,2.783333,,,,,,,,,,,,,,,,,,,,,,0.669465,0.671175,0.234264,0.215549,-0.006698,0.044943,0.049177,,,,,,,,0.004938,0.043785,0.066939,-0.016211,0.044522,0.063428,-0.008831,0.046530,0.017089
335,2.791667,,,,,,,,,,,,,,,,,,,,,,0.669447,0.671206,0.234303,0.215463,-0.006695,0.044938,0.049174,,,,,,,,0.004941,0.043782,0.066937,-0.016199,0.044509,0.063422,-0.008836,0.046532,0.017088
336,2.800000,,,,,,,,,,,,,,,,,,,,,,0.669651,0.670984,0.234246,0.215586,-0.006694,0.044937,0.049173,,,,,,,,0.004945,0.043768,0.066934,-0.016205,0.044515,0.063420,-0.008826,0.046526,0.017085
337,2.808333,,,,,,,,,,,,,,,,,,,,,,0.669584,0.671044,0.234252,0.215600,-0.006696,0.044942,0.049177,,,,,,,,0.004944,0.043776,0.066937,-0.016207,0.044521,0.063428,-0.008829,0.046536,0.017086
338,2.816667,,,,,,,,,,,,,,,,,,,,,,0.669451,0.671151,0.234261,0.215671,-0.006697,0.044940,0.049178,,,,,,,,0.004938,0.043784,0.066946,-0.016211,0.044520,0.063425,-0.008824,0.046522,0.017089
339,2.825000,,,,,,,,,,,,,,,,,,,,,,0.669461,0.671173,0.234260,0.215572,-0.006697,0.044940,0.049176,,,,,,,,0.004943,0.043779,0.066939,-0.016206,0.044515,0.063425,-0.008830,0.046524,0.017086
340,2.833333,,,,,,,,,,,,,,,,,,,,,,0.669374,0.671244,0.234307,0.215570,-0.006700,0.044943,0.049176,,,,,,,,0.004938,0.043785,0.066943,-0.016210,0.044519,0.063419,-0.008834,0.046531,0.017084
341,2.841667,,,,,,,,,,,,,,,,,,,,,,0.669317,0.671300,0.234297,0.215583,-0.006698,0.044941,0.049179,,,,,,,,0.004936,0.043791,0.066946,-0.016205,0.044512,0.063424,-0.008830,0.046522,0.017090
342,2.850000,,,,,,,,,,,,,,,,,,,,,,0.669585,0.671063,0.234202,0.215591,-0.006700,0.044943,0.049177,,,,,,,,0.004939,0.043781,0.066937,-0.016210,0.044522,0.063428,-0.008832,0.046527,0.017091
343,2.858333,,,,,,,,,,,,,,,,,,,,,,0.669597,0.671054,0.234190,0.215595,-0.006702,0.044946,0.049177,,,,,,,,0.004941,0.043780,0.066939,-0.016213,0.044524,0.063423,-0.008841,0.046537,0.017092
344,2.866667,,,,,,,,,,,,,,,,,,,,,,0.669625,0.670993,0.234104,0.215790,-0.006701,0.044947,0.049178,,,,,,,,0.004937,0.043789,0.066938,-0.016214,0.044530,0.063430,-0.008826,0.046520,0.017088
345,2.875000,,,,,,,,,,,,,,,,,,,,,,0.669784,0.670853,0.234082,0.215759,-0.006704,0.044951,0.049177,,,,,,,,0.004937,0.043784,0.066940,-0.016220,0.044546,0.063426,-0.008836,0.046533,0.017088
346,2.883333,,,,,,,,,,,,,,,,,,,,,,0.669441,0.671179,0.234279,0.215594,-0.006702,0.044946,0.049178,,,,,,,,0.004936,0.043785,0.066939,-0.016211,0.044524,0.063429,-0.008832,0.046534,0.017087
347,2.891667,,,,,,,,,,,,,,,,,,,,,,0.669286,0.671323,0.234319,0.215584,-0.006703,0.044945,0.049178,,,,,,,,0.004928,0.043797,0.066942,-0.016214,0.044518,0.063426,-0.008835,0.046529,0.017091
348,2.900000,,,,,,,,,,,,,,,,,,,,,,0.669453,0.671176,0.234232,0.215616,-0.006699,0.044940,0.049176,,,,,,,,0.004941,0.043781,0.066939,-0.016210,0.044517,0.063425,-0.008832,0.046523,0.017087
349,2.908333,,,,,,,,,,,,,,,,,,,,,,0.669350,0.671269,0.234275,0.215603,-0.006704,0.044944,0.049177,,,,,,,,0.004935,0.043786,0.066941,-0.016213,0.044517,0.063424,-0.008834,0.046521,0.017084
350,2.916667,,,,,,,,,,,,,,,,,,,,,,0.669350,0.671271,0.234301,0.215566,-0.006707,0.044955,0.049181,,,,,,,,0.004930,0.043801,0.066943,-0.016217,0.044523,0.063426,-0.008841,0.046540,0.017097
351,2.925000,,,,,,,,,,,,,,,,,,,,,,0.669595,0.671039,0.234186,0.215654,-0.006705,0.044953,0.049177,,,,,,,,0.004933,0.043796,0.066944,-0.016220,0.044542,0.063427,-0.008837,0.046537,0.017089
352,2.933333,,,,,,,,,,,,,,,,,,,,,,0.669589,0.671076,0.234263,0.215473,-0.006703,0.044943,0.049173,,,,,,,,0.004939,0.043779,0.066933,-0.016209,0.044515,0.063418,-0.008843,0.046541,0.017086
353,2.941667,,,,,,,,,,,,,,,,,,,,,,0.669743,0.670904,0.234084,0.215723,-0.006703,0.044943,0.049178,,,,,,,,0.004941,0.043774,0.066936,-0.016222,0.044529,0.063431,-0.008836,0.046528,0.017087
354,2.950000,,,,,,,,,,,,,,,,,,,,,,0.669659,0.670982,0.234052,0.215778,-0.006702,0.044945,0.049181,,,,,,,,0.004936,0.043787,0.066945,-0.016216,0.044534,0.063432,-0.008833,0.046519,0.017088
355,2.958333,,,,,,,,,,,,,,,,,,,,,,0.669715,0.670947,0.234089,0.215672,-0.006702,0.044943,0.049178,,,,,,,,0.004940,0.043776,0.066940,-0.016214,0.044528,0.063430,-0.008838,0.046525,0.017091
356,2.966667,,,,,,,,,,,,,,,,,,,,,,0.669574,0.671066,0.234186,0.215635,-0.006703,0.044945,0.049175,,,,,,,,0.004934,0.043784,0.066936,-0.016211,0.044528,0.063423,-0.008837,0.046527,0.017087
357,2.975000,,,,,,,,,,,,,,,,,,,,,,0.669480,0.671149,0.234284,0.215562,-0.006704,0.044945,0.049175,,,,,,,,0.004933,0.043783,0.066937,-0.016213,0.044519,0.063422,-0.008837,0.046535,0.017085
358,2.983333,,,,,,,,,,,,,,,,,,,,,,0.669497,0.671134,0.234208,0.215638,-0.006704,0.044947,0.049177,,,,,,,,0.004936,0.043789,0.066940,-0.016214,0.044525,0.063424,-0.008837,0.046529,0.017087
359,2.991667,,,,,,,,,,,,,,,,,,,,,,0.669601,0.671024,0.234178,0.215690,-0.006705,0.044950,0.049177,,,,,,,,0.004932,0.043790,0.066938,-0.016221,0.044532,0.063426,-0.008836,0.046533,0.017090
360,3.000000,,,,,,,,,,,,,,,,,,,,,,0.669615,0.671021,0.234167,0.215666,-0.006702,0.044946,0.049175,,,,,,,,0.004939,0.043781,0.066939,-0.016216,0.044533,0.063425,-0.008836,0.046529,0.017084
361,3.008333,,,,,,,,,,,,,,,,,,,,,,0.669415,0.671213,0.234286,0.215564,-0.006702,0.044944,0.049176,,,,,,,,0.004934,0.043789,0.066941,-0.016210,0.044515,0.063421,-0.008835,0.046530,0.017088
362,3.016667,,,,,,,,,,,,,,,,,,,,,,0.669677,0.670980,0.234148,0.215621,-0.006706,0.044947,0.049177,,,,,,,,0.004937,0.043777,0.066937,-0.016216,0.044530,0.063427,-0.008840,0.046529,0.017088
363,3.025000,,,,,,,,,,,,,,,,,,,,,,0.669477,0.671155,0.234285,0.215551,-0.006709,0.044955,0.049177,,,,,,,,0.004931,0.043798,0.066939,-0.016222,0.044531,0.063425,-0.008844,0.046551,0.017092
364,3.033333,,,,,,,,,,,,,,,,,,,,,,0.669607,0.671013,0.234142,0.215745,-0.006705,0.044945,0.049175,,,,,,,,0.004935,0.043785,0.066942,-0.016220,0.044530,0.063423,-0.008834,0.046521,0.017083
365,3.041667,,,,,,,,,,,,,,,,,,,,,,0.669640,0.671000,0.234213,0.215604,-0.006706,0.044948,0.049176,,,,,,,,0.004933,0.043782,0.066937,-0.016217,0.044531,0.063426,-0.008839,0.046537,0.017088
366,3.050000,,,,,,,,,,,,,,,,,,,,,,0.669564,0.671077,0.234263,0.215548,-0.006707,0.044950,0.049176,,,,,,,,0.004932,0.043784,0.066939,-0.016216,0.044522,0.063422,-0.008842,0.046540,0.017085
367,3.058333,,,,,,,,,,,,,,,,,,,,,,0.669624,0.671018,0.234161,0.215655,-0.006707,0.044955,0.049179,,,,,,,,0.004932,0.043791,0.066942,-0.016220,0.044543,0.063430,-0.008843,0.046543,0.017087
368,3.066667,,,,,,,,,,,,,,,,,,,,,,0.669287,0.671321,0.234297,0.215613,-0.006704,0.044946,0.049178,,,,,,,,0.004933,0.043794,0.066944,-0.016215,0.044517,0.063423,-0.008835,0.046525,0.017086
369,3.075000,,,,,,,,,,,,,,,,,,,,,,0.669489,0.671141,0.234188,0.215661,-0.006706,0.044952,0.049179,,,,,,,,0.004931,0.043800,0.066946,-0.016217,0.044534,0.063426,-0.008839,0.046533,0.017086
370,3.083333,,,,,,,,,,,,,,,,,,,,,,0.669623,0.671039,0.234169,0.215585,-0.006702,0.044944,0.049179,,,,,,,,0.004941,0.043775,0.066940,-0.016212,0.044525,0.063429,-0.008839,0.046532,0.017089
371,3.091667,,,,,,,,,,,,,,,,,,,,,,0.669329,0.671311,0.234292,0.215520,-0.006704,0.044946,0.049177,,,,,,,,0.004932,0.043796,0.066940,-0.016215,0.044520,0.063429,-0.008838,0.046528,0.017088
372,3.100000,,,,,,,,,,,,,,,,,,,,,,0.669447,0.671222,0.234322,0.215397,-0.006702,0.044946,0.049176,,,,,,,,0.004943,0.043779,0.066936,-0.016210,0.044513,0.063422,-0.008842,0.046541,0.017090
373,3.108333,,,,,,,,,,,,,,,,,,,,,,0.669325,0.671316,0.234300,0.215505,-0.006706,0.044953,0.049179,,,,,,,,0.004929,0.043802,0.066942,-0.016210,0.044526,0.063424,-0.008843,0.046541,0.017091
374,3.116667,,,,,,,,,,,,,,,,,,,,,,0.669468,0.671175,0.234264,0.215538,-0.006705,0.044948,0.049180,,,,,,,,0.004935,0.043789,0.066941,-0.016216,0.044523,0.063429,-0.008839,0.046534,0.017095
375,3.125000,,,,,,,,,,,,,,,,,,,,,,0.669467,0.671178,0.234305,0.215490,-0.006705,0.044949,0.049180,,,,,,,,0.004931,0.043786,0.066942,-0.016213,0.044524,0.063427,-0.008843,0.046542,0.017094
376,3.133333,,,,,,,,,,,,,,,,,,,,,,0.669347,0.671293,0.234307,0.215504,-0.006702,0.044947,0.049180,,,,,,,,0.004932,0.043797,0.066943,-0.016207,0.044515,0.063430,-0.008837,0.046536,0.017091
377,3.141667,,,,,,,,,,,,,,,,,,,,,,0.669777,0.670882,0.234071,0.215700,-0.006703,0.044945,0.049175,,,,,,,,0.004943,0.043775,0.066937,-0.016219,0.044534,0.063427,-0.008838,0.046528,0.017084
378,3.150000,,,,,,,,,,,,,,,,,,,,,,0.669569,0.671073,0.234196,0.215619,-0.006703,0.044948,0.049175,,,,,,,,0.004938,0.043786,0.066936,-0.016216,0.044526,0.063425,-0.008835,0.046530,0.017084
379,3.158333,,,,,,,,,,,,,,,,,,,,,,0.669747,0.670915,0.234119,0.215640,-0.006708,0.044956,0.049179,,,,,,,,0.004934,0.043789,0.066939,-0.016219,0.044538,0.063427,-0.008844,0.046545,0.017092
380,3.166667,,,,,,,,,,,,,,,,,,,,,,0.669858,0.670798,0.234026,0.215758,-0.006708,0.044953,0.049181,,,,,,,,0.004936,0.043785,0.066944,-0.016225,0.044547,0.063431,-0.008842,0.046534,0.017091
381,3.175000,,,,,,,,,,,,,,,,,,,,,,0.669705,0.670946,0.234169,0.215620,-0.006704,0.044948,0.049179,,,,,,,,0.004941,0.043778,0.066942,-0.016219,0.044532,0.063426,-0.008841,0.046540,0.017091
382,3.183333,,,,,,,,,,,,,,,,,,,,,,0.669432,0.671186,0.234228,0.215657,-0.006703,0.044944,0.049179,,,,,,,,0.004935,0.043789,0.066943,-0.016216,0.044524,0.063428,-0.008832,0.046523,0.017088
383,3.191667,,,,,,,,,,,,,,,,,,,,,,0.669419,0.671227,0.234281,0.215512,-0.006703,0.044946,0.049181,,,,,,,,0.004937,0.043788,0.066943,-0.016213,0.044517,0.063431,-0.008839,0.046534,0.017093
384,3.200000,,,,,,,,,,,,,,,,,,,,,,0.669607,0.671042,0.234178,0.215615,-0.006703,0.044948,0.049179,,,,,,,,0.004934,0.043786,0.066939,-0.016211,0.044529,0.063432,-0.008837,0.046535,0.017088
385,3.208333,,,,,,,,,,,,,,,,,,,,,,0.669646,0.670996,0.234153,0.215665,-0.006702,0.044947,0.049177,,,,,,,,0.004939,0.043783,0.066937,-0.016215,0.044529,0.063428,-0.008835,0.046532,0.017086
386,3.216667,,,,,,,,,,,,,,,,,,,,,,0.669681,0.670951,0.234093,0.215760,-0.006704,0.044950,0.049180,,,,,,,,0.004937,0.043788,0.066942,-0.016222,0.044537,0.063431,-0.008835,0.046529,0.017088
387,3.225000,,,,,,,,,,,,,,,,,,,,,,0.669676,0.670974,0.234102,0.215695,-0.006702,0.044952,0.049182,,,,,,,,0.004940,0.043788,0.066943,-0.016216,0.044541,0.063433,-0.008835,0.046532,0.017092
388,3.233333,,,,,,,,,,,,,,,,,,,,,,0.669443,0.671204,0.234286,0.215503,-0.006705,0.044951,0.049181,,,,,,,,0.004936,0.043791,0.066946,-0.016214,0.044522,0.063425,-0.008842,0.046541,0.017095
389,3.241667,,,,,,,,,,,,,,,,,,,,,,0.669592,0.671069,0.234145,0.215612,-0.006706,0.044952,0.049182,,,,,,,,0.004935,0.043794,0.066943,-0.016218,0.044535,0.063435,-0.008842,0.046536,0.017090
390,3.250000,,,,,,,,,,,,,,,,,,,,,,0.669679,0.670987,0.234194,0.215545,-0.006703,0.044947,0.049179,,,,,,,,0.004942,0.043777,0.066940,-0.016214,0.044526,0.063428,-0.008841,0.046539,0.017089
391,3.258333,,,,,,,,,,,,,,,,,,,,,,0.669598,0.671046,0.234187,0.215620,-0.006706,0.044952,0.049182,,,,,,,,0.004935,0.043790,0.066944,-0.016218,0.044531,0.063433,-0.008838,0.046536,0.017092
392,3.266667,,,,,,,,,,,,,,,,,,,,,,0.669671,0.670985,0.234167,0.215607,-0.006708,0.044955,0.049181,,,,,,,,0.004935,0.043785,0.066940,-0.016220,0.044537,0.063430,-0.008843,0.046542,0.017092
393,3.275000,,,,,,,,,,,,,,,,,,,,,,0.669338,0.671295,0.234301,0.215527,-0.006706,0.044956,0.049183,,,,,,,,0.004931,0.043807,0.066949,-0.016217,0.044532,0.063431,-0.008841,0.046543,0.017093
394,3.283333,,,,,,,,,,,,,,,,,,,,,,0.669525,0.671138,0.234295,0.215444,-0.006702,0.044944,0.049180,,,,,,,,0.004942,0.043778,0.066942,-0.016209,0.044515,0.063427,-0.008841,0.046539,0.017095
395,3.291667,,,,,,,,,,,,,,,,,,,,,,0.669477,0.671147,0.234290,0.215568,-0.006705,0.044948,0.049181,,,,,,,,0.004932,0.043788,0.066946,-0.016214,0.044524,0.063426,-0.008838,0.046536,0.017095
396,3.300000,,,,,,,,,,,,,,,,,,,,,,0.669487,0.671147,0.234276,0.215555,-0.006705,0.044949,0.049180,,,,,,,,0.004935,0.043788,0.066944,-0.016216,0.044525,0.063427,-0.008840,0.046540,0.017093
397,3.308333,,,,,,,,,,,,,,,,,,,,,,0.669384,0.671232,0.234240,0.215646,-0.006703,0.044947,0.049179,,,,,,,,0.004934,0.043794,0.066943,-0.016214,0.044523,0.063429,-0.008834,0.046527,0.017088
398,3.316667,,,,,,,,,,,,,,,,,,,,,,0.669523,0.671105,0.234201,0.215654,-0.006705,0.044949,0.049178,,,,,,,,0.004933,0.043791,0.066942,-0.016217,0.044530,0.063427,-0.008835,0.046531,0.017084
399,3.325000,,,,,,,,,,,,,,,,,,,,,,0.669603,0.671058,0.234225,0.215526,-0.006707,0.044949,0.049179,,,,,,,,0.004937,0.043783,0.066940,-0.016218,0.044525,0.063427,-0.008844,0.046539,0.017091
400,3.333333,,,,,,,,,,,,,,,,,,,,,,0.669711,0.670947,0.234176,0.215590,-0.006707,0.044954,0.049182,,,,,,,,0.004932,0.043788,0.066944,-0.016218,0.044537,0.063430,-0.008844,0.046545,0.017096
401,3.341667,,,,,,,,,,,,,,,,,,,,,,0.669706,0.670966,0.234199,0.215521,-0.006704,0.044948,0.049181,,,,,,,,0.004942,0.043777,0.066943,-0.016216,0.044528,0.063429,-0.008844,0.046542,0.017095
402,3.350000,,,,,,,,,,,,,,,,,,,,,,0.669489,0.671158,0.234272,0.215519,-0.006703,0.044950,0.049179,,,,,,,,0.004935,0.043789,0.066941,-0.016211,0.044524,0.063426,-0.008839,0.046539,0.017090
403,3.358333,,,,,,,,,,,,,,,,,,,,,,0.669604,0.671054,0.234220,0.215543,-0.006702,0.044951,0.049181,,,,,,,,0.004941,0.043787,0.066944,-0.016213,0.044529,0.063430,-0.008839,0.046543,0.017092
404,3.366667,,,,,,,,,,,,,,,,,,,,,,0.669617,0.671039,0.234159,0.215616,-0.006702,0.044945,0.049181,,,,,,,,0.004940,0.043781,0.066940,-0.016215,0.044525,0.063432,-0.008837,0.046530,0.017093
405,3.375000,,,,,,,,,,,,,,,,,,,,,,0.669561,0.671078,0.234143,0.215685,-0.006701,0.044947,0.049183,,,,,,,,0.004937,0.043787,0.066948,-0.016209,0.044531,0.063433,-0.008834,0.046527,0.017094
406,3.383333,,,,,,,,,,,,,,,,,,,,,,0.669434,0.671206,0.234226,0.215588,-0.006703,0.044949,0.049178,,,,,,,,0.004933,0.043793,0.066941,-0.016210,0.044525,0.063426,-0.008839,0.046530,0.017089
407,3.391667,,,,,,,,,,,,,,,,,,,,,,0.669577,0.671063,0.234262,0.215552,-0.006703,0.044949,0.049179,,,,,,,,0.004938,0.043785,0.066943,-0.016214,0.044525,0.063428,-0.008837,0.046540,0.017088
408,3.400000,,,,,,,,,,,,,,,,,,,,,,0.669723,0.670937,0.234182,0.215578,-0.006704,0.044951,0.049180,,,,,,,,0.004938,0.043781,0.066941,-0.016214,0.044532,0.063430,-0.008839,0.046542,0.017091
409,3.408333,,,,,,,,,,,,,,,,,,,,,,0.669703,0.670972,0.234134,0.215582,-0.006707,0.044956,0.049181,,,,,,,,0.004937,0.043790,0.066943,-0.016220,0.044537,0.063432,-0.008847,0.046546,0.017093
410,3.416667,,,,,,,,,,,,,,,,,,,,,,0.669804,0.670854,0.234062,0.215713,-0.006702,0.044951,0.049179,,,,,,,,0.004939,0.043783,0.066939,-0.016215,0.044540,0.063430,-0.008837,0.046533,0.017093
411,3.425000,,,,,,,,,,,,,,,,,,,,,,0.669678,0.670967,0.234195,0.215610,-0.006702,0.044951,0.049177,,,,,,,,0.004942,0.043784,0.066940,-0.016217,0.044533,0.063427,-0.008835,0.046541,0.017089
412,3.433333,,,,,,,,,,,,,,,,,,,,,,0.669618,0.671031,0.234225,0.215566,-0.006706,0.044951,0.049176,,,,,,,,0.004933,0.043785,0.066937,-0.016216,0.044529,0.063424,-0.008841,0.046540,0.017088
413,3.441667,,,,,,,,,,,,,,,,,,,,,,0.669607,0.671045,0.234236,0.215542,-0.006707,0.044955,0.049182,,,,,,,,0.004932,0.043790,0.066944,-0.016216,0.044533,0.063426,-0.008844,0.046546,0.017097
414,3.450000,,,,,,,,,,,,,,,,,,,,,,0.669557,0.671102,0.234263,0.215492,-0.006708,0.044955,0.049184,,,,,,,,0.004931,0.043791,0.066946,-0.016214,0.044531,0.063430,-0.008847,0.046548,0.017097
415,3.458333,,,,,,,,,,,,,,,,,,,,,,0.669534,0.671110,0.234260,0.215541,-0.006707,0.044950,0.049183,,,,,,,,0.004932,0.043788,0.066945,-0.016219,0.044525,0.063435,-0.008842,0.046541,0.017095
416,3.466667,,,,,,,,,,,,,,,,,,,,,,0.669621,0.671028,0.234152,0.215642,-0.006702,0.044946,0.049178,,,,,,,,0.004941,0.043782,0.066941,-0.016216,0.044531,0.063426,-0.008837,0.046530,0.017091
417,3.475000,,,,,,,,,,,,,,,,,,,,,,0.669306,0.671325,0.234338,0.215495,-0.006701,0.044946,0.049179,,,,,,,,0.004932,0.043793,0.066942,-0.016206,0.044515,0.063428,-0.008835,0.046533,0.017090
418,3.483333,,,,,,,,,,,,,,,,,,,,,,0.669598,0.671067,0.234199,0.215543,-0.006704,0.044951,0.049178,,,,,,,,0.004939,0.043787,0.066937,-0.016215,0.044529,0.063429,-0.008841,0.046541,0.017091
419,3.491667,,,,,,,,,,,,,,,,,,,,,,0.669630,0.671008,0.234161,0.215668,-0.006706,0.044950,0.049177,,,,,,,,0.004933,0.043788,0.066941,-0.016219,0.044533,0.063427,-0.008839,0.046533,0.017087
420,3.500000,,,,,,,,,,,,,,,,,,,,,,0.669754,0.670909,0.234137,0.215616,-0.006703,0.044948,0.049177,,,,,,,,0.004940,0.043778,0.066934,-0.016216,0.044530,0.063429,-0.008837,0.046536,0.017091
421,3.508333,,,,,,,,,,,,,,,,,,,,,,0.669698,0.670962,0.234111,0.215655,-0.006704,0.044954,0.049182,,,,,,,,0.004938,0.043788,0.066943,-0.016216,0.044538,0.063434,-0.008840,0.046538,0.017092
422,3.516667,,,,,,,,,,,,,,,,,,,,,,0.669633,0.670989,0.234160,0.215719,-0.006707,0.044954,0.049181,,,,,,,,0.004930,0.043791,0.066946,-0.016219,0.044538,0.063430,-0.008837,0.046534,0.017089
423,3.525000,,,,,,,,,,,,,,,,,,,,,,0.669599,0.671046,0.234224,0.215577,-0.006706,0.044955,0.049180,,,,,,,,0.004938,0.043791,0.066943,-0.016221,0.044534,0.063429,-0.008842,0.046548,0.017091
424,3.533333,,,,,,,,,,,,,,,,,,,,,,0.669585,0.671042,0.234049,0.215824,-0.006705,0.044950,0.049177,,,,,,,,0.004933,0.043796,0.066942,-0.016218,0.044541,0.063429,-0.008835,0.046521,0.017083
425,3.541667,,,,,,,,,,,,,,,,,,,,,,0.669527,0.671102,0.234212,0.215638,-0.006700,0.044943,0.049177,,,,,,,,0.004939,0.043783,0.066939,-0.016212,0.044523,0.063425,-0.008833,0.046527,0.017087
426,3.550000,,,,,,,,,,,,,,,,,,,,,,0.669502,0.671102,0.234243,0.215684,-0.006701,0.044943,0.049179,,,,,,,,0.004935,0.043784,0.066942,-0.016215,0.044521,0.063430,-0.008828,0.046526,0.017086
427,3.558333,,,,,,,,,,,,,,,,,,,,,,0.669803,0.670852,0.234043,0.215745,-0.006702,0.044948,0.049181,,,,,,,,0.004942,0.043780,0.066941,-0.016218,0.044538,0.063434,-0.008834,0.046529,0.017089
428,3.566667,,,,,,,,,,,,,,,,,,,,,,0.669686,0.670970,0.234120,0.215657,-0.006705,0.044953,0.049182,,,,,,,,0.004936,0.043788,0.066941,-0.016216,0.044538,0.063433,-0.008839,0.046539,0.017094
429,3.575000,,,,,,,,,,,,,,,,,,,,,,0.669549,0.671089,0.234112,0.215721,-0.006703,0.044947,0.049179,,,,,,,,0.004936,0.043790,0.066939,-0.016217,0.044531,0.063434,-0.008834,0.046523,0.017086
430,3.583333,,,,,,,,,,,,,,,,,,,,,,0.669586,0.671054,0.234194,0.215625,-0.006704,0.044951,0.049181,,,,,,,,0.004935,0.043789,0.066945,-0.016215,0.044533,0.063428,-0.008838,0.046537,0.017092
431,3.591667,,,,,,,,,,,,,,,,,,,,,,0.669428,0.671223,0.234289,0.215487,-0.006704,0.044949,0.049178,,,,,,,,0.004935,0.043789,0.066939,-0.016211,0.044521,0.063423,-0.008842,0.046539,0.017094
432,3.600000,,,,,,,,,,,,,,,,,,,,,,0.669391,0.671242,0.234257,0.215577,-0.006701,0.044950,0.049177,,,,,,,,0.004935,0.043797,0.066939,-0.016210,0.044525,0.063425,-0.008835,0.046534,0.017089
433,3.608333,,,,,,,,,,,,,,,,,,,,,,0.669797,0.670876,0.234083,0.215646,-0.006702,0.044948,0.049176,,,,,,,,0.004939,0.043777,0.066933,-0.016211,0.044534,0.063430,-0.008837,0.046534,0.017088
434,3.616667,,,,,,,,,,,,,,,,,,,,,,0.669461,0.671169,0.234239,0.215606,-0.006707,0.044956,0.049181,,,,,,,,0.004929,0.043799,0.066944,-0.016215,0.044533,0.063430,-0.008840,0.046541,0.017092
435,3.625000,,,,,,,,,,,,,,,,,,,,,,0.669686,0.670951,0.234080,0.215756,-0.006705,0.044949,0.049181,,,,,,,,0.004937,0.043786,0.066943,-0.016221,0.044537,0.063432,-0.008836,0.046527,0.017090
436,3.633333,,,,,,,,,,,,,,,,,,,,,,0.669519,0.671115,0.234195,0.215643,-0.006705,0.044953,0.049181,,,,,,,,0.004935,0.043794,0.066950,-0.016215,0.044533,0.063427,-0.008840,0.046537,0.017089
437,3.641667,,,,,,,,,,,,,,,,,,,,,,0.669605,0.671023,0.234123,0.215739,-0.006702,0.044948,0.049180,,,,,,,,0.004936,0.043787,0.066944,-0.016215,0.044534,0.063428,-0.008834,0.046526,0.017090
438,3.650000,,,,,,,,,,,,,,,,,,,,,,0.669443,0.671174,0.234255,0.215631,-0.006703,0.044946,0.049176,,,,,,,,0.004933,0.043790,0.066938,-0.016216,0.044524,0.063424,-0.008834,0.046530,0.017088
439,3.658333,,,,,,,,,,,,,,,,,,,,,,0.669492,0.671138,0.234221,0.215626,-0.006701,0.044946,0.049177,,,,,,,,0.004936,0.043788,0.066940,-0.016212,0.044525,0.063427,-0.008833,0.046528,0.017084
440,3.666667,,,,,,,,,,,,,,,,,,,,,,0.669566,0.671098,0.234273,0.215465,-0.006701,0.044947,0.049176,,,,,,,,0.004940,0.043781,0.066936,-0.016208,0.044520,0.063424,-0.008839,0.046542,0.017090
441,3.675000,,,,,,,,,,,,,,,,,,,,,,0.669681,0.670968,0.234078,0.215725,-0.006706,0.044950,0.049179,,,,,,,,0.004934,0.043788,0.066944,-0.016216,0.044536,0.063424,-0.008841,0.046528,0.017089
442,3.683333,,,,,,,,,,,,,,,,,,,,,,0.669924,0.670750,0.234093,0.215631,-0.006709,0.044955,0.049180,,,,,,,,0.004936,0.043779,0.066939,-0.016225,0.044544,0.063432,-0.008846,0.046548,0.017093
443,3.691667,,,,,,,,,,,,,,,,,,,,,,0.669396,0.671235,0.234321,0.215512,-0.006706,0.044953,0.049179,,,,,,,,0.004930,0.043796,0.066941,-0.016214,0.044525,0.063426,-0.008840,0.046542,0.017090
444,3.700000,,,,,,,,,,,,,,,,,,,,,,0.669596,0.671050,0.234257,0.215539,-0.006706,0.044953,0.049178,,,,,,,,0.004933,0.043789,0.066940,-0.016216,0.044531,0.063429,-0.008841,0.046546,0.017089
445,3.708333,,,,,,,,,,,,,,,,,,,,,,0.669659,0.670997,0.234242,0.215527,-0.006703,0.044940,0.049174,,,,,,,,0.004942,0.043771,0.066932,-0.016219,0.044517,0.063423,-0.008838,0.046534,0.017089
446,3.716667,,,,,,,,,,,,,,,,,,,,,,0.669575,0.671063,0.234175,0.215651,-0.006705,0.044947,0.049175,,,,,,,,0.004930,0.043786,0.066938,-0.016212,0.044528,0.063423,-0.008839,0.046531,0.017086
447,3.725000,,,,,,,,,,,,,,,,,,,,,,0.669491,0.671125,0.234142,0.215756,-0.006705,0.044952,0.049177,,,,,,,,0.004931,0.043798,0.066943,-0.016216,0.044537,0.063425,-0.008835,0.046527,0.017084
448,3.733333,,,,,,,,,,,,,,,,,,,,,,0.669455,0.671191,0.234278,0.215515,-0.006701,0.044938,0.049177,,,,,,,,0.004938,0.043778,0.066940,-0.016209,0.044512,0.063428,-0.008836,0.046527,0.017086
449,3.741667,,,,,,,,,,,,,,,,,,,,,,0.669417,0.671207,0.234232,0.215632,-0.006704,0.044944,0.049178,,,,,,,,0.004931,0.043789,0.066939,-0.016215,0.044521,0.063428,-0.008836,0.046525,0.017087
450,3.750000,,,,,,,,,,,,,,,,,,,,,,0.669525,0.671122,0.234165,0.215636,-0.006703,0.044951,0.049180,,,,,,,,0.004937,0.043793,0.066944,-0.016214,0.044532,0.063429,-0.008838,0.046532,0.017091
451,3.758333,,,,,,,,,,,,,,,,,,,,,,0.669775,0.670905,0.234130,0.215572,-0.006704,0.044948,0.049177,,,,,,,,0.004944,0.043778,0.066935,-0.016220,0.044531,0.063429,-0.008842,0.046540,0.017091
452,3.766667,,,,,,,,,,,,,,,,,,,,,,0.669565,0.671060,0.234179,0.215690,-0.006701,0.044948,0.049176,,,,,,,,0.004934,0.043787,0.066939,-0.016211,0.044530,0.063424,-0.008833,0.046530,0.017087
453,3.775000,,,,,,,,,,,,,,,,,,,,,,0.669378,0.671239,0.234259,0.215625,-0.006701,0.044950,0.049175,,,,,,,,0.004936,0.043797,0.066939,-0.016213,0.044527,0.063425,-0.008832,0.046532,0.017081
454,3.783333,,,,,,,,,,,,,,,,,,,,,,0.669691,0.670971,0.234155,0.215600,-0.006706,0.044947,0.049176,,,,,,,,0.004937,0.043780,0.066937,-0.016218,0.044529,0.063428,-0.008842,0.046535,0.017086
455,3.791667,,,,,,,,,,,,,,,,,,,,,,0.669581,0.671052,0.234216,0.215624,-0.006708,0.044955,0.049180,,,,,,,,0.004933,0.043792,0.066944,-0.016220,0.044535,0.063427,-0.008841,0.046541,0.017091
456,3.800000,,,,,,,,,,,,,,,,,,,,,,0.669593,0.671046,0.234178,0.215648,-0.006708,0.044956,0.049179,,,,,,,,0.004935,0.043794,0.066943,-0.016222,0.044538,0.063428,-0.008841,0.046540,0.017088
457,3.808333,,,,,,,,,,,,,,,,,,,,,,0.669354,0.671286,0.234355,0.215446,-0.006708,0.044950,0.049179,,,,,,,,0.004929,0.043793,0.066945,-0.016211,0.044520,0.063422,-0.008846,0.046542,0.017092
458,3.816667,,,,,,,,,,,,,,,,,,,,,,0.669526,0.671125,0.234262,0.215516,-0.006703,0.044948,0.049177,,,,,,,,0.004937,0.043785,0.066940,-0.016213,0.044523,0.063426,-0.008840,0.046538,0.017086
459,3.825000,,,,,,,,,,,,,,,,,,,,,,0.669499,0.671167,0.234305,0.215426,-0.006704,0.044949,0.049176,,,,,,,,0.004934,0.043786,0.066937,-0.016208,0.044521,0.063422,-0.008844,0.046544,0.017089
460,3.833333,,,,,,,,,,,,,,,,,,,,,,0.669595,0.671052,0.234284,0.215503,-0.006706,0.044956,0.049178,,,,,,,,0.004933,0.043790,0.066940,-0.016215,0.044532,0.063426,-0.008842,0.046551,0.017090
461,3.841667,,,,,,,,,,,,,,,,,,,,,,0.669575,0.671077,0.234318,0.215451,-0.006706,0.044953,0.049178,,,,,,,,0.004936,0.043785,0.066939,-0.016217,0.044526,0.063426,-0.008842,0.046551,0.017093
462,3.850000,,,,,,,,,,,,,,,,,,,,,,0.669465,0.671155,0.234198,0.215680,-0.006706,0.044955,0.049177,,,,,,,,0.004930,0.043800,0.066940,-0.016218,0.044536,0.063429,-0.008837,0.046535,0.017084
463,3.858333,,,,,,,,,,,,,,,,,,,,,,0.669560,0.671089,0.234180,0.215612,-0.006701,0.044945,0.049176,,,,,,,,0.004941,0.043784,0.066940,-0.016212,0.044525,0.063426,-0.008836,0.046529,0.017085
464,3.866667,,,,,,,,,,,,,,,,,,,,,,0.669702,0.670937,0.234148,0.215681,-0.006705,0.044950,0.049176,,,,,,,,0.004934,0.043784,0.066939,-0.016216,0.044535,0.063426,-0.008838,0.046536,0.017085
465,3.875000,,,,,,,,,,,,,,,,,,,,,,0.669410,0.671205,0.234260,0.215630,-0.006709,0.044951,0.049177,,,,,,,,0.004925,0.043795,0.066946,-0.016214,0.044528,0.063420,-0.008842,0.046534,0.017086
466,3.883333,,,,,,,,,,,,,,,,,,,,,,0.669515,0.671101,0.234260,0.215628,-0.006711,0.044953,0.049179,,,,,,,,0.004925,0.043793,0.066940,-0.016223,0.044532,0.063429,-0.008840,0.046540,0.017091
467,3.891667,,,,,,,,,,,,,,,,,,,,,,0.669606,0.671060,0.234215,0.215520,-0.006705,0.044947,0.049175,,,,,,,,0.004940,0.043782,0.066937,-0.016217,0.044525,0.063423,-0.008843,0.046538,0.017090
468,3.900000,,,,,,,,,,,,,,,,,,,,,,0.669673,0.670970,0.234183,0.215628,-0.006705,0.044954,0.049176,,,,,,,,0.004934,0.043788,0.066937,-0.016217,0.044536,0.063426,-0.008838,0.046542,0.017088
469,3.908333,,,,,,,,,,,,,,,,,,,,,,0.669632,0.671004,0.234098,0.215741,-0.006705,0.044955,0.049175,,,,,,,,0.004932,0.043795,0.066938,-0.016214,0.044541,0.063423,-0.008838,0.046533,0.017086
470,3.916667,,,,,,,,,,,,,,,,,,,,,,0.669609,0.671032,0.234123,0.215700,-0.006706,0.044951,0.049177,,,,,,,,0.004933,0.043791,0.066939,-0.016220,0.044535,0.063430,-0.008839,0.046532,0.017083
471,3.925000,,,,,,,,,,,,,,,,,,,,,,0.669521,0.671091,0.234227,0.215679,-0.006704,0.044951,0.049176,,,,,,,,0.004934,0.043791,0.066940,-0.016219,0.044531,0.063426,-0.008833,0.046534,0.017084
472,3.933333,,,,,,,,,,,,,,,,,,,,,,0.669623,0.671014,0.234221,0.215607,-0.006708,0.044955,0.049176,,,,,,,,0.004929,0.043791,0.066938,-0.016217,0.044535,0.063424,-0.008841,0.046544,0.017088
473,3.941667,,,,,,,,,,,,,,,,,,,,,,0.669659,0.670984,0.234104,0.215714,-0.006709,0.044955,0.049175,,,,,,,,0.004931,0.043792,0.066941,-0.016222,0.044540,0.063426,-0.008843,0.046536,0.017080
474,3.950000,,,,,,,,,,,,,,,,,,,,,,0.669475,0.671179,0.234209,0.215564,-0.006702,0.044945,0.049172,,,,,,,,0.004935,0.043787,0.066937,-0.016208,0.044522,0.063420,-0.008840,0.046530,0.017081
475,3.958333,,,,,,,,,,,,,,,,,,,,,,0.669862,0.670823,0.234155,0.215530,-0.006704,0.044950,0.049174,,,,,,,,0.004941,0.043774,0.066934,-0.016215,0.044532,0.063425,-0.008843,0.046546,0.017084
