Format Version,1.22,Take Name,2020-07-11 diabolo red physics trials_002,Capture Frame Rate,120.000000,Export Frame Rate,120.000000,Capture Start Time,13 Jan 1970 08:14:43 +0900,Total Frames in Take,32742,Total Exported Frames,290,Rotation Type,Quaternion,Length Units,Meters,Coordinate Space,Global

,,Rigid Body,Rigid Body,Rigid Body,Rigid Body,Rigid Body,Rigid Body,Rigid Body,Rigid Body,Rigid Body,Rigid Body,Rigid Body,Rigid Body,Rigid Body,Rigid Body,Rigid Body,Rigid Body,Rigid Body,Rigid Body,Rigid Body,Rigid Body,Rigid Body
,,stick_right,stick_right,stick_right,stick_right,stick_right,stick_right,stick_right,diabolo_red,diabolo_red,diabolo_red,diabolo_red,diabolo_red,diabolo_red,diabolo_red,stick_left,stick_left,stick_left,stick_left,stick_left,stick_left,stick_left
,,"F8108D4B772D11EAC7808BD7B5C2AB81","F8108D4B772D11EAC7808BD7B5C2AB81","F8108D4B772D11EAC7808BD7B5C2AB81","F8108D4B772D11EAC7808BD7B5C2AB81","F8108D4B772D11EAC7808BD7B5C2AB81","F8108D4B772D11EAC7808BD7B5C2AB81","F8108D4B772D11EAC7808BD7B5C2AB81","803A3552773511EAC7808BD7B5C2AB81","803A3552773511EAC7808BD7B5C2AB81","803A3552773511EAC7808BD7B5C2AB81","803A3552773511EAC7808BD7B5C2AB81","803A3552773511EAC7808BD7B5C2AB81","803A3552773511EAC7808BD7B5C2AB81","803A3552773511EAC7808BD7B5C2AB81","554EA255773611EAC7808BD7B5C2AB81","554EA255773611EAC7808BD7B5C2AB81","554EA255773611EAC7808BD7B5C2AB81","554EA255773611EAC7808BD7B5C2AB81","554EA255773611EAC7808BD7B5C2AB81","554EA255773611EAC7808BD7B5C2AB81","554EA255773611EAC7808BD7B5C2AB81"
,,Rotation,Rotation,Rotation,Rotation,Position,Position,Position,Rotation,Rotation,Rotation,Rotation,Position,Position,Position,Rotation,Rotation,Rotation,Rotation,Position,Position,Position
Frame,Time (Seconds),X,Y,Z,W,X,Y,Z,X,Y,Z,W,X,Y,Z,X,Y,Z,W,X,Y,Z
18696,155.800000,0.505572,0.737434,0.366807,0.256985,0.040550,0.344437,0.652134,0.199334,0.189679,0.696844,0.662341,-0.309575,0.575426,-0.062564,-0.385872,-0.442987,-0.457141,-0.667747,-0.271235,0.361260,0.601233
18697,155.808333,0.501713,0.741350,0.366888,0.253136,0.033153,0.343177,0.651296,-0.020280,-0.059595,0.719785,0.691337,-0.326460,0.576412,-0.063745,-0.386967,-0.443056,-0.456807,-0.667297,-0.268918,0.360668,0.600863
18698,155.816667,0.497831,0.744802,0.367219,0.250166,0.026087,0.342072,0.650485,-0.244341,-0.291882,0.663887,0.643705,-0.339996,0.578072,-0.070721,-0.387290,-0.442652,-0.457361,-0.666998,-0.267042,0.360108,0.600597
18699,155.825000,0.486116,0.752771,0.373634,0.239634,0.019372,0.341694,0.649675,-0.445220,-0.489842,0.533113,0.526901,-0.347306,0.579266,-0.080766,-0.386622,-0.442093,-0.459171,-0.666513,-0.265602,0.359609,0.600450
18700,155.833333,0.471841,0.761556,0.382006,0.226870,0.013032,0.341701,0.648827,-0.589002,-0.642573,0.345211,0.347860,-0.347892,0.580490,-0.089131,-0.385318,-0.441245,-0.461700,-0.666083,-0.264577,0.359228,0.600452
18701,155.841667,0.469368,0.762533,0.383465,0.226257,0.007044,0.341119,0.647993,-0.668504,-0.722417,0.125935,0.123918,-0.344058,0.582472,-0.091832,-0.383357,-0.440317,-0.464511,-0.665874,-0.263920,0.358949,0.600588
18702,155.850000,0.466887,0.763275,0.385161,0.226005,0.001311,0.340748,0.647230,-0.675892,-0.720739,-0.109686,-0.108048,-0.339995,0.584174,-0.087925,-0.381645,-0.439460,-0.467174,-0.665560,-0.263630,0.358752,0.600817
18703,155.858333,0.464433,0.764133,0.386320,0.226185,-0.004223,0.340629,0.646549,-0.612350,-0.638652,-0.333277,-0.325696,-0.339806,0.585557,-0.078753,-0.381353,-0.438985,-0.468866,-0.664851,-0.263720,0.358672,0.601131
18704,155.866667,0.462358,0.764986,0.387328,0.225831,-0.009585,0.340654,0.645945,-0.476725,-0.491213,-0.525833,-0.504919,-0.345979,0.586127,-0.068096,-0.382932,-0.439493,-0.469696,-0.663019,-0.264159,0.358683,0.601520
18705,155.875000,0.460499,0.765997,0.387834,0.225331,-0.014835,0.340801,0.645415,-0.285148,-0.293534,-0.662598,-0.627289,-0.358113,0.586551,-0.060058,-0.387018,-0.440994,-0.469512,-0.659772,-0.264915,0.358783,0.601979
18706,155.883333,0.458678,0.767052,0.388616,0.224105,-0.020046,0.341042,0.644967,-0.078168,-0.049775,-0.718037,-0.689808,-0.373151,0.586859,-0.057877,-0.393668,-0.443123,-0.467411,-0.655892,-0.265942,0.358965,0.602510
18707,155.891667,0.456190,0.768337,0.389707,0.222885,-0.025257,0.341302,0.644600,0.132658,0.201254,-0.695899,-0.676479,-0.386859,0.587204,-0.062179,-0.401859,-0.445700,-0.464492,-0.651236,-0.267211,0.359200,0.603122
18708,155.900000,0.452657,0.769958,0.391247,0.221792,-0.030453,0.341586,0.644302,0.353240,0.405489,-0.607281,-0.584816,-0.395518,0.588422,-0.070700,-0.410092,-0.448382,-0.461466,-0.646396,-0.268705,0.359516,0.603829
18709,155.908333,0.448162,0.771986,0.392863,0.221016,-0.035625,0.341963,0.644074,0.528641,0.574929,-0.447822,-0.435259,-0.397442,0.589437,-0.079953,-0.417535,-0.450413,-0.458577,-0.642261,-0.270389,0.359909,0.604618
18710,155.916667,0.427730,0.783865,0.383264,0.236033,-0.041112,0.342550,0.643711,0.639174,0.690826,-0.240685,-0.237249,-0.393697,0.590185,-0.085722,-0.423729,-0.451701,-0.456744,-0.638596,-0.272284,0.360405,0.605470
18711,155.925000,0.402832,0.796910,0.370956,0.255054,-0.046559,0.343241,0.643344,0.683391,0.729854,-0.013191,-0.010757,-0.387553,0.591433,-0.085196,-0.428110,-0.452696,-0.456182,-0.635363,-0.274403,0.360957,0.606392
18712,155.933333,0.413484,0.788972,0.385000,0.241517,-0.050895,0.343957,0.643514,0.657176,0.689814,0.217704,0.211853,-0.383226,0.592464,-0.078598,-0.430795,-0.453432,-0.456704,-0.632643,-0.276732,0.361575,0.607354
18713,155.941667,0.427854,0.777847,0.401462,0.225220,-0.054911,0.344889,0.643796,0.556736,0.580335,0.436176,0.403741,-0.384169,0.592469,-0.068688,-0.431883,-0.453613,-0.458233,-0.630663,-0.279276,0.362284,0.608312
18714,155.950000,0.424438,0.777372,0.405206,0.226615,-0.059239,0.346032,0.643876,0.393448,0.411135,0.606782,0.554961,-0.391407,0.592123,-0.059137,-0.432172,-0.453380,-0.459908,-0.629412,-0.282014,0.363014,0.609232
18715,155.958333,0.421707,0.776160,0.410044,0.227162,-0.063355,0.347288,0.644049,0.200573,0.188932,0.698819,0.660097,-0.403358,0.591936,-0.053656,-0.431755,-0.453400,-0.462042,-0.628119,-0.284917,0.363767,0.610090
18716,155.966667,0.419875,0.774432,0.415772,0.226040,-0.067285,0.348612,0.644343,-0.002054,-0.062096,0.716845,0.694459,-0.416423,0.591854,-0.054423,-0.430430,-0.454043,-0.464340,-0.626868,-0.287976,0.364501,0.610885
18717,155.975000,0.418393,0.772687,0.420912,0.225246,-0.071133,0.350048,0.644739,-0.225405,-0.282966,0.668879,0.649403,-0.426433,0.592610,-0.060750,-0.429258,-0.454822,-0.466057,-0.625832,-0.291175,0.365265,0.611630
18718,155.983333,0.416616,0.771557,0.424029,0.226564,-0.075039,0.351650,0.645229,-0.430641,-0.469783,0.547907,0.541894,-0.430708,0.592996,-0.070311,-0.428701,-0.455764,-0.467286,-0.624611,-0.294496,0.366028,0.612340
18719,155.991667,0.414871,0.770669,0.427022,0.227162,-0.078987,0.353237,0.645818,-0.576497,-0.624794,0.371409,0.373282,-0.428581,0.593086,-0.079009,-0.429604,-0.456797,-0.466926,-0.623504,-0.297929,0.366737,0.613039
18720,156.000000,0.413214,0.769990,0.429697,0.227445,-0.083011,0.354786,0.646473,-0.662700,-0.713415,0.162974,0.159082,-0.421863,0.593943,-0.082822,-0.432068,-0.458213,-0.465906,-0.621522,-0.301483,0.367490,0.613748
18721,156.008333,0.413554,0.768014,0.434360,0.224631,-0.087120,0.356219,0.647159,-0.681536,-0.725893,-0.064970,-0.066077,-0.414300,0.594607,-0.080505,-0.434488,-0.460332,-0.465736,-0.618389,-0.305118,0.368399,0.614530
18722,156.016667,0.411406,0.767204,0.438426,0.223441,-0.091381,0.357600,0.647855,-0.632673,-0.662195,-0.287432,-0.280365,-0.409778,0.595092,-0.072859,-0.436704,-0.462539,-0.466182,-0.614835,-0.308761,0.369353,0.615411
18723,156.025000,0.406662,0.767683,0.441904,0.223627,-0.095759,0.358926,0.648548,-0.514320,-0.534196,-0.485140,-0.463410,-0.410995,0.594760,-0.063088,-0.439240,-0.464310,-0.466491,-0.611450,-0.312398,0.370313,0.616338
18724,156.033333,0.402755,0.766988,0.447179,0.222596,-0.100225,0.360140,0.649194,-0.340922,-0.353249,-0.632033,-0.599601,-0.418142,0.594166,-0.054951,-0.441513,-0.465934,-0.466567,-0.608512,-0.316039,0.371247,0.617279
18725,156.041667,0.398418,0.766033,0.452787,0.222355,-0.104687,0.361325,0.649802,-0.138433,-0.131258,-0.709293,-0.678610,-0.429042,0.593674,-0.051659,-0.442928,-0.467673,-0.467003,-0.605809,-0.319654,0.372163,0.618200
18726,156.050000,0.398263,0.762510,0.461021,0.217771,-0.108990,0.362502,0.650442,0.070626,0.109637,-0.713092,-0.688833,-0.439882,0.593123,-0.054646,-0.443790,-0.469175,-0.467574,-0.603572,-0.323210,0.373049,0.619078
18727,156.058333,0.394970,0.761391,0.467447,0.213952,-0.113176,0.363607,0.651090,0.283214,0.326322,-0.647683,-0.627543,-0.446887,0.593049,-0.062725,-0.444247,-0.470447,-0.467835,-0.602043,-0.326700,0.373832,0.619881
18728,156.066667,0.392979,0.759540,0.474467,0.208682,-0.117173,0.364731,0.651766,0.469480,0.509470,-0.513097,-0.506716,-0.447940,0.592719,-0.072984,-0.443946,-0.471943,-0.468372,-0.600674,-0.330127,0.374602,0.620617
18729,156.075000,0.391307,0.758720,0.477070,0.208870,-0.121147,0.366294,0.652547,0.601092,0.649024,-0.329303,-0.330175,-0.442986,0.592428,-0.081234,-0.443248,-0.473615,-0.469729,-0.598811,-0.333474,0.375435,0.621325
18730,156.083333,0.390378,0.757997,0.478695,0.209517,-0.125017,0.367951,0.653341,0.672134,0.721717,-0.119882,-0.113973,-0.434222,0.592864,-0.084114,-0.442961,-0.475069,-0.470542,-0.597231,-0.336689,0.376165,0.621984
18731,156.091667,0.389682,0.757117,0.480564,0.209715,-0.128814,0.369547,0.654125,0.677718,0.719769,0.105202,0.107528,-0.425437,0.593052,-0.080965,-0.443446,-0.476364,-0.470430,-0.595926,-0.339750,0.376816,0.622627
18732,156.100000,0.388453,0.756087,0.482815,0.210538,-0.132603,0.371095,0.654858,0.617927,0.645021,0.321601,0.314145,-0.420226,0.593067,-0.072966,-0.444887,-0.477800,-0.470056,-0.593995,-0.342630,0.377496,0.623316
18733,156.108333,0.386122,0.755134,0.485684,0.211647,-0.136432,0.372544,0.655475,0.491636,0.510199,0.509814,0.487935,-0.420831,0.592294,-0.063454,-0.447543,-0.479120,-0.469540,-0.591338,-0.345324,0.378199,0.624058
18734,156.116667,0.382798,0.753684,0.490470,0.211814,-0.140309,0.373825,0.656013,0.314626,0.326530,0.645925,0.614141,-0.427033,0.591297,-0.056040,-0.451309,-0.480048,-0.468068,-0.588886,-0.347812,0.378852,0.624838
18735,156.125000,0.377449,0.751712,0.497059,0.213060,-0.144262,0.375006,0.656525,0.118072,0.099292,0.712826,0.684163,-0.436513,0.590217,-0.053734,-0.455421,-0.480957,-0.466333,-0.586349,-0.350081,0.379493,0.625647
18736,156.133333,0.371429,0.749641,0.504174,0.214213,-0.148263,0.376081,0.656978,-0.091762,-0.132993,0.707513,0.687981,-0.445445,0.589508,-0.057384,-0.459764,-0.482056,-0.464355,-0.583621,-0.352150,0.380139,0.626450
18737,156.141667,0.365923,0.747806,0.510442,0.215256,-0.152305,0.377066,0.657423,-0.308186,-0.333941,0.638473,0.621174,-0.450353,0.589455,-0.065597,-0.464318,-0.482973,-0.461948,-0.581163,-0.354057,0.380740,0.627192
18738,156.150000,0.361139,0.746622,0.515654,0.215022,-0.156290,0.377980,0.657854,-0.479903,-0.520562,0.502844,0.495838,-0.449540,0.588407,-0.075936,-0.468238,-0.483763,-0.459766,-0.579086,-0.355796,0.381305,0.627891
18739,156.158333,0.357504,0.746091,0.519130,0.214576,-0.160210,0.378898,0.658269,-0.606404,-0.654212,0.319515,0.319672,-0.442932,0.587762,-0.084027,-0.471480,-0.484382,-0.457570,-0.577677,-0.357389,0.381823,0.628557
18740,156.166667,0.355005,0.745801,0.521798,0.213258,-0.164002,0.379798,0.658665,-0.675899,-0.720306,0.115349,0.104948,-0.432763,0.588093,-0.086753,-0.474309,-0.484805,-0.455702,-0.576482,-0.358910,0.382296,0.629127
18741,156.175000,0.353337,0.745745,0.523734,0.211469,-0.167667,0.380666,0.658993,-0.680665,-0.716109,-0.104624,-0.113738,-0.422757,0.588060,-0.083718,-0.476650,-0.485069,-0.454584,-0.575211,-0.360390,0.382767,0.629626
18742,156.183333,0.351489,0.746093,0.524876,0.210490,-0.171295,0.381538,0.659226,-0.618837,-0.644044,-0.318729,-0.317268,-0.416350,0.587366,-0.076233,-0.478237,-0.485114,-0.454098,-0.574237,-0.361827,0.383246,0.630116
18743,156.191667,0.348613,0.746567,0.526574,0.209349,-0.174873,0.382270,0.659314,-0.495494,-0.511435,-0.503661,-0.489127,-0.415580,0.586321,-0.067172,-0.479226,-0.484834,-0.453694,-0.573969,-0.363214,0.383707,0.630598
18744,156.200000,0.344604,0.746860,0.529390,0.207835,-0.178378,0.382840,0.659228,-0.320973,-0.332480,-0.641639,-0.612154,-0.420359,0.585172,-0.060130,-0.479907,-0.484163,-0.453489,-0.574129,-0.364565,0.384156,0.631065
18745,156.208333,0.339375,0.746849,0.532931,0.207426,-0.181809,0.383337,0.658972,-0.126372,-0.111074,-0.711651,-0.682089,-0.428436,0.583735,-0.058113,-0.480446,-0.483200,-0.453956,-0.574120,-0.365905,0.384654,0.631537
18746,156.216667,0.334072,0.745923,0.539715,0.201751,-0.184899,0.383486,0.658603,0.074298,0.124305,-0.711444,-0.687659,-0.436250,0.582490,-0.061964,-0.480640,-0.482219,-0.455103,-0.573874,-0.367258,0.385180,0.631998
18747,156.225000,0.327564,0.745386,0.545222,0.199585,-0.187893,0.383819,0.658150,0.284282,0.327473,-0.646582,-0.627596,-0.440353,0.582293,-0.070350,-0.480686,-0.481267,-0.456062,-0.573873,-0.368668,0.385662,0.632382
18748,156.233333,0.321175,0.744912,0.548919,0.201596,-0.190729,0.384425,0.657669,0.465178,0.505050,-0.517109,-0.511011,-0.438961,0.581356,-0.081118,-0.480775,-0.480769,-0.456250,-0.574067,-0.370192,0.386101,0.632634
18749,156.241667,0.317132,0.743239,0.556098,0.194365,-0.192910,0.384732,0.657220,0.595010,0.642596,-0.341196,-0.341495,-0.431921,0.580490,-0.090179,-0.481255,-0.480979,-0.455519,-0.574070,-0.371884,0.386507,0.632734
18750,156.250000,0.313004,0.742544,0.559238,0.194705,-0.194966,0.385572,0.656792,0.668893,0.717713,-0.140075,-0.133604,-0.421164,0.580390,-0.094389,-0.482222,-0.481847,-0.454374,-0.573437,-0.373758,0.386908,0.632701
18751,156.258333,0.309955,0.742000,0.561528,0.195063,-0.196649,0.386625,0.656393,0.681014,0.723603,0.077069,0.081731,-0.410096,0.580100,-0.092995,-0.483538,-0.483054,-0.452808,-0.572551,-0.375783,0.387273,0.632533
18752,156.266667,0.308716,0.741262,0.562931,0.195792,-0.197941,0.387860,0.655972,0.631877,0.660416,0.287874,0.285851,-0.402064,0.579715,-0.086790,-0.484924,-0.484428,-0.450975,-0.571664,-0.377939,0.387601,0.632231
18753,156.275000,0.308596,0.740649,0.563438,0.196835,-0.198858,0.389235,0.655518,0.519033,0.539389,0.477206,0.460369,-0.399384,0.578601,-0.078631,-0.486222,-0.486029,-0.449361,-0.570473,-0.380235,0.387894,0.631815
18754,156.283333,0.308882,0.740202,0.563617,0.197559,-0.199423,0.390705,0.655003,0.357267,0.368418,0.620239,0.593239,-0.402219,0.577199,-0.071813,-0.487271,-0.487679,-0.447573,-0.569574,-0.382645,0.388112,0.631330
18755,156.291667,0.309271,0.739704,0.563740,0.198459,-0.199691,0.392259,0.654397,0.171098,0.154534,0.700111,0.675787,-0.408833,0.575635,-0.069346,-0.488187,-0.489059,-0.445953,-0.568877,-0.385155,0.388322,0.630833
18756,156.300000,0.309068,0.739295,0.563947,0.199710,-0.199693,0.393818,0.653677,-0.022842,-0.080807,0.714875,0.694192,-0.415999,0.574122,-0.072555,-0.488729,-0.490155,-0.444617,-0.568513,-0.387760,0.388507,0.630333
18757,156.308333,0.308478,0.738685,0.564562,0.201137,-0.199411,0.395373,0.652844,-0.232419,-0.286609,0.667000,0.647261,-0.420243,0.573785,-0.080326,-0.488864,-0.491055,-0.443898,-0.568183,-0.390460,0.388687,0.629842
18758,156.316667,0.307604,0.737974,0.565324,0.202937,-0.198838,0.396954,0.651932,-0.425019,-0.462053,0.554346,0.546412,-0.419475,0.573073,-0.090854,-0.488544,-0.491771,-0.443699,-0.567994,-0.393265,0.388855,0.629407
18759,156.325000,0.306444,0.737349,0.566170,0.204595,-0.197944,0.398575,0.650944,-0.564609,-0.611401,0.391784,0.392314,-0.413037,0.571930,-0.100806,-0.487655,-0.492293,-0.443748,-0.568268,-0.396211,0.388962,0.628992
18760,156.333333,0.305438,0.736707,0.566828,0.206584,-0.196686,0.400273,0.649892,-0.655540,-0.701566,0.199470,0.195664,-0.402348,0.571667,-0.106617,-0.485990,-0.492744,-0.444606,-0.568632,-0.399286,0.389068,0.628593
18761,156.341667,0.304742,0.736043,0.567117,0.209167,-0.195040,0.402082,0.648797,-0.685512,-0.727797,-0.011079,-0.016196,-0.390457,0.571375,-0.107006,-0.483550,-0.493500,-0.445957,-0.568999,-0.402516,0.389162,0.628208
18762,156.350000,0.304218,0.735264,0.567400,0.211884,-0.192992,0.404006,0.647684,-0.655180,-0.686913,-0.219423,-0.225262,-0.380562,0.570943,-0.102341,-0.481340,-0.494450,-0.446818,-0.569373,-0.405936,0.389169,0.627800
18763,156.358333,0.304049,0.734300,0.567599,0.214917,-0.190514,0.406024,0.646537,-0.565138,-0.585371,-0.412090,-0.410050,-0.375409,0.570067,-0.094639,-0.479803,-0.495499,-0.446825,-0.569752,-0.409518,0.389157,0.627372
18764,156.366667,0.303768,0.733193,0.567935,0.218181,-0.187620,0.408122,0.645363,-0.422593,-0.432220,-0.569289,-0.557236,-0.375834,0.568813,-0.087042,-0.478783,-0.496992,-0.446580,-0.569501,-0.413258,0.389125,0.626911
18765,156.375000,0.303014,0.731842,0.568919,0.221182,-0.184306,0.410289,0.644174,-0.247294,-0.232976,-0.675672,-0.654245,-0.380704,0.566853,-0.083050,-0.478526,-0.498918,-0.445680,-0.568738,-0.417134,0.389013,0.626421
18766,156.383333,0.302226,0.730281,0.569891,0.224885,-0.180544,0.412529,0.642960,-0.059130,-0.004937,-0.712497,-0.699162,-0.387311,0.565254,-0.084121,-0.479189,-0.501119,-0.443796,-0.567717,-0.421139,0.388847,0.625937
18767,156.391667,0.301428,0.728481,0.570908,0.229174,-0.176309,0.414822,0.641741,0.152914,0.200624,-0.691853,-0.676541,-0.392373,0.564952,-0.089902,-0.480241,-0.503511,-0.441706,-0.566341,-0.425261,0.388625,0.625451
18768,156.400000,0.300146,0.726610,0.572331,0.233212,-0.171587,0.417128,0.640542,0.355553,0.382966,-0.612220,-0.593384,-0.393342,0.564663,-0.099260,-0.481358,-0.506002,-0.439385,-0.564975,-0.429462,0.388338,0.624960
18769,156.408333,0.298667,0.724582,0.574019,0.237235,-0.166348,0.419481,0.639407,0.508381,0.552522,-0.471832,-0.462215,-0.388907,0.563348,-0.109625,-0.482599,-0.508226,-0.436605,-0.564076,-0.433756,0.387949,0.624484
18770,156.416667,0.297300,0.722387,0.575429,0.242181,-0.160563,0.421906,0.638336,0.620858,0.668209,-0.288820,-0.290885,-0.379546,0.562340,-0.117283,-0.483732,-0.510161,-0.433418,-0.563815,-0.438135,0.387449,0.624022
18771,156.425000,0.295180,0.720174,0.577208,0.247084,-0.154208,0.424357,0.637350,0.678853,0.723685,-0.087985,-0.087735,-0.367589,0.562131,-0.119741,-0.484587,-0.511988,-0.430283,-0.563827,-0.442602,0.386828,0.623578
18772,156.433333,0.293088,0.717863,0.578989,0.252078,-0.147223,0.426863,0.636466,0.676818,0.715994,0.120555,0.121398,-0.356145,0.561725,-0.116814,-0.484821,-0.513856,-0.427330,-0.564171,-0.447199,0.386057,0.623156
18773,156.441667,0.291811,0.715285,0.580436,0.257501,-0.139568,0.429437,0.635726,0.619516,0.644031,0.319044,0.315650,-0.348176,0.561275,-0.109568,-0.484859,-0.515647,-0.424295,-0.564795,-0.451947,0.385162,0.622776
18774,156.450000,0.290886,0.712852,0.580449,0.265154,-0.131296,0.432219,0.635193,0.502627,0.520757,0.501453,0.474049,-0.345534,0.559988,-0.100861,-0.485054,-0.517307,-0.420775,-0.565743,-0.456894,0.384099,0.622405
18775,156.458333,0.289420,0.710234,0.580119,0.274344,-0.122419,0.435144,0.634890,0.338871,0.353894,0.637036,0.595072,-0.347937,0.558577,-0.093581,-0.485470,-0.519064,-0.416563,-0.566893,-0.462080,0.382876,0.622048
18776,156.466667,0.287668,0.706978,0.581612,0.281348,-0.112858,0.437958,0.634791,0.158017,0.146416,0.703954,0.676788,-0.353693,0.557364,-0.090080,-0.486117,-0.520922,-0.411738,-0.568157,-0.467512,0.381485,0.621744
18777,156.475000,0.286604,0.702942,0.583530,0.288484,-0.102691,0.440710,0.634941,-0.026083,-0.082692,0.715018,0.693708,-0.359842,0.555842,-0.091702,-0.487318,-0.522610,-0.406466,-0.569373,-0.473208,0.379950,0.621500
18778,156.483333,0.284274,0.699045,0.586164,0.294849,-0.091959,0.443511,0.635377,-0.228053,-0.280391,0.669251,0.649212,-0.363319,0.555626,-0.097090,-0.488864,-0.524265,-0.401057,-0.570361,-0.479235,0.378310,0.621355
18779,156.491667,0.279961,0.696089,0.589244,0.299788,-0.080618,0.446463,0.636108,-0.416398,-0.448568,0.569314,0.548890,-0.362195,0.555520,-0.104493,-0.490257,-0.526108,-0.395690,-0.571216,-0.485658,0.376576,0.621332
18780,156.500000,0.276136,0.692000,0.592216,0.306863,-0.068597,0.449433,0.637191,-0.554479,-0.595904,0.418774,0.402592,-0.355844,0.554615,-0.111230,-0.491467,-0.527918,-0.390082,-0.572363,-0.492539,0.374769,0.621433
18781,156.508333,0.271631,0.687496,0.595731,0.314118,-0.055864,0.452489,0.638637,-0.647293,-0.690995,0.231352,0.223636,-0.345412,0.553768,-0.114117,-0.492460,-0.529654,-0.385430,-0.573056,-0.499910,0.372891,0.621677
18782,156.516667,0.266736,0.682237,0.600243,0.321112,-0.042386,0.455612,0.640483,-0.685680,-0.726889,0.032268,0.020848,-0.333492,0.553655,-0.111208,-0.493001,-0.531659,-0.381135,-0.573607,-0.507777,0.370984,0.622067
18783,156.525000,0.262346,0.675502,0.605285,0.329395,-0.028152,0.458752,0.642771,-0.669211,-0.700579,-0.170111,-0.180022,-0.323020,0.553527,-0.102722,-0.492856,-0.533736,-0.376823,-0.574651,-0.516129,0.369049,0.622596
18784,156.533333,0.257943,0.667895,0.610596,0.338458,-0.013160,0.461932,0.645523,-0.594828,-0.619014,-0.363151,-0.362108,-0.316555,0.552923,-0.090312,-0.492043,-0.535761,-0.373188,-0.575834,-0.524953,0.367011,0.623263
18785,156.541667,0.251184,0.661936,0.615880,0.345601,0.002578,0.465254,0.648721,-0.468246,-0.488447,-0.531397,-0.509688,-0.315237,0.551696,-0.076676,-0.490230,-0.537792,-0.370217,-0.577402,-0.534212,0.364879,0.624090
18786,156.550000,0.244063,0.656482,0.620098,0.353475,0.019103,0.468549,0.652390,-0.302329,-0.319528,-0.654709,-0.614699,-0.318582,0.550391,-0.064347,-0.487094,-0.539657,-0.367910,-0.579786,-0.543880,0.362635,0.625088
18787,156.558333,0.239129,0.649136,0.624152,0.363145,0.036467,0.471584,0.656569,-0.130274,-0.109621,-0.706571,-0.686854,-0.324714,0.549707,-0.055187,-0.482996,-0.541407,-0.366875,-0.582234,-0.553977,0.360284,0.626263
18788,156.566667,0.234228,0.640989,0.628473,0.373218,0.054631,0.474471,0.661240,0.045359,0.115938,-0.707535,-0.695626,-0.330774,0.548464,-0.050380,-0.478796,-0.543136,-0.366165,-0.584535,-0.564516,0.357897,0.627642
18789,156.575000,0.226247,0.634398,0.632611,0.382303,0.073512,0.477352,0.666339,0.247117,0.299649,-0.661426,-0.641607,-0.334071,0.548011,-0.048483,-0.474963,-0.545045,-0.365687,-0.586182,-0.575440,0.355480,0.629238
18790,156.583333,0.217668,0.627636,0.636673,0.391588,0.093108,0.480077,0.671870,0.429148,0.458638,-0.556203,-0.544171,-0.332897,0.547733,-0.047579,-0.471412,-0.547317,-0.365171,-0.587252,-0.586692,0.353004,0.631067
18791,156.591667,0.211603,0.620184,0.639720,0.401690,0.113410,0.482503,0.677806,0.561895,0.597830,-0.411261,-0.397161,-0.326869,0.547240,-0.045018,-0.468628,-0.549482,-0.364898,-0.587628,-0.598206,0.350536,0.633189
18792,156.600000,0.206793,0.614043,0.640116,0.412843,0.134325,0.484724,0.684072,0.651229,0.687543,-0.238113,-0.215612,-0.317054,0.547345,-0.037925,-0.467207,-0.549941,-0.359510,-0.591638,-0.610063,0.347632,0.635645
18793,156.608333,0.202231,0.606390,0.640532,0.425573,0.155884,0.486745,0.690678,0.687591,0.724540,-0.042690,-0.020939,-0.305867,0.547245,-0.025026,-0.466196,-0.549563,-0.352199,-0.597157,-0.622128,0.344561,0.638401
18794,156.616667,0.196364,0.596253,0.642889,0.438882,0.178052,0.488453,0.697586,0.669958,0.704618,0.155751,0.174390,-0.295924,0.547243,-0.006152,-0.463790,-0.551023,-0.354315,-0.596433,-0.634125,0.342130,0.641430
18795,156.625000,0.190107,0.585526,0.644987,0.452781,0.200707,0.489767,0.704758,0.599604,0.629997,0.344075,0.353825,-0.289529,0.547065,0.017265,-0.460058,-0.552494,-0.358409,-0.595517,-0.646245,0.339732,0.644729
18796,156.633333,0.184280,0.574869,0.646289,0.466773,0.223675,0.490643,0.712119,0.483236,0.505672,0.503086,0.507625,-0.287780,0.546868,0.042921,-0.455160,-0.553962,-0.364458,-0.594244,-0.658470,0.337371,0.648269
18797,156.641667,0.179561,0.564323,0.646885,0.480455,0.246836,0.490998,0.719646,0.328584,0.342657,0.623364,0.621318,-0.290387,0.546544,0.068182,-0.450019,-0.555383,-0.371697,-0.592346,-0.670751,0.335057,0.652030
18798,156.650000,0.176570,0.553854,0.646621,0.493913,0.270021,0.490806,0.727323,0.145713,0.155164,0.697126,0.684622,-0.295708,0.546159,0.090950,-0.444881,-0.557310,-0.379136,-0.589697,-0.683073,0.332743,0.655912
18799,156.658333,0.175586,0.543860,0.645099,0.507182,0.293025,0.490120,0.735142,-0.033317,-0.060841,0.714783,0.695898,-0.301215,0.545356,0.110080,-0.440016,-0.560246,-0.386470,-0.585791,-0.695456,0.330429,0.659788
18800,156.666667,0.175656,0.534725,0.639363,0.523860,0.315708,0.488969,0.743084,-0.215502,-0.264942,0.674697,0.654331,-0.304150,0.545022,0.126313,-0.435699,-0.564421,-0.393299,-0.580441,-0.707865,0.328080,0.663540
18801,156.675000,0.181496,0.523658,0.631079,0.542753,0.338043,0.487221,0.751262,-0.404436,-0.423583,0.583744,0.562363,-0.302541,0.545724,0.141613,-0.431590,-0.569843,-0.399592,-0.573877,-0.720214,0.325682,0.667072
18802,156.683333,0.187857,0.512175,0.618827,0.565190,0.359913,0.484917,0.759559,-0.543492,-0.568887,0.449376,0.423138,-0.295846,0.545940,0.158078,-0.427364,-0.576206,-0.405463,-0.566522,-0.732365,0.323238,0.670315
18803,156.691667,0.190676,0.500725,0.597768,0.596314,0.380918,0.482955,0.767899,-0.640489,-0.670076,0.278626,0.251276,-0.284956,0.546338,0.178485,-0.422992,-0.583094,-0.410564,-0.559031,-0.744139,0.320729,0.673220
18804,156.700000,0.200309,0.485254,0.584176,0.618986,0.401296,0.480803,0.776550,-0.687468,-0.718782,0.084187,0.060434,-0.271975,0.546908,0.204434,-0.418490,-0.590028,-0.415146,-0.551713,-0.755322,0.318159,0.675745
18805,156.708333,0.212845,0.472273,0.592708,0.616728,0.421207,0.477285,0.785546,-0.681838,-0.709585,-0.115108,-0.135410,-0.259549,0.547725,0.236143,-0.412294,-0.598070,-0.425284,-0.539870,-0.765489,0.316090,0.677882
18806,156.716667,0.226934,0.458380,0.600643,0.614505,0.440275,0.473471,0.794610,-0.620964,-0.646643,-0.305454,-0.320865,-0.250360,0.548325,0.272286,-0.405273,-0.605515,-0.437223,-0.527202,-0.774673,0.314256,0.679659
18807,156.725000,0.233560,0.445072,0.587941,0.633787,0.458524,0.469581,0.803418,-0.512212,-0.533214,-0.469878,-0.482220,-0.245789,0.548868,0.310535,-0.399971,-0.610000,-0.441525,-0.522473,-0.783221,0.311839,0.681124
18808,156.733333,0.243392,0.431427,0.580631,0.646141,0.475693,0.465361,0.812278,-0.364353,-0.377667,-0.597184,-0.606618,-0.245990,0.549289,0.348097,-0.394126,-0.613614,-0.446289,-0.518622,-0.790830,0.309569,0.682273
18809,156.741667,0.249525,0.419551,0.566320,0.664075,0.491855,0.460873,0.820935,-0.177629,-0.201804,-0.688354,-0.673715,-0.249721,0.548978,0.382444,-0.388476,-0.616746,-0.450834,-0.515229,-0.797557,0.307567,0.683164
18810,156.750000,0.260580,0.401012,0.537891,0.694234,0.507100,0.455878,0.829166,0.003323,0.009188,-0.720662,-0.693218,-0.254512,0.548225,0.412317,-0.381185,-0.621162,-0.454746,-0.511920,-0.803456,0.305714,0.683867
18811,156.758333,0.279652,0.377914,0.516524,0.715667,0.520967,0.450831,0.837026,0.176453,0.222144,-0.680543,-0.675557,-0.257411,0.548842,0.438080,-0.370211,-0.630008,-0.454764,-0.509140,-0.808798,0.303693,0.684394
18812,156.766667,0.292466,0.365976,0.513012,0.719267,0.533147,0.446325,0.844662,0.373978,0.380715,-0.603164,-0.592781,-0.256628,0.549683,0.460968,-0.364562,-0.633579,-0.458317,-0.505585,-0.813394,0.302394,0.684751
18813,156.775000,0.303334,0.355643,0.505856,0.724994,0.544044,0.442007,0.851767,0.520885,0.533365,-0.479593,-0.462808,-0.251370,0.549782,0.483244,-0.364439,-0.629841,-0.468086,-0.501377,-0.817034,0.302032,0.685007
18814,156.783333,0.310750,0.347014,0.496576,0.732413,0.553769,0.437839,0.858185,0.626359,0.645767,-0.319285,-0.297852,-0.242004,0.550009,0.507520,-0.360763,-0.631308,-0.472862,-0.497697,-0.820285,0.301456,0.685200
18815,156.791667,0.313059,0.348564,0.515237,0.717654,0.562010,0.432240,0.864293,0.687087,0.705618,-0.132693,-0.111391,-0.230317,0.550182,0.535655,-0.358917,-0.631044,-0.478387,-0.494074,-0.822912,0.301230,0.685309
18816,156.800000,0.313451,0.353425,0.541781,0.695207,0.569046,0.426494,0.869957,0.695377,0.710989,0.066188,0.081022,-0.218867,0.550234,0.568154,-0.365437,-0.625242,-0.486642,-0.488578,-0.825085,0.301791,0.685467
18817,156.808333,0.320928,0.347104,0.536845,0.698800,0.575407,0.423252,0.874760,0.649092,0.663641,0.256303,0.269387,-0.210177,0.550285,0.604174,-0.363157,-0.627450,-0.488344,-0.485741,-0.826865,0.301731,0.685608
18818,156.816667,0.331899,0.335117,0.513892,0.716558,0.581113,0.421566,0.878871,0.553822,0.564751,0.423539,0.441534,-0.205924,0.550244,0.641809,-0.350526,-0.634639,-0.488357,-0.485667,-0.827957,0.301250,0.685492
18819,156.825000,0.343466,0.320768,0.481637,0.739706,0.586019,0.420844,0.882381,0.418469,0.420701,0.560599,0.577602,-0.206452,0.550075,0.678511,-0.353143,-0.628606,-0.497377,-0.482453,-0.828516,0.302316,0.685337
18820,156.833333,0.339055,0.327037,0.503361,0.724373,0.589109,0.416992,0.885389,0.241697,0.254815,0.666611,0.657482,-0.211002,0.549366,0.711719,-0.350935,-0.628472,-0.500610,-0.480892,-0.828878,0.302944,0.685163
18821,156.841667,0.330669,0.336958,0.533724,0.701610,0.591157,0.413069,0.887829,0.038900,0.077205,0.722682,0.685753,-0.217290,0.548314,0.739888,-0.349705,-0.627227,-0.504382,-0.479470,-0.828830,0.303770,0.684823
18822,156.850000,0.330371,0.336657,0.534783,0.701088,0.592903,0.411594,0.889695,-0.133166,-0.139999,0.705975,0.681371,-0.222453,0.547851,0.762727,-0.349883,-0.624534,-0.508511,-0.478492,-0.828409,0.304794,0.684287
18823,156.858333,0.329508,0.337247,0.536659,0.699776,0.593946,0.410399,0.891134,-0.298945,-0.343304,0.635212,0.623923,-0.224273,0.547915,0.781344,-0.347319,-0.624322,-0.511021,-0.477964,-0.827765,0.305754,0.683601
18824,156.866667,0.329298,0.338754,0.537812,0.698260,0.594504,0.409621,0.892354,-0.476531,-0.485505,0.523116,0.513373,-0.221521,0.548319,0.797924,-0.346164,-0.622422,-0.515184,-0.476809,-0.827127,0.306864,0.682635
18825,156.875000,0.331426,0.339958,0.537654,0.696788,0.594771,0.409182,0.893527,-0.592700,-0.616319,0.369138,0.364134,-0.214498,0.547626,0.815292,-0.344742,-0.620968,-0.518758,-0.475859,-0.826580,0.307889,0.681410
18826,156.883333,0.334689,0.340731,0.537076,0.695294,0.594743,0.409082,0.894650,-0.663600,-0.699621,0.184886,0.189693,-0.204251,0.546676,0.835627,-0.343023,-0.621035,-0.520758,-0.474828,-0.826002,0.308803,0.679945
18827,156.891667,0.337320,0.341485,0.539708,0.691606,0.594411,0.409112,0.895735,-0.698540,-0.715482,-0.011300,0.000036,-0.192991,0.546667,0.859900,-0.342858,-0.621412,-0.521606,-0.473522,-0.825301,0.309687,0.678165
18828,156.900000,0.338917,0.342558,0.542577,0.688040,0.594017,0.409218,0.896785,-0.682191,-0.674344,-0.213205,-0.185525,-0.183500,0.546673,0.887982,-0.343065,-0.622759,-0.521366,-0.471863,-0.824623,0.310445,0.676069
18829,156.908333,0.342427,0.342493,0.542550,0.686354,0.593754,0.409458,0.897871,-0.602732,-0.592906,-0.383852,-0.371260,-0.177979,0.545983,0.918358,-0.341937,-0.625126,-0.520098,-0.470950,-0.824034,0.311051,0.673796
18830,156.916667,0.346316,0.342328,0.544720,0.682757,0.593472,0.409777,0.899076,-0.478367,-0.466398,-0.519581,-0.532610,-0.177026,0.545986,0.948382,-0.340288,-0.626877,-0.519430,-0.470555,-0.823410,0.311638,0.671482
18831,156.925000,0.349875,0.341498,0.549957,0.677137,0.593048,0.410213,0.900272,-0.313112,-0.311734,-0.629366,-0.639282,-0.180158,0.546951,0.975419,-0.337820,-0.628633,-0.519174,-0.470273,-0.822679,0.312256,0.669239
18832,156.933333,0.358537,0.335761,0.573339,0.655742,0.592397,0.410605,0.901505,-0.131025,-0.124423,-0.693805,-0.697127,-0.186196,0.546710,0.997873,-0.335752,-0.629322,-0.520054,-0.469860,-0.821980,0.313022,0.667082
18833,156.941667,0.363163,0.333611,0.579049,0.649245,0.591937,0.411266,0.902485,0.061165,0.072480,-0.705304,-0.702533,-0.192243,0.546477,1.014816,-0.332855,-0.629187,-0.522262,-0.469653,-0.821403,0.313805,0.664945
18834,156.950000,0.359569,0.338105,0.548399,0.675021,0.591804,0.412440,0.903032,0.248066,0.264575,-0.662667,-0.655237,-0.195764,0.546270,1.026953,-0.328283,-0.629040,-0.524984,-0.470033,-0.820843,0.314526,0.662822
18835,156.958333,0.361750,0.337285,0.548926,0.673837,0.591231,0.413190,0.903708,0.416018,0.436931,-0.570030,-0.557750,-0.195040,0.546086,1.036245,-0.325488,-0.627402,-0.528325,-0.470423,-0.820223,0.315413,0.660681
18836,156.966667,0.362295,0.337593,0.552859,0.670164,0.590533,0.413878,0.904235,0.553146,0.575137,-0.434172,-0.418021,-0.189536,0.546026,1.045218,-0.321952,-0.627665,-0.530130,-0.470474,-0.819610,0.316208,0.658502
18837,156.975000,0.364257,0.337610,0.553308,0.668720,0.589924,0.414699,0.904682,0.648523,0.669404,-0.264006,-0.248227,-0.180172,0.546202,1.056282,-0.318924,-0.628635,-0.531300,-0.469920,-0.819100,0.316992,0.656344
18838,156.983333,0.367490,0.336880,0.551298,0.668980,0.589371,0.415749,0.905126,0.693901,0.713733,-0.073869,-0.060255,-0.169036,0.546402,1.071115,-0.316073,-0.629676,-0.532247,-0.469383,-0.818683,0.317843,0.654341
18839,156.991667,0.371316,0.335192,0.549305,0.669353,0.588739,0.417018,0.905574,0.686026,0.704844,0.120026,0.134749,-0.158629,0.546495,1.090084,-0.312986,-0.630987,-0.532842,-0.469014,-0.818319,0.318753,0.652555
18840,157.000000,0.381044,0.328403,0.570147,0.649530,0.587803,0.417949,0.906132,0.626362,0.641980,0.303947,0.321167,-0.151336,0.546592,1.112013,-0.309926,-0.632370,-0.533518,-0.468415,-0.818033,0.319761,0.651020
18841,157.008333,0.387411,0.325142,0.575585,0.642571,0.587018,0.419147,0.906554,0.519960,0.529809,0.466100,0.481347,-0.148641,0.546735,1.134632,-0.308714,-0.631778,-0.536408,-0.466710,-0.817889,0.321021,0.649718
18842,157.016667,0.390878,0.327108,0.570184,0.644286,0.586230,0.420486,0.906719,0.374426,0.377226,0.592771,0.605085,-0.151138,0.546841,1.153143,-0.307349,-0.630459,-0.540645,-0.464500,-0.817864,0.322340,0.648584
18843,157.025000,0.401194,0.321139,0.601296,0.611847,0.584968,0.421294,0.907056,,,,,,,,-0.304691,-0.630173,-0.543755,-0.463008,-0.817904,0.323583,0.647568
18844,157.033333,0.394758,0.327355,0.576380,0.636232,0.584452,0.422868,0.907108,,,,,,,,-0.302281,-0.630666,-0.545803,-0.461504,-0.818023,0.324846,0.646609
18845,157.041667,0.387216,0.334898,0.548441,0.661150,0.583878,0.424434,0.906914,-0.179034,-0.194431,0.683504,0.680416,-0.166953,0.546978,1.189454,-0.298932,-0.632298,-0.547029,-0.459998,-0.818189,0.326049,0.645683
18846,157.050000,0.386961,0.336596,0.548322,0.660535,0.582988,0.425738,0.906782,-0.356445,-0.377069,0.604775,0.604163,-0.168121,0.546632,1.192028,-0.295973,-0.633015,-0.549160,-0.458383,-0.818389,0.327332,0.644810
18847,157.058333,0.386981,0.337605,0.549902,0.658694,0.582108,0.426997,0.906720,-0.505327,-0.531877,0.478322,0.482658,-0.164613,0.546301,1.193313,-0.294661,-0.632581,-0.552119,-0.456269,-0.818678,0.328760,0.644035
18848,157.066667,0.386366,0.338022,0.549834,0.658897,0.581240,0.428355,0.906748,-0.613266,-0.645318,0.322046,0.322111,-0.156646,0.546556,1.195659,-0.292452,-0.632984,-0.554398,-0.454363,-0.818950,0.330182,0.643438
18849,157.075000,0.394461,0.332768,0.573436,0.636268,0.580069,0.429555,0.906956,-0.674787,-0.710899,0.142113,0.138163,-0.145987,0.546928,1.201241,-0.290228,-0.633124,-0.557185,-0.452180,-0.819219,0.331749,0.643080
18850,157.083333,0.398261,0.330891,0.581549,0.627455,0.579172,0.430969,0.907314,-0.687553,-0.724630,0.036316,0.029397,-0.138521,0.547386,1.205882,-0.288121,-0.632858,-0.560288,-0.450060,-0.819504,0.333356,0.642873
18851,157.091667,0.390507,0.337170,0.548965,0.657616,0.578914,0.432726,0.907815,,,,,,,,-0.286415,-0.632245,-0.563165,-0.448417,-0.819746,0.335013,0.642775
18852,157.100000,0.399434,0.331633,0.570991,0.635957,0.577908,0.433802,0.908580,,,,,,,,-0.284925,-0.631893,-0.565523,-0.446892,-0.819893,0.336715,0.642778
18853,157.108333,0.403754,0.330025,0.578683,0.627051,0.577073,0.435123,0.909364,,,,,,,,-0.284211,-0.632063,-0.566377,-0.446024,-0.819984,0.338368,0.642780
18854,157.116667,0.398760,0.336883,0.549935,0.651975,0.576724,0.436823,0.910113,,,,,,,,-0.283828,-0.632460,-0.566985,-0.444932,-0.820084,0.340032,0.642838
18855,157.125000,0.401798,0.336824,0.548788,0.651107,0.576107,0.438202,0.911042,,,,,,,,-0.283191,-0.633173,-0.567486,-0.443684,-0.820228,0.341665,0.642959
18856,157.133333,0.404153,0.336705,0.548885,0.649627,0.575496,0.439582,0.912055,,,,,,,,-0.282932,-0.633697,-0.567977,-0.442469,-0.820427,0.343341,0.643203
18857,157.141667,0.406226,0.336593,0.551647,0.646043,0.574859,0.440738,0.913161,,,,,,,,-0.282966,-0.634071,-0.568781,-0.440878,-0.820676,0.345067,0.643592
18858,157.150000,0.407316,0.337936,0.557246,0.639820,0.574213,0.441660,0.914324,,,,,,,,-0.282925,-0.634332,-0.569592,-0.439477,-0.821012,0.346834,0.644157
18859,157.158333,0.407935,0.339211,0.559253,0.636994,0.573612,0.442870,0.915469,,,,,,,,-0.282897,-0.634225,-0.570671,-0.438250,-0.821451,0.348626,0.644885
18860,157.166667,0.408262,0.339993,0.559788,0.635897,0.573013,0.444272,0.916588,,,,,,,,-0.282926,-0.633790,-0.572107,-0.436987,-0.821934,0.350436,0.645748
18861,157.175000,0.408040,0.341611,0.560673,0.634390,0.571978,0.445082,0.916722,,,,,,,,-0.283093,-0.633514,-0.573455,-0.435509,-0.822425,0.352279,0.646722
18862,157.183333,,,,,,,,,,,,,,,-0.283525,-0.633483,-0.574635,-0.433714,-0.822942,0.354166,0.647795
18863,157.191667,,,,,,,,,,,,,,,-0.284286,-0.633610,-0.575355,-0.432072,-0.823518,0.356001,0.648911
18864,157.200000,,,,,,,,,,,,,,,-0.285011,-0.633691,-0.575966,-0.430660,-0.824135,0.357812,0.650098
18865,157.208333,,,,,,,,,,,,,,,-0.285691,-0.633576,-0.576627,-0.429493,-0.824780,0.359642,0.651393
18866,157.216667,,,,,,,,,,,,,,,-0.286441,-0.633335,-0.577419,-0.428283,-0.825477,0.361445,0.652788
18867,157.225000,,,,,,,,,,,,,,,-0.287236,-0.632822,-0.578591,-0.426925,-0.826256,0.363275,0.654292
18868,157.233333,,,,,,,,,,,,,,,-0.287479,-0.632143,-0.580594,-0.425043,-0.827113,0.365197,0.655930
18869,157.241667,,,,,,,,,,,,,,,-0.287528,-0.631285,-0.583083,-0.422872,-0.827996,0.367130,0.657637
18870,157.250000,,,,,,,,,,,,,,,-0.288196,-0.630644,-0.584494,-0.421424,-0.828882,0.368976,0.659316
18871,157.258333,,,,,,,,,,,,,,,-0.289089,-0.630602,-0.585165,-0.419941,-0.829780,0.370794,0.660982
18872,157.266667,,,,,,,,-0.687376,-0.711861,0.106932,0.096612,-0.088966,0.558536,1.207298,-0.289874,-0.631207,-0.585592,-0.417891,-0.830718,0.372560,0.662640
18873,157.275000,,,,,,,,-0.695398,-0.706452,-0.091556,-0.094686,-0.078414,0.559478,1.202488,-0.290954,-0.631735,-0.585891,-0.415920,-0.831675,0.374305,0.664317
18874,157.283333,,,,,,,,-0.646278,-0.651451,-0.290498,-0.271196,-0.070762,0.559836,1.201071,-0.292101,-0.632126,-0.586465,-0.413706,-0.832629,0.376054,0.666068
18875,157.291667,,,,,,,,-0.543960,-0.553155,-0.456702,-0.435373,-0.067377,0.560713,1.200616,-0.293361,-0.632558,-0.587045,-0.411325,-0.833621,0.377737,0.667859
18876,157.300000,,,,,,,,-0.404803,-0.410100,-0.582186,-0.573596,-0.068642,0.561846,1.198657,-0.294249,-0.632928,-0.588129,-0.408564,-0.834669,0.379354,0.669703
18877,157.308333,,,,,,,,-0.237475,-0.233754,-0.663918,-0.669461,-0.073506,0.563037,1.192911,-0.294663,-0.633206,-0.589327,-0.406100,-0.835727,0.380897,0.671567
18878,157.316667,,,,,,,,-0.050337,-0.041362,-0.705461,-0.705748,-0.079913,0.563762,1.182140,-0.294916,-0.633464,-0.590444,-0.403886,-0.836739,0.382353,0.673410
18879,157.325000,,,,,,,,0.140876,0.154047,-0.693929,-0.689120,-0.085212,0.564480,1.166091,-0.295172,-0.633861,-0.591576,-0.401411,-0.837710,0.383736,0.675212
18880,157.333333,,,,,,,,0.321075,0.338493,-0.630271,-0.620557,-0.087168,0.565224,1.146011,-0.295458,-0.634411,-0.592308,-0.399246,-0.838661,0.385031,0.676960
18881,157.341667,,,,,,,,0.476652,0.497921,-0.519455,-0.505019,-0.084519,0.566010,1.124130,-0.295495,-0.635033,-0.593123,-0.397015,-0.839610,0.386223,0.678665
18882,157.350000,,,,,,,,0.596838,0.619218,-0.369857,-0.351510,-0.077353,0.566943,1.103030,-0.295352,-0.635534,-0.595329,-0.392998,-0.840545,0.387262,0.680358
18883,157.358333,,,,,,,,0.672572,0.693592,-0.192161,-0.172197,-0.067072,0.568048,1.084859,-0.295208,-0.635824,-0.598132,-0.388354,-0.841458,0.388208,0.682028
18884,157.366667,,,,,,,,0.697336,0.716512,0.001205,0.018208,-0.056052,0.569222,1.070660,-0.295416,-0.635600,-0.598850,-0.387454,-0.842351,0.389229,0.683638
18885,157.375000,,,,,,,,0.670087,0.685539,0.193854,0.208423,-0.046796,0.570386,1.060230,-0.295169,-0.635068,-0.599504,-0.387504,-0.843215,0.390173,0.685178
18886,157.383333,,,,,,,,0.591962,0.603108,0.369964,0.385964,-0.041318,0.571397,1.052061,-0.294032,-0.634513,-0.601897,-0.385562,-0.843998,0.390927,0.686617
18887,157.391667,,,,,,,,0.469246,0.475978,0.519284,0.532539,-0.040616,0.572456,1.043583,-0.292743,-0.634008,-0.604122,-0.383891,-0.844656,0.391562,0.687883
18888,157.400000,,,,,,,,0.308064,0.317040,0.625334,0.643070,-0.044235,0.573054,1.032409,-0.291581,-0.633899,-0.605587,-0.382645,-0.845178,0.392089,0.688929
18889,157.408333,,,,,,,,0.126427,0.131741,0.687582,0.702774,-0.050333,0.573873,1.016501,-0.291029,-0.634170,-0.606001,-0.381960,-0.845573,0.392519,0.689741
18890,157.416667,,,,,,,,-0.057735,-0.071617,0.703308,0.704908,-0.056341,0.575479,0.995067,-0.291040,-0.634790,-0.605660,-0.381462,-0.845862,0.392815,0.690327
18891,157.425000,,,,,,,,-0.233744,-0.271984,0.665504,0.654593,-0.060119,0.576012,0.969066,-0.291320,-0.635593,-0.604974,-0.380999,-0.846042,0.393026,0.690727
18892,157.433333,,,,,,,,-0.411219,-0.433090,0.574009,0.560219,-0.059810,0.576475,0.940192,-0.291909,-0.636514,-0.604140,-0.380336,-0.846139,0.393175,0.691008
18893,157.441667,,,,,,,,-0.568165,-0.552751,0.433248,0.428895,-0.054630,0.578214,0.910748,-0.292122,-0.637579,-0.604383,-0.377994,-0.846188,0.393173,0.691241
18894,157.450000,,,,,,,,-0.652730,-0.660653,0.257391,0.266889,-0.045668,0.579127,0.883522,-0.291897,-0.638114,-0.605739,-0.375082,-0.846234,0.393077,0.691473
18895,157.458333,,,,,,,,-0.700711,-0.705007,0.054592,0.094813,-0.034980,0.579077,0.860181,-0.291445,-0.637837,-0.606716,-0.374326,-0.846276,0.392989,0.691700
18896,157.466667,,,,,,,,-0.693487,-0.700187,-0.137467,-0.099581,-0.024692,0.581054,0.840564,-0.290610,-0.637208,-0.607253,-0.375173,-0.846268,0.392907,0.691885
18897,157.475000,,,,,,,,-0.642748,-0.634060,-0.309398,-0.298521,-0.017422,0.582644,0.823977,-0.289573,-0.636793,-0.607273,-0.376646,-0.846208,0.392771,0.691991
18898,157.483333,,,,,,,,-0.543895,-0.519892,-0.447312,-0.483531,-0.014673,0.583747,0.808331,-0.285909,-0.639759,-0.605247,-0.377678,-0.845970,0.392247,0.691994
18899,157.491667,,,,,,,,-0.401626,-0.371216,-0.575081,-0.608422,-0.016528,0.585189,0.791049,-0.284850,-0.639034,-0.605498,-0.379300,-0.845190,0.392127,0.691755
18900,157.500000,,,,,,,,-0.212414,-0.212293,-0.682836,-0.665993,-0.021789,0.586181,0.770042,-0.288677,-0.631435,-0.610949,-0.380390,-0.843677,0.392798,0.691212
18901,157.508333,,,,,,,,-0.027447,-0.016224,-0.714557,-0.698850,-0.028174,0.588181,0.743855,-0.289659,-0.629933,-0.609524,-0.384401,-0.841628,0.393147,0.690343
18902,157.516667,,,,,,,,0.132336,0.207229,-0.686423,-0.684373,-0.033367,0.589471,0.712789,-0.291954,-0.630142,-0.605048,-0.389360,-0.839079,0.393513,0.689093
18903,157.525000,,,,,,,,0.325734,0.372281,-0.620517,-0.608492,-0.035130,0.591329,0.678123,-0.294192,-0.631313,-0.599546,-0.394258,-0.835940,0.393888,0.687498
18904,157.533333,,,,,,,,0.497401,0.508018,-0.501599,-0.492857,-0.032382,0.593550,0.642266,-0.298261,-0.630733,-0.595089,-0.398856,-0.832214,0.394551,0.685630
18905,157.541667,,,,,,,,0.606140,0.630932,-0.343727,-0.341133,-0.025461,0.594497,0.607791,-0.303591,-0.629484,-0.587542,-0.407893,-0.827949,0.395543,0.683499
18906,157.550000,,,,,,,,0.673399,0.702636,-0.163699,-0.161365,-0.015747,0.596017,0.576786,-0.308443,-0.629069,-0.578155,-0.418176,-0.823169,0.396590,0.681201
18907,157.558333,,,,,,,,0.697963,0.714918,0.020453,0.036353,-0.005491,0.598422,0.550201,-0.313270,-0.628323,-0.570400,-0.426282,-0.818001,0.397660,0.678888
18908,157.566667,,,,,,,,0.664045,0.681208,0.211680,0.224034,0.002519,0.600010,0.527633,-0.318296,-0.626582,-0.562999,-0.434873,-0.812414,0.398889,0.676590
18909,157.575000,,,,,,,,0.582298,0.595081,0.384229,0.398969,0.006436,0.601688,0.507565,-0.323454,-0.624148,-0.555826,-0.443705,-0.806433,0.400257,0.674312
18910,157.583333,,,,,,,,0.458098,0.464103,0.526852,0.545144,0.005552,0.603315,0.487741,-0.328316,-0.621376,-0.548603,-0.452919,-0.800035,0.401692,0.671938
18911,157.591667,,,,,,,,0.293830,0.305435,0.641471,0.639444,0.000298,0.604524,0.465800,-0.333175,-0.617983,-0.541304,-0.462689,-0.793188,0.403130,0.669409
18912,157.600000,,,,,,,,0.116482,0.114898,0.707848,0.687155,-0.007565,0.604883,0.440026,-0.338047,-0.614755,-0.533285,-0.472660,-0.785873,0.404560,0.666656
18913,157.608333,0.382031,0.479519,0.579089,0.537373,0.485602,0.450909,0.852338,-0.053459,-0.098523,0.706912,0.698363,-0.015457,0.606019,0.410027,-0.339699,-0.616946,-0.519789,-0.483530,-0.778295,0.405543,0.663782
18914,157.616667,0.379150,0.482627,0.611350,0.499568,0.478100,0.448543,0.844385,-0.244728,-0.277411,0.658989,0.654893,-0.021121,0.608674,0.376710,-0.340540,-0.620481,-0.504084,-0.494909,-0.770320,0.406397,0.660832
18915,157.625000,0.362163,0.494990,0.614314,0.496429,0.470806,0.446482,0.835939,-0.423705,-0.431129,0.566691,0.559878,-0.023045,0.610687,0.341717,-0.349170,-0.612564,-0.498017,-0.504802,-0.761578,0.408232,0.657742
18916,157.633333,0.340900,0.507726,0.615037,0.497726,0.463770,0.444089,0.827116,-0.555457,-0.570250,0.436012,0.419733,-0.020810,0.612123,0.307645,-0.358839,-0.602924,-0.492948,-0.514509,-0.752534,0.410064,0.654561
18917,157.641667,0.315740,0.521685,0.622482,0.490580,0.457058,0.440851,0.818151,-0.645957,-0.668108,0.267738,0.254338,-0.015190,0.613180,0.276929,-0.366004,-0.597959,-0.483080,-0.524519,-0.743487,0.411393,0.651213
18918,157.650000,0.294172,0.532443,0.640070,0.469337,0.450549,0.437160,0.809118,-0.691255,-0.714589,0.081691,0.069679,-0.008109,0.614497,0.251249,-0.373770,-0.592339,-0.473664,-0.533922,-0.734215,0.412692,0.647808
18919,157.658333,0.273152,0.540022,0.645258,0.466269,0.443963,0.434298,0.799938,-0.691420,-0.704015,-0.103506,-0.124852,-0.001913,0.616435,0.230977,-0.379678,-0.588216,-0.463310,-0.543314,-0.724780,0.413805,0.644422
18920,157.666667,0.240531,0.553619,0.635065,0.482019,0.437206,0.431779,0.790597,-0.635995,-0.647399,-0.287612,-0.306045,0.000992,0.617643,0.215061,-0.384675,-0.584532,-0.452942,-0.552441,-0.715236,0.414812,0.640982
18921,157.675000,0.207950,0.567622,0.624929,0.493990,0.430564,0.429126,0.781206,-0.535208,-0.542556,-0.447037,-0.468341,-0.000698,0.618845,0.201723,-0.391188,-0.579659,-0.436844,-0.565804,-0.705809,0.415296,0.637550
18922,157.683333,0.192734,0.572444,0.635813,0.480524,0.424524,0.425881,0.772214,-0.391526,-0.401783,-0.583254,-0.587445,-0.007132,0.619493,0.188582,-0.399091,-0.573768,-0.418870,-0.579711,-0.696393,0.415620,0.634159
18923,157.691667,0.183125,0.574888,0.652142,0.458997,0.418666,0.422810,0.763492,-0.213445,-0.237246,-0.679834,-0.660288,-0.017297,0.619911,0.173572,-0.404755,-0.569738,-0.408960,-0.586791,-0.686684,0.416533,0.630803
18924,157.700000,0.170938,0.579259,0.654494,0.454837,0.412758,0.420191,0.754814,-0.032218,-0.043664,-0.712407,-0.699665,-0.028950,0.620172,0.155420,-0.409876,-0.565639,-0.399711,-0.593536,-0.676968,0.417431,0.627570
18925,157.708333,0.158062,0.584495,0.654368,0.452973,0.406972,0.417713,0.746452,0.140008,0.164141,-0.693074,-0.687825,-0.039671,0.620431,0.134114,-0.414750,-0.561584,-0.391370,-0.599530,-0.667267,0.418424,0.624524
18926,157.716667,0.147817,0.589311,0.654755,0.449621,0.401356,0.415549,0.738479,0.320227,0.340699,-0.626037,-0.624065,-0.047336,0.621590,0.110986,-0.419981,-0.557264,-0.383711,-0.604847,-0.657593,0.419471,0.621690
18927,157.725000,0.141116,0.592762,0.653162,0.449554,0.395677,0.413930,0.730914,0.482343,0.489130,-0.522176,-0.505399,-0.050653,0.621885,0.087726,-0.425704,-0.552564,-0.376279,-0.609806,-0.647965,0.420566,0.619112
18928,157.733333,0.137096,0.596548,0.652081,0.447354,0.390054,0.412580,0.723907,0.592109,0.619069,-0.381097,-0.347745,-0.049733,0.621085,0.066749,-0.431077,-0.547956,-0.369846,-0.614110,-0.638412,0.421801,0.616825
18929,157.741667,0.135368,0.602031,0.652912,0.439249,0.384665,0.411301,0.717483,0.670257,0.691854,-0.206086,-0.172110,-0.045951,0.620625,0.050472,-0.435661,-0.542866,-0.364866,-0.618360,-0.628946,0.423106,0.614793
18930,157.750000,0.136802,0.606456,0.651067,0.435441,0.379138,0.410549,0.711447,0.703094,0.710285,-0.025169,0.022810,-0.041392,0.620783,0.039869,-0.439578,-0.537391,-0.361172,-0.622524,-0.619530,0.424487,0.613039
18931,157.758333,0.140247,0.610530,0.648764,0.432076,0.373585,0.410143,0.705881,0.678748,0.683513,0.167443,0.209937,-0.038692,0.620572,0.034431,-0.442925,-0.532114,-0.358652,-0.626131,-0.610197,0.425948,0.611487
18932,157.766667,0.145140,0.614173,0.646387,0.428847,0.368067,0.410051,0.700726,0.599197,0.610909,0.353092,0.378258,-0.039853,0.620025,0.032634,-0.445609,-0.526977,-0.357397,-0.629282,-0.600983,0.427505,0.610117
18933,157.775000,0.151382,0.617250,0.644155,0.425617,0.362508,0.410212,0.695947,0.485298,0.485959,0.497583,0.529850,-0.045605,0.619867,0.032327,-0.447932,-0.521302,-0.357176,-0.632476,-0.591787,0.429107,0.608949
18934,157.783333,0.158832,0.620044,0.642130,0.421885,0.356910,0.410575,0.691498,0.333030,0.327608,0.610943,0.639150,-0.055758,0.619452,0.030875,-0.449416,-0.517193,-0.362794,-0.631599,-0.582507,0.431151,0.607935
18935,157.791667,0.167525,0.622661,0.639384,0.418827,0.351255,0.411140,0.687321,0.153760,0.147252,0.686473,0.695291,-0.068812,0.618053,0.026114,-0.450012,-0.514010,-0.371079,-0.628954,-0.573279,0.433403,0.607084
18936,157.800000,0.177219,0.625295,0.636155,0.415820,0.345428,0.411808,0.683418,-0.027136,-0.051667,0.699101,0.712637,-0.082308,0.617314,0.017506,-0.451320,-0.508463,-0.372636,-0.631599,-0.564256,0.435112,0.606428
18937,157.808333,0.187377,0.628175,0.632923,0.411940,0.339313,0.412484,0.679826,-0.210149,-0.241087,0.664640,0.675254,-0.093865,0.616816,0.005378,-0.452968,-0.502651,-0.373804,-0.634376,-0.555245,0.436795,0.605929
18938,157.816667,0.197375,0.631064,0.630398,0.406694,0.332879,0.413139,0.676572,-0.387033,-0.403521,0.582713,0.589765,-0.101752,0.616083,-0.008906,-0.455258,-0.497072,-0.374712,-0.636593,-0.546323,0.438481,0.605573
18939,157.825000,0.207383,0.633457,0.628367,0.401098,0.326120,0.413780,0.673674,-0.531578,-0.542103,0.459011,0.461365,-0.105228,0.614885,-0.023100,-0.457920,-0.491916,-0.375138,-0.638435,-0.537518,0.440153,0.605331
18940,157.833333,0.216691,0.635589,0.626243,0.396095,0.318948,0.414424,0.671127,-0.628974,-0.651174,0.307711,0.292708,-0.104881,0.613133,-0.034889,-0.460990,-0.486641,-0.375140,-0.640265,-0.528765,0.441750,0.605211
18941,157.841667,0.224870,0.637882,0.624906,0.389915,0.311316,0.415049,0.668903,-0.688861,-0.704597,0.133304,0.106033,-0.102373,0.611973,-0.042273,-0.464225,-0.481546,-0.374587,-0.642101,-0.520042,0.443252,0.605165
18942,157.850000,0.232766,0.639611,0.622873,0.385677,0.303203,0.415776,0.666933,-0.701182,-0.705996,-0.053999,-0.083650,-0.100025,0.611242,-0.044757,-0.467502,-0.476884,-0.373864,-0.643622,-0.511384,0.444746,0.605183
18943,157.858333,0.240294,0.641005,0.620544,0.382488,0.294733,0.416570,0.665156,-0.660757,-0.660049,-0.240667,-0.264226,-0.100104,0.610478,-0.043180,-0.470831,-0.472602,-0.373536,-0.644544,-0.502769,0.446209,0.605227
18944,157.866667,0.247729,0.642726,0.620875,0.374229,0.286156,0.417179,0.663603,-0.568542,-0.571085,-0.411847,-0.425445,-0.104276,0.608945,-0.039531,-0.474092,-0.468028,-0.373311,-0.645619,-0.494129,0.447555,0.605283
18945,157.875000,0.255258,0.644332,0.620722,0.366583,0.277357,0.417865,0.662137,-0.440111,-0.438196,-0.552301,-0.556103,-0.112966,0.607842,-0.035711,-0.477002,-0.463651,-0.372787,-0.646937,-0.485447,0.448783,0.605342
18946,157.883333,0.262779,0.645947,0.620005,0.359574,0.268342,0.418608,0.660704,-0.281962,-0.272846,-0.643810,-0.656933,-0.125474,0.606607,-0.034144,-0.480015,-0.459614,-0.372205,-0.647923,-0.476739,0.449921,0.605405
18947,157.891667,0.270665,0.647691,0.619164,0.351956,0.259140,0.419358,0.659306,-0.105490,-0.086879,-0.691528,-0.709305,-0.140027,0.605369,-0.036316,-0.483315,-0.455041,-0.370551,-0.649644,-0.467969,0.450856,0.605503
18948,157.900000,0.278958,0.649872,0.617266,0.344719,0.249712,0.420142,0.657928,0.079257,0.102234,-0.693768,-0.708486,-0.154239,0.604675,-0.042479,-0.486492,-0.450054,-0.368186,-0.652086,-0.459086,0.451578,0.605662
18949,157.908333,0.287310,0.653086,0.615408,0.334969,0.240077,0.420739,0.656611,0.254016,0.286857,-0.647036,-0.659191,-0.165967,0.603971,-0.052112,-0.490012,-0.445288,-0.367188,-0.653284,-0.450105,0.452294,0.605861
18950,157.916667,0.295522,0.657206,0.613660,0.322753,0.230114,0.421105,0.655387,0.422066,0.441101,-0.553756,-0.566255,-0.173731,0.602718,-0.063627,-0.493780,-0.440421,-0.365863,-0.654488,-0.441111,0.452858,0.606124
18951,157.925000,0.303282,0.661568,0.609866,0.313706,0.219607,0.421467,0.654246,0.562448,0.563417,-0.418646,-0.436977,-0.177155,0.601443,-0.074514,-0.497396,-0.435292,-0.364249,-0.656079,-0.432114,0.453252,0.606461
18952,157.933333,0.309758,0.666271,0.606272,0.304248,0.208650,0.421588,0.653251,0.654531,0.656251,-0.260518,-0.270284,-0.177076,0.600203,-0.082617,-0.500692,-0.429607,-0.362319,-0.658385,-0.423152,0.453456,0.606835
18953,157.941667,0.314770,0.671089,0.603304,0.294252,0.197306,0.421466,0.652434,0.699183,0.704857,-0.085000,-0.084228,-0.175325,0.598986,-0.086567,-0.503527,-0.424058,-0.360485,-0.660822,-0.414335,0.453528,0.607216
18954,157.950000,0.318547,0.675818,0.600842,0.284229,0.185697,0.421172,0.651788,0.698480,0.701253,0.092636,0.108579,-0.174055,0.597944,-0.085972,-0.505940,-0.419449,-0.358982,-0.662736,-0.405795,0.453510,0.607537
18955,157.958333,0.321734,0.680306,0.598981,0.273664,0.173967,0.420741,0.651286,0.654630,0.645876,0.265130,0.289844,-0.175282,0.596917,-0.081717,-0.507852,-0.415659,-0.357776,-0.664312,-0.397586,0.453450,0.607776
18956,157.966667,0.324980,0.684774,0.597304,0.262108,0.162290,0.420224,0.650911,0.561545,0.551158,0.428920,0.443755,-0.180614,0.595624,-0.075635,-0.509552,-0.412250,-0.356674,-0.665726,-0.389696,0.453336,0.607907
18957,157.975000,0.328877,0.689069,0.594969,0.251069,0.150741,0.419712,0.650610,0.427457,0.420737,0.563105,0.568485,-0.190138,0.594260,-0.069856,-0.510943,-0.409798,-0.356012,-0.666527,-0.382127,0.453178,0.607948
18958,157.983333,0.333496,0.693255,0.591388,0.241740,0.139301,0.419319,0.650354,0.267506,0.257240,0.649237,0.663897,-0.202966,0.592976,-0.066417,-0.512517,-0.407856,-0.355647,-0.666705,-0.374885,0.453025,0.607925
18959,157.991667,0.338858,0.697507,0.586654,0.233445,0.128041,0.419061,0.650159,0.093275,0.074514,0.693000,0.710985,-0.217547,0.591828,-0.066544,-0.513580,-0.406083,-0.355148,-0.667235,-0.367898,0.452823,0.607840
18960,158.000000,0.345668,0.701561,0.580846,0.225707,0.116995,0.418905,0.650001,-0.088163,-0.110076,0.692851,0.707155,-0.231512,0.591186,-0.070444,-0.514232,-0.404194,-0.354671,-0.668133,-0.361087,0.452529,0.607743
18961,158.008333,0.353567,0.706002,0.573486,0.218325,0.106101,0.418842,0.649902,-0.258433,-0.290679,0.645657,0.657149,-0.242907,0.590526,-0.077533,-0.514886,-0.402230,-0.354374,-0.668972,-0.354465,0.452147,0.607665
18962,158.016667,0.362181,0.711265,0.563018,0.214332,0.095151,0.418941,0.649885,-0.419733,-0.443478,0.554448,0.565454,-0.250444,0.589502,-0.086187,-0.515573,-0.400085,-0.354125,-0.669860,-0.348041,0.451685,0.607640
18963,158.025000,0.371307,0.717045,0.550882,0.210966,0.084134,0.419012,0.649987,-0.556562,-0.564277,0.422947,0.439256,-0.253661,0.588389,-0.094164,-0.516268,-0.397530,-0.353363,-0.671246,-0.341798,0.451049,0.607704
18964,158.033333,0.380278,0.722873,0.539821,0.203560,0.073159,0.418773,0.650251,-0.649361,-0.655085,0.273758,0.272490,-0.253288,0.586883,-0.099585,-0.517118,-0.394530,-0.352587,-0.672769,-0.335809,0.450301,0.607878
18965,158.041667,0.388601,0.728860,0.528983,0.194755,0.062126,0.418298,0.650705,-0.695118,-0.705468,0.105154,0.089832,-0.251208,0.585738,-0.100842,-0.517911,-0.391487,-0.352189,-0.674144,-0.330235,0.449563,0.608156
18966,158.050000,0.395830,0.734997,0.518510,0.185057,0.051025,0.417565,0.651362,-0.701314,-0.702915,-0.077352,-0.089925,-0.249312,0.585231,-0.097581,-0.518728,-0.388787,-0.351936,-0.675209,-0.325261,0.448912,0.608444
18967,158.058333,0.401637,0.741257,0.508549,0.174939,0.039908,0.416633,0.652221,-0.662329,-0.654423,-0.248981,-0.266570,-0.249604,0.584424,-0.090758,-0.518732,-0.386250,-0.352707,-0.676258,-0.320808,0.448281,0.608838
18968,158.066667,0.406113,0.747076,0.500064,0.163968,0.028860,0.415499,0.653252,-0.576877,-0.566330,-0.404811,-0.427330,-0.253539,0.583436,-0.081990,-0.517394,-0.384251,-0.354935,-0.677256,-0.316856,0.447689,0.609378
18969,158.075000,0.409504,0.752200,0.493087,0.152863,0.017979,0.414237,0.654403,-0.453110,-0.442154,-0.536718,-0.557786,-0.261467,0.582294,-0.073278,-0.516412,-0.383021,-0.357669,-0.677263,-0.313771,0.447424,0.609836
18970,158.083333,0.411873,0.756711,0.487187,0.142823,0.007338,0.412963,0.655639,-0.296369,-0.293098,-0.639218,-0.646265,-0.272772,0.581234,-0.066537,-0.514020,-0.382008,-0.361788,-0.677468,-0.311245,0.447262,0.610402
18971,158.091667,0.414127,0.760275,0.482387,0.133356,-0.002988,0.411729,0.656913,-0.131213,-0.114080,-0.690983,-0.701649,-0.285959,0.580160,-0.063290,-0.509919,-0.381062,-0.367202,-0.678186,-0.309115,0.447116,0.611142
18972,158.100000,0.416594,0.763013,0.478273,0.124562,-0.012939,0.410579,0.658171,0.035708,0.076556,-0.695328,-0.713711,-0.298937,0.579206,-0.063872,-0.505753,-0.380081,-0.373275,-0.678541,-0.307631,0.447151,0.611895
18973,158.108333,0.419000,0.765383,0.474296,0.116922,-0.022506,0.409619,0.659362,0.212634,0.247030,-0.660770,-0.676126,-0.309772,0.578991,-0.067575,-0.501047,-0.379061,-0.380104,-0.678812,-0.306640,0.447245,0.612720
18974,158.116667,0.422132,0.766939,0.470708,0.109740,-0.031668,0.408809,0.660481,0.378172,0.400579,-0.585680,-0.594559,-0.317128,0.578440,-0.073564,-0.495836,-0.377776,-0.386909,-0.679510,-0.306081,0.447303,0.613616
18975,158.125000,0.425612,0.768401,0.466379,0.104427,-0.040450,0.408216,0.661565,0.519835,0.528901,-0.466622,-0.481974,-0.320352,0.577511,-0.079835,-0.490672,-0.376130,-0.393756,-0.680238,-0.305888,0.447370,0.614589
18976,158.133333,0.428885,0.769751,0.462009,0.100447,-0.048902,0.407785,0.662604,0.622584,0.630099,-0.319211,-0.336851,-0.319832,0.576135,-0.084382,-0.486010,-0.374216,-0.400443,-0.680737,-0.306080,0.447463,0.615648
18977,158.141667,0.431873,0.771016,0.457767,0.097307,-0.057034,0.407436,0.663620,0.686392,0.690629,-0.160089,-0.162078,-0.316948,0.575512,-0.085358,-0.481666,-0.372510,-0.407347,-0.680663,-0.306659,0.447582,0.616781
18978,158.150000,0.435089,0.771849,0.453963,0.094146,-0.064856,0.407095,0.664618,0.705199,0.708631,0.008753,0.021428,-0.313594,0.574975,-0.082481,-0.477689,-0.370766,-0.413686,-0.680595,-0.307595,0.447715,0.617963
18979,158.158333,0.437921,0.772774,0.450254,0.091202,-0.072409,0.406747,0.665619,0.684192,0.678369,0.178999,0.199138,-0.311611,0.574430,-0.076039,-0.474078,-0.368955,-0.419501,-0.680545,-0.308904,0.447812,0.619143
18980,158.166667,0.440541,0.773656,0.446689,0.088594,-0.079718,0.406403,0.666657,0.617842,0.608788,0.343560,0.360020,-0.312670,0.573560,-0.067356,-0.470580,-0.367499,-0.425164,-0.680246,-0.310631,0.447929,0.620300
18981,158.175000,0.443061,0.774688,0.442843,0.086290,-0.086800,0.406067,0.667698,0.511539,0.502166,0.487577,0.498423,-0.317559,0.572629,-0.058133,-0.467191,-0.366662,-0.430506,-0.679674,-0.312798,0.448067,0.621388
18982,158.183333,0.445037,0.775781,0.439248,0.084656,-0.093670,0.405742,0.668730,0.373227,0.364532,0.599734,0.606743,-0.326078,0.571741,-0.050269,-0.464091,-0.366393,-0.435733,-0.678610,-0.315368,0.448216,0.622396
18983,158.191667,0.446593,0.776243,0.437139,0.083133,-0.100306,0.405444,0.669808,0.220678,0.195603,0.667366,0.683859,-0.337182,0.570940,-0.045410,-0.461668,-0.366549,-0.440392,-0.677170,-0.318301,0.448366,0.623312
18984,158.200000,0.448256,0.776594,0.435069,0.081747,-0.106658,0.405228,0.670903,0.062349,0.006483,0.692037,0.719135,-0.349119,0.570241,-0.044422,-0.460117,-0.367319,-0.444628,-0.675037,-0.321542,0.448551,0.624163
18985,158.208333,0.450699,0.776410,0.433032,0.080882,-0.112720,0.405065,0.671927,-0.113426,-0.166096,0.680561,0.704544,-0.359909,0.570331,-0.046949,-0.459716,-0.368504,-0.448209,-0.672290,-0.325052,0.448701,0.624947
