,Unnamed: 0_level_0,Unnamed: 1_level_0,stick_right,stick_right,stick_right,stick_right,stick_right,stick_right,stick_right,stick_right:Marker1,stick_right:Marker1,stick_right:Marker1,stick_right:Marker2,stick_right:Marker2,stick_right:Marker2,stick_right:Marker3,stick_right:Marker3,stick_right:Marker3,stick_right:Marker4,stick_right:Marker4,stick_right:Marker4,diabolo_red,diabolo_red,diabolo_red,diabolo_red,diabolo_red,diabolo_red,diabolo_red,diabolo_red:Marker1,diabolo_red:Marker1,diabolo_red:Marker1,diabolo_red:Marker2,diabolo_red:Marker2,diabolo_red:Marker2,diabolo_red:Marker3,diabolo_red:Marker3,diabolo_red:Marker3,stick_left,stick_left,stick_left,stick_left,stick_left,stick_left,stick_left,stick_left:Marker1,stick_left:Marker1,stick_left:Marker1,stick_left:Marker2,stick_left:Marker2,stick_left:Marker2,stick_left:Marker3,stick_left:Marker3,stick_left:Marker3,stick_left:Marker4,stick_left:Marker4,stick_left:Marker4,rot_velocity
,Unnamed: 0_level_1,Unnamed: 1_level_1,Rotation,Rotation,Rotation,Rotation,Position,Position,Position,Position,Position,Position,Position,Position,Position,Position,Position,Position,Position,Position,Position,Rotation,Rotation,Rotation,Rotation,Position,Position,Position,Position,Position,Position,Position,Position,Position,Position,Position,Position,Rotation,Rotation,Rotation,Rotation,Position,Position,Position,Position,Position,Position,Position,Position,Position,Position,Position,Position,Position,Position,Position,
,Frame,Time (Seconds),X,Y,Z,W,X,Y,Z,X,Y,Z,X,Y,Z,X,Y,Z,X,Y,Z,X,Y,Z,W,X,Y,Z,X,Y,Z,X,Y,Z,X,Y,Z,X,Y,Z,W,X,Y,Z,X,Y,Z,X,Y,Z,X,Y,Z,X,Y,Z,
0,4092,34.1,-0.0805946129511,0.23193384185,0.153350240491,0.957180706611,0.204827813212,-0.345539915157,1.14837573011,0.182859,0.009604,0.878486,0.212854,0.0216,0.891544,0.154428,0.024669,0.928747,0.126528,-0.005137,0.869786,-0.0598786301148,0.712332166625,-0.696892766014,0.0577746200715,0.152183049051,-0.454437011168,0.766788152475,0.288554,0.124992,0.448475,0.249825,0.117143,0.418992,0.197256,0.108291,0.488246,0.790027108506,0.213709599434,0.226578236338,0.528060297459,0.0689446447302,0.378071340691,1.39677762973,-0.550082,-0.132294,1.142648,-0.575329,-0.146396,1.068682,-0.526275,-0.123877,1.085721,-0.492655,-0.106999,1.119612,85.282410602
1,4093,34.108333,-0.0775908204185,0.232037070266,0.154211490417,0.957265521594,0.206304454605,-0.346004058502,1.14980326183,0.183528,0.011125,0.879801,0.213599,0.023143,0.892659,0.155403,0.026245,0.930216,0.127148,-0.003639,0.871464,0.0348435099925,-0.425474198152,0.901222788078,-0.0745326959595,0.153853933384,-0.441124988214,0.755573979909,0.276194,0.126747,0.471617,0.265845,0.123755,0.423505,0.181439,0.109619,0.441218,0.796119814292,0.208607710149,0.221302391862,0.523164712031,0.0716672524895,0.372892370482,1.39587049708,-0.545667,-0.129599,1.142137,-0.572162,-0.143913,1.06865,-0.52256,-0.121957,1.084814,-0.488227,-0.105293,1.11809,85.47043864
2,4094,34.116667,-0.0738445880315,0.233202442198,0.153838884793,0.957338600129,0.207626691188,-0.347269112533,1.15098920886,0.18474,0.012446,0.881051,0.214928,0.024427,0.893669,0.156991,0.027807,0.931602,0.128266,-0.002194,0.873138,0.00600013764179,-0.0846251494176,0.992996153732,-0.0822266447544,0.155352214111,-0.426817584561,0.744971001661,0.240397,0.124604,0.487637,0.26362,0.12726,0.444226,0.188307,0.114707,0.401702,0.801717331378,0.203137550678,0.215899408498,0.519010502287,0.0745414463688,0.367534599663,1.39501920778,-0.541228,-0.126792,1.141666,-0.568862,-0.141224,1.068623,-0.518739,-0.119896,1.084003,-0.483744,-0.103514,1.116724,85.5760728425
3,4095,34.125,-0.070132996863,0.234382646937,0.153097157948,0.957448378657,0.208839708683,-0.349031217684,1.15204672268,0.186375,0.013631,0.882177,0.216684,0.025551,0.894563,0.159003,0.029249,0.932855,0.129804,-0.000844,0.874674,-0.0251084656182,0.267125377826,0.959793922382,-0.0825180224797,0.156812372342,-0.411751186007,0.734440514779,0.191465,0.120235,0.483089,0.23704,0.126954,0.465525,0.207516,0.122054,0.383414,0.80655513155,0.1974617256,0.210360769831,0.515970961596,0.0774984942354,0.362020527405,1.3941790331,-0.536813,-0.123939,1.141206,-0.565406,-0.138394,1.068538,-0.514806,-0.117753,1.083277,-0.479231,-0.101712,1.11554,85.7124738889
4,4096,34.133333,-0.0677330506192,0.236502466623,0.152066139827,0.957264177881,0.209833089031,-0.351266189478,1.15274061164,0.188396,0.014644,0.883194,0.218786,0.02652,0.895419,0.16125,0.030592,0.933891,0.13175,0.000322,0.875953,-0.0520072598302,0.585833313673,0.805952088631,-0.0673483804404,0.158351477269,-0.395028717991,0.723680414532,0.145842,0.116875,0.454605,0.191702,0.123375,0.471498,0.222373,0.128964,0.389853,0.811232864946,0.192890871004,0.204659951345,0.512648666272,0.0804037686039,0.356642359952,1.39325720958,-0.532358,-0.121006,1.140827,-0.561866,-0.135626,1.068558,-0.510845,-0.115569,1.082639,-0.474736,-0.099772,1.114424,85.7694248464
5,4097,34.141667,-0.067121377242,0.23855086247,0.151694142861,0.956857927675,0.210635134834,-0.353654051163,1.15327732032,0.190683,0.015533,0.884123,0.221091,0.027426,0.896288,0.163573,0.031729,0.93476,0.13402,0.001247,0.876961,-0.073545264443,0.830642470497,0.550125323221,-0.0445680270525,0.160032262495,-0.378187970653,0.71228482944,0.118408,0.116813,0.41058,0.142217,0.119347,0.453679,0.218104,0.13273,0.412448,0.814886245077,0.187593336961,0.199372323557,0.510900992475,0.0834601056692,0.351040289393,1.39242324608,-0.527929,-0.118044,1.140373,-0.558135,-0.132609,1.068383,-0.50673,-0.113231,1.082015,-0.47018,-0.0978,1.113474,85.8396881449
6,4098,34.15,-0.0685200352627,0.240710370518,0.152421758489,0.956102049904,0.211178304825,-0.356059881978,1.15360375684,0.193183,0.01628,0.884959,0.22353,0.028285,0.897168,0.165884,0.032632,0.935445,0.13657,0.001851,0.877683,-0.0831824885389,0.970784161115,0.224278150198,-0.0189234635588,0.161679215426,-0.361403422085,0.701159835413,0.114967,0.12083,0.367316,0.105101,0.117797,0.415527,0.18909,0.132181,0.434939,0.818121466983,0.182496399126,0.193618476633,0.509788402256,0.0866053166352,0.345327010979,1.39141139058,-0.523493,-0.114952,1.139846,-0.554275,-0.129482,1.068093,-0.502519,-0.110797,1.081355,-0.465584,-0.095731,1.112541,86.083942114
7,4099,34.158333,-0.072370225721,0.242949761731,0.154342957283,0.95494304293,0.211462820924,-0.358398238294,1.15374873071,0.195819,0.016897,0.885748,0.226008,0.029119,0.89813,0.168062,0.033293,0.935969,0.139341,0.002123,0.878117,-0.0847082504847,0.987719237511,-0.130806860292,0.0111707408511,0.163654444904,-0.345191696099,0.690052873794,0.129364,0.12806,0.341042,0.090748,0.120088,0.370642,0.14146,0.128763,0.441288,0.821179043354,0.17741797091,0.187977899399,0.508775148462,0.0897705034446,0.339595285358,1.39040249982,-0.519035,-0.111828,1.139307,-0.550367,-0.126301,1.06778,-0.498279,-0.10831,1.080697,-0.460978,-0.093619,1.111626,86.2157351625
8,4100,34.166667,-0.0782420795904,0.244313193386,0.158124647063,0.953512368305,0.211533120801,-0.360398576411,1.15395615203,0.19847,0.017423,0.886525,0.228407,0.02998,0.899182,0.170044,0.033631,0.936432,0.142228,0.002051,0.878361,-0.0768447088442,0.878558601599,-0.469739474045,0.0396799798699,0.165829159563,-0.329527272087,0.680018037522,0.146483,0.135864,0.339914,0.09829,0.126122,0.336261,0.090616,0.124904,0.42331,0.82406777315,0.171879247346,0.182681008877,0.507934521945,0.092999389588,0.333767059393,1.38945703218,-0.514529,-0.108682,1.138724,-0.546403,-0.122993,1.067405,-0.493989,-0.105739,1.080006,-0.45633,-0.091481,1.110701,86.2543644448
9,4101,34.175,-0.0855146606234,0.245243001963,0.163413781665,0.951755771597,0.211397616025,-0.36204377281,1.15419778363,0.201044,0.017867,0.887332,0.230649,0.030857,0.900328,0.171803,0.033727,0.936878,0.145123,0.001697,0.878522,0.0605645415316,-0.656997404257,0.748844332704,-0.062598023025,0.168260718225,-0.313812085461,0.671662451089,0.149585,0.141641,0.359986,0.115799,0.134089,0.324883,0.053517,0.123553,0.385281,0.826722550588,0.16664304017,0.177320345656,0.507264641512,0.0962733125422,0.327926865681,1.38839846438,-0.509997,-0.10545,1.138073,-0.542357,-0.119622,1.066945,-0.489646,-0.103085,1.079264,-0.45166,-0.08924,1.109746,86.4135873248
10,4102,34.183333,-0.0931117982989,0.245559740602,0.170730183684,0.949674581734,0.2110030378,-0.363128001252,1.15457353562,0.203453,0.01821,0.888194,0.232667,0.031744,0.901518,0.173368,0.033548,0.937398,0.147941,0.001019,0.878758,0.0322091898444,-0.351244804494,0.932388116727,-0.0790066781476,0.170431720136,-0.297305020432,0.664133900517,0.128788,0.14311,0.387097,0.126246,0.141141,0.337899,0.040214,0.126227,0.341647,0.82959295968,0.161875073846,0.172285096461,0.505855539906,0.09949430387,0.322249336919,1.38731058986,-0.505425,-0.102213,1.1374,-0.538348,-0.1163,1.066514,-0.485355,-0.100414,1.078474,-0.447027,-0.086931,1.108688,86.5632387974
11,4103,34.191667,-0.100348328345,0.244920518687,0.179621343992,0.947459933352,0.210398560749,-0.363693467506,1.1551568466,0.205664,0.018451,0.889084,0.234454,0.03259,0.902698,0.174789,0.033093,0.93801,0.150624,9E-05,0.879102,-1.50060020672E-05,0.00019991903314,0.996263900573,-0.0863608720597,0.172541281973,-0.280194932054,0.65754409334,0.085762,0.14068,0.403661,0.115892,0.14464,0.364836,0.048881,0.132841,0.309989,0.83242426662,0.156556228224,0.167465468748,0.504495098613,0.102801054127,0.316487491731,1.38622432308,-0.500832,-0.098934,1.136636,-0.534335,-0.112836,1.065985,-0.481058,-0.097654,1.077596,-0.44238,-0.084594,1.107549,86.7980315505
12,4104,34.2,-0.106971111209,0.243893850714,0.189489056316,0.945075059711,0.209509606033,-0.363883695806,1.15586428574,0.207693,0.018509,0.89002,0.236042,0.033289,0.903874,0.176108,0.032375,0.938718,0.153169,-0.0011,0.879587,-0.0288224590283,0.35283671393,0.931832879812,-0.0797684352366,0.174603866871,-0.261778798625,0.651904196814,0.033207,0.136955,0.397693,0.081187,0.143856,0.388688,0.066748,0.141062,0.30254,0.835433004268,0.151734468198,0.162990190941,0.502456509758,0.106041885803,0.310954700877,1.38504322922,-0.496266,-0.095673,1.135784,-0.530414,-0.109441,1.065417,-0.476871,-0.094894,1.076611,-0.43783,-0.082206,1.10625,86.867689427
13,4105,34.208333,-0.112743248083,0.242447869771,0.199971250192,0.942613117643,0.208431280973,-0.363879679678,1.15673994375,0.209652,0.018449,0.891021,0.23756,0.03388,0.90506,0.177465,0.031482,0.939555,0.155673,-0.002439,0.880245,-0.0562202298852,0.659837082363,0.74680742475,-0.0610981245967,0.176821170459,-0.242662557051,0.645721874735,-0.011313,0.134778,0.368707,0.030603,0.140422,0.394045,0.075981,0.148193,0.31976,0.838862658941,0.147090225009,0.157276804863,0.499937907938,0.109288394378,0.305382261635,1.38351888874,-0.491708,-0.092277,1.134842,-0.526567,-0.106046,1.064824,-0.472748,-0.092161,1.075522,-0.433316,-0.079813,1.104786,86.8782731049
14,4106,34.216667,-0.117451180937,0.24118500763,0.210206649662,0.940131999577,0.207185755457,-0.364019671547,1.15767857771,0.2117,0.018246,0.892078,0.239192,0.0343,0.906239,0.179032,0.030502,0.940493,0.158255,-0.003862,0.881072,-0.0756072824578,0.881430565565,0.464628329229,-0.0385254799521,0.179104734848,-0.224022579526,0.639729887338,-0.034255,0.136266,0.328031,-0.019351,0.137408,0.375014,0.063145,0.151528,0.349856,0.842450915874,0.142159517353,0.152724395433,0.496731703246,0.112549886945,0.299981079984,1.38215391339,-0.487142,-0.088939,1.133841,-0.522818,-0.102588,1.064212,-0.468729,-0.089349,1.07435,-0.428873,-0.077371,1.103192,86.8782731049
15,4107,34.225,-0.120765321208,0.239843486079,0.219485180092,0.937932351025,0.205848649926,-0.364608356546,1.1586904932,0.214024,0.017871,0.893112,0.241161,0.034468,0.907331,0.181032,0.029427,0.941479,0.161058,-0.00531,0.882001,,,,,,,,,,,,,,,,,0.846220202466,0.136980735619,0.148123325088,0.493160346715,0.115846568825,0.294587821538,1.38073835121,-0.482575,-0.085561,1.132785,-0.519128,-0.099061,1.063584,-0.464769,-0.086495,1.073116,-0.42447,-0.074913,1.101499,86.8782731049
16,4108,34.233333,-0.122832925356,0.239499879973,0.226444568303,0.936095474526,0.204523031921,-0.366166595256,1.1595347541,0.216862,0.017327,0.894087,0.243736,0.034343,0.908311,0.18366,0.028438,0.942415,0.164257,-0.006652,0.882956,,,,,,,,,,,,,,,,,0.849931006231,0.132568374494,0.143135377846,0.489443739709,0.119120564141,0.289326254082,1.37907592392,-0.478042,-0.082106,1.131637,-0.515444,-0.095579,1.062885,-0.460842,-0.083626,1.071802,-0.420125,-0.072367,1.099714,86.8782731049
17,4109,34.241667,-0.123358318854,0.24012003826,0.231602936712,0.93460428637,0.203214960101,-0.368675548521,1.16025784614,0.220307,0.016654,0.895019,0.247013,0.03399,0.909171,0.18703,0.027558,0.943343,0.167946,-0.007906,0.884002,-0.0719837355054,0.818887213987,-0.567262050911,0.0495564141978,0.18633524237,-0.171812916664,0.624450134761,-0.00316,0.157934,0.292081,-0.049242,0.148475,0.277324,-0.076211,0.143656,0.360314,0.853178849049,0.128127052205,0.138686278639,0.486246260804,0.122401559821,0.284072737778,1.37742703155,-0.473528,-0.07869,1.130398,-0.511686,-0.092059,1.062042,-0.456871,-0.08071,1.070425,-0.41578,-0.069798,1.097925,87.4483772954
18,4110,34.25,-0.122337919541,0.241013027119,0.234890898553,0.933687538729,0.202027939156,-0.372082955038,1.16100582374,0.22432,0.01589,0.895912,0.250964,0.03343,0.909929,0.191117,0.026763,0.944294,0.172073,-0.009013,0.885128,0.0466949298342,-0.563239351251,0.821899374881,-0.0711507856656,0.188707828014,-0.154810097153,0.62140290319,-0.007902,0.162257,0.322216,-0.032598,0.156851,0.279888,-0.107163,0.143779,0.323558,0.855882456646,0.124166595854,0.134591476107,0.483666219038,0.125750465335,0.278824698212,1.37566792938,-0.468986,-0.075208,1.129026,-0.507769,-0.088474,1.061003,-0.452778,-0.077677,1.068947,-0.411379,-0.067083,1.096106,87.67664141
19,4111,34.258333,-0.121169152875,0.24205051319,0.237364514928,0.932945696442,0.200890908589,-0.376108118116,1.16181651289,0.228796,0.01509,0.896878,0.255405,0.032789,0.910762,0.195679,0.025993,0.945312,0.176624,-0.010066,0.886322,0.0201113922328,-0.232301027368,0.968535158886,-0.0870138528488,0.191436381847,-0.138255924152,0.620105232235,-0.03782,0.162948,0.353486,-0.02832,0.163433,0.305109,-0.112467,0.148155,0.287116,0.858080154692,0.119699702818,0.129618993412,0.482254440949,0.129110976919,0.273248444024,1.37369960953,-0.464442,-0.071691,1.127533,-0.503697,-0.084813,1.059754,-0.448539,-0.074671,1.067395,-0.406887,-0.064462,1.094314,87.8216968592
20,4112,34.266667,-0.121380589746,0.242629657572,0.239970227787,0.932100794698,0.199767898617,-0.380513461767,1.16277698472,0.233662,0.014315,0.897991,0.260184,0.032181,0.911828,0.200507,0.025143,0.946415,0.181618,-0.011135,0.887505,-0.0114796208962,0.129702060607,0.987293064639,-0.091093349339,0.193718911719,-0.120993287597,0.619657911158,-0.086456,0.15968,0.368588,-0.047534,0.165584,0.338905,-0.098237,0.155992,0.26837,0.85980405834,0.115572413998,0.125585050633,0.481257097031,0.132458289563,0.267685932671,1.37176809016,-0.459812,-0.068241,1.125938,-0.499448,-0.081169,1.058343,-0.444154,-0.071615,1.065757,-0.402297,-0.061773,1.092494,87.9574638433
21,4113,34.275,-0.123120028176,0.242406123083,0.243428599569,0.931033429618,0.198530144284,-0.385109299697,1.16399949056,0.238867,0.013501,0.899314,0.265224,0.031576,0.913196,0.205546,0.024072,0.947681,0.187043,-0.012359,0.888743,-0.0390269639239,0.475200282341,0.875817048606,-0.0748737946172,0.195878906665,-0.101948602533,0.619485419025,-0.13804,0.156287,0.358885,-0.089424,0.163294,0.363147,-0.080659,0.16445,0.2762,0.861618694905,0.111691037317,0.120135305416,0.480318483056,0.135717409703,0.261927296974,1.36947916717,-0.455104,-0.064726,1.124261,-0.495104,-0.077599,1.05687,-0.439675,-0.068668,1.064055,-0.397619,-0.059167,1.090602,88.1755049645
22,4114,34.283333,-0.126179725725,0.241631929697,0.24768193801,0.929702288343,0.197235309794,-0.38984435165,1.16549941295,0.244344,0.012717,0.900903,0.270464,0.031043,0.914901,0.210743,0.022886,0.949163,0.192826,-0.013659,0.890114,-0.0621004023755,0.758172533829,0.646754425636,-0.0550151060367,0.197982932955,-0.0836894970167,0.61915825573,-0.174836,0.15529,0.32871,-0.141527,0.159685,0.364793,-0.077527,0.170136,0.306204,0.863135489075,0.1068353419,0.114894237323,0.479981928253,0.139052929602,0.255875769582,1.3671447258,-0.450311,-0.061211,1.122396,-0.490622,-0.073858,1.055149,-0.435062,-0.065651,1.06218,-0.392826,-0.056598,1.088596,88.1053254217
23,4115,34.291667,-0.130245537752,0.239623646614,0.252204490869,0.928444668607,0.196070531121,-0.394923067706,1.16746732861,0.250226,0.012042,0.902792,0.276068,0.030611,0.916986,0.216285,0.02163,0.950932,0.199066,-0.01488,0.891655,-0.0798970891981,0.939598342424,0.331516984957,-0.0294601211272,0.200569563187,-0.0663816473571,0.61868513113,-0.186574,0.158529,0.293446,-0.185632,0.157508,0.34273,-0.099489,0.172246,0.342682,0.865086416859,0.101733569219,0.108623617376,0.479037244907,0.142308729022,0.249649428237,1.36453650082,-0.445403,-0.057664,1.12043,-0.486127,-0.070144,1.0534,-0.430427,-0.062728,1.060194,-0.38797,-0.054138,1.086411,88.3969289665
24,4116,34.3,-0.13466140597,0.237628874014,0.256279521168,0.927210672397,0.194981404412,-0.400623354,1.16969405542,0.256637,0.011405,0.904969,0.282198,0.030191,0.919386,0.222328,0.020417,0.952959,0.205834,-0.016021,0.893433,-0.0817597942277,0.996229578491,-0.028833570068,0.00325395512469,0.202571627029,-0.0495304480473,0.618464954909,-0.175604,0.165563,0.271551,-0.207495,0.158924,0.30856,-0.14356,0.169294,0.367234,0.867931042144,0.0962838902794,0.102266012922,0.476410307567,0.145450935364,0.243372839573,1.36183882034,-0.440274,-0.054188,1.118398,-0.481669,-0.066494,1.051748,-0.425813,-0.059899,1.058095,-0.383039,-0.05179,1.083949,88.5667024497
25,4117,34.308333,-0.138730763647,0.235861743629,0.259243634918,0.926237416036,0.193987509617,-0.407073617684,1.17202004691,0.263595,0.010739,0.907262,0.288916,0.029679,0.921896,0.228949,0.019265,0.955099,0.213088,-0.017064,0.895334,-0.0764698833521,0.918646309142,-0.386127085743,0.0338701829953,0.205048105729,-0.0343628614169,0.619464226931,-0.15608,0.17391,0.275109,-0.204159,0.164464,0.280586,-0.195778,0.165507,0.367572,0.871459965616,0.0903406329986,0.0961502199674,0.472388858418,0.148550483952,0.237102729597,1.35921390764,-0.435005,-0.050764,1.116388,-0.477285,-0.062829,1.050251,-0.421267,-0.057089,1.055977,-0.378102,-0.049503,1.081334,88.7700589313
26,4118,34.316667,-0.143097127102,0.23495590848,0.261628669914,0.92513208374,0.192890124972,-0.414288497267,1.17428409188,0.271176,0.009958,0.909683,0.296259,0.029042,0.92454,0.236145,0.018099,0.957305,0.220957,-0.018179,0.897335,-0.0628318797941,0.716626256433,-0.692068801289,0.059495695261,0.207756281229,-0.0200851179173,0.622389662354,-0.146519,0.180739,0.303447,-0.185567,0.172552,0.274481,-0.237191,0.163543,0.344422,0.875398432232,0.0839350118762,0.0903838274675,0.467400537398,0.151599476343,0.230881416651,1.35664017839,-0.429683,-0.047417,1.114354,-0.472987,-0.059154,1.048824,-0.416815,-0.054302,1.053813,-0.373215,-0.047284,1.078582,88.82682856
27,4119,34.325,-0.146728850821,0.234156918315,0.262876757765,0.92441170058,0.191838136814,-0.422278213519,1.17673704498,0.279339,0.009075,0.912251,0.304244,0.028234,0.927308,0.243989,0.016925,0.959687,0.229324,-0.019261,0.89953,0.03050366422,-0.418379749694,0.904280288893,-0.0794044749023,0.209804993124,-0.00559809974572,0.625736815968,-0.159947,0.182654,0.343246,-0.169589,0.180249,0.294954,-0.254165,0.165455,0.311258,0.879576338865,0.0779097189525,0.0843380256024,0.461695394432,0.154536700738,0.22481069293,1.35384623154,-0.42437,-0.044106,1.112208,-0.468769,-0.055581,1.047367,-0.412463,-0.051592,1.051541,-0.368414,-0.045106,1.075653,89.0524255034
28,4120,34.333333,-0.149659156618,0.233496568596,0.263431228347,0.923951014517,0.19085358366,-0.430872993793,1.17946659978,0.287993,0.008167,0.915066,0.312769,0.027361,0.930292,0.252386,0.015804,0.962345,0.238122,-0.020279,0.902031,0.00310740166337,-0.0617436540607,0.994518347441,-0.0843286537354,0.211987672675,0.00900084982606,0.631543919871,-0.197635,0.180858,0.375456,-0.172485,0.184026,0.333168,-0.24575,0.171635,0.287162,0.88347918253,0.0724685596135,0.078528465902,0.456120731766,0.157337477769,0.218923151511,1.35093978875,-0.419133,-0.040912,1.109961,-0.464563,-0.052165,1.0458,-0.408154,-0.048973,1.049193,-0.363695,-0.042974,1.072669,89.2387295405
29,4121,34.341667,-0.151600160627,0.233172000129,0.263927610039,0.923574808184,0.18972797026,-0.439828123457,1.18246914529,0.297005,0.007116,0.91815,0.32169,0.026342,0.933482,0.261227,0.014616,0.965321,0.247238,-0.021418,0.904913,-0.0275269645836,0.303781659567,0.948464823199,-0.0858687876144,0.214097827161,0.0230236529307,0.637789645255,-0.247466,0.176891,0.385331,-0.200742,0.184117,0.371352,-0.223893,0.179801,0.287189,0.886999175482,0.0671836436216,0.0723137043979,0.451098158809,0.160011022126,0.213117002638,1.34787792011,-0.414057,-0.037788,1.107636,-0.460419,-0.04884,1.04411,-0.403932,-0.046457,1.046804,-0.359109,-0.040943,1.0697,89.5950037066
30,4122,34.35,-0.153166385192,0.231653816168,0.263528772595,0.92381229366,0.188825150244,-0.449307409622,1.18610486291,0.306433,0.006095,0.921592,0.331078,0.025269,0.937052,0.270549,0.013401,0.968712,0.256705,-0.022405,0.908135,-0.0552341888185,0.628869960602,0.772902051448,-0.0639857476695,0.215997654321,0.0383848763724,0.64360068477,-0.290563,0.174076,0.370152,-0.246773,0.180146,0.391978,-0.207525,0.187144,0.314206,0.889693714372,0.06311988267,0.0673448454096,0.447130458385,0.162613876894,0.20763896859,1.34486304179,-0.409136,-0.034807,1.105225,-0.456218,-0.045707,1.042204,-0.399684,-0.043957,1.044355,-0.354588,-0.038822,1.066797,89.4259620949
31,4123,34.358333,-0.154260323421,0.230589686549,0.263138524989,0.924007719525,0.187824053245,-0.459206083965,1.18997200019,0.316277,0.004997,0.925321,0.340897,0.024129,0.940873,0.280318,0.012173,0.972405,0.26657,-0.023466,0.911708,-0.0763615924704,0.866944390895,0.490642864609,-0.0429640512438,0.218137841618,0.0519412260093,0.64981394045,-0.311147,0.174842,0.340872,-0.29352,0.176643,0.386882,-0.212728,0.190886,0.356756,0.891711554094,0.0592859338054,0.0630364269045,0.444254534283,0.165197088876,0.202280939823,1.3420007607,-0.404385,-0.031909,1.102849,-0.452014,-0.042616,1.040207,-0.395452,-0.041454,1.041961,-0.35015,-0.036686,1.064067,89.7153002256
32,4124,34.366667,-0.155513341066,0.230172529273,0.262456914748,0.924095544529,0.186703056057,-0.469611483733,1.19399078997,0.326548,0.003782,0.929336,0.351142,0.022873,0.944979,0.290481,0.010901,0.976346,0.276857,-0.024628,0.915557,-0.0814610357908,0.986690060857,0.140174139997,-0.0125711546596,0.219626948071,0.0650646425457,0.65608996815,-0.304915,0.179987,0.316478,-0.322792,0.1758,0.362235,-0.243239,0.189023,0.395916,0.892834402664,0.0556697886661,0.0594492729783,0.442959804036,0.167745607573,0.196992516357,1.33931160488,-0.399825,-0.029124,1.100506,-0.447764,-0.03959,1.03806,-0.391188,-0.038965,1.039622,-0.345768,-0.034557,1.061561,90.0582253282
33,4125,34.375,-0.156863231746,0.229628798177,0.261505187646,0.924272458969,0.185540526878,-0.48045837405,1.19839278076,0.337215,0.002485,0.933713,0.361789,0.021518,0.949459,0.301034,0.009544,0.980644,0.28753,-0.025843,0.919745,-0.0780429509676,0.969602979088,-0.231133946589,0.0188801345748,0.221405717973,0.0762852594963,0.66288774659,-0.281522,0.187612,0.314001,-0.325343,0.179194,0.334969,-0.289776,0.184826,0.4146,0.893135872922,0.05307613641,0.056685209034,0.443032756487,0.170264751119,0.191958774558,1.3367583647,-0.395471,-0.026419,1.098211,-0.443493,-0.036709,1.035799,-0.386914,-0.036483,1.037352,-0.34146,-0.03234,1.059273,90.1951457006
34,4126,34.383333,-0.15780152964,0.228742744716,0.259910606269,0.924782088241,0.184452707258,-0.491819564403,1.2033303994,0.348302,0.001154,0.938517,0.372895,0.02008,0.954363,0.312053,0.00817,0.985401,0.298572,-0.027009,0.924376,-0.0661397886632,0.817062942774,-0.570842279083,0.0466129629338,0.223455052357,0.0858685787155,0.671156824287,-0.259662,0.194802,0.339165,-0.305747,0.185979,0.324027,-0.333422,0.181308,0.406793,0.892868242702,0.051005041619,0.0536093166743,0.444196834825,0.172700296248,0.18700915728,1.33410113233,-0.391301,-0.023742,1.095883,-0.439239,-0.033938,1.033392,-0.382664,-0.034076,1.035081,-0.337237,-0.030152,1.057098,90.2722809673
35,4127,34.391667,-0.157850199442,0.227142388106,0.257649788433,0.925800322198,0.183583464691,-0.503685770714,1.20892257045,0.35982,-9.6E-05,0.943759,0.384492,0.01866,0.959683,0.323601,0.006876,0.990674,0.309973,-0.027992,0.929504,0.0416902067688,-0.550482404736,0.831084554265,-0.0673016522622,0.225253002179,0.0950310021221,0.68065538687,-0.256908,0.198337,0.383118,-0.280343,0.193502,0.34001,-0.356377,0.18106,0.381265,0.892196810421,0.0493807953954,0.0510057265592,0.446032290735,0.175048283772,0.182241272047,1.3314827971,-0.387293,-0.021187,1.09353,-0.435038,-0.031312,1.030879,-0.378471,-0.031746,1.032793,-0.333111,-0.028,1.054978,90.3847947635
36,4128,34.4,-0.158160024317,0.225452563723,0.254134942681,0.92713104744,0.182891519895,-0.516368640982,1.21505654151,0.371926,-0.001326,0.949523,0.396705,0.017189,0.965562,0.335711,0.005647,0.99644,0.32191,-0.028824,0.935085,0.0142212580776,-0.206243796025,0.97520470363,-0.0789749228449,0.227065940135,0.103773413435,0.691634655507,-0.280361,0.197712,0.427154,-0.268305,0.198598,0.379356,-0.351644,0.185116,0.356754,0.891722533539,0.0482218579044,0.0482833761993,0.44740841653,0.177287217424,0.177686310444,1.32877223711,-0.383368,-0.018697,1.091153,-0.430969,-0.028831,1.028394,-0.37441,-0.029518,1.030482,-0.329101,-0.025899,1.052791,90.5764408935
37,4129,34.408333,-0.159179645829,0.223690415698,0.249528099087,0.928633493928,0.182374951378,-0.529913868222,1.22166359888,0.384681,-0.002502,0.955772,0.409571,0.015711,0.971984,0.348403,0.004493,1.002636,0.334478,-0.029499,0.941042,-0.0191733556262,0.167283226682,0.981857730333,-0.0872015016513,0.228572310365,0.111664306017,0.703020427304,-0.32241,0.19344,0.452793,-0.281368,0.199773,0.426218,-0.326747,0.192128,0.351919,0.891339317319,0.0467454206988,0.044717438207,0.44869749026,0.179370553784,0.173048571333,1.32585506763,-0.379474,-0.016272,1.088686,-0.426957,-0.026431,1.025842,-0.370409,-0.027442,1.028094,-0.325143,-0.023982,1.050515,90.9162025305
38,4130,34.416667,-0.161432528124,0.222157463079,0.243392593399,0.930239563736,0.181930678907,-0.544446935502,1.22865261047,0.39811,-0.003752,0.962501,0.4231,0.014086,0.978974,0.361642,0.003322,1.009207,0.347705,-0.030111,0.94731,-0.0449990469449,0.518921216082,0.850739295257,-0.0702745243977,0.229764673026,0.121469396992,0.71492791256,-0.365111,0.18937,0.451578,-0.31715,0.196121,0.460795,-0.299814,0.199266,0.375194,0.891656565732,0.0451579534996,0.0412914942081,0.44855806818,0.181362172848,0.168515635652,1.3229102501,-0.375485,-0.013943,1.086194,-0.42305,-0.024118,1.023415,-0.366508,-0.025453,1.025653,-0.321214,-0.022155,1.048042,90.9559542754
39,4131,34.425,-0.164840779044,0.219859358899,0.236733759856,0.931904773469,0.181552013534,-0.559617596081,1.23620754586,0.41208,-0.005008,0.969701,0.437136,0.012409,0.986521,0.375334,0.002055,1.01619,0.36151,-0.030678,0.953895,-0.0670624503576,0.796890798748,0.598708277697,-0.0449007888518,0.230936344574,0.130181256849,0.725752759739,-0.389253,0.188321,0.430006,-0.36054,0.19134,0.469972,-0.28989,0.20319,0.419912,0.89285992937,0.0427304838162,0.0371987847447,0.446756648179,0.183179151039,0.163939705863,1.31989934169,-0.371404,-0.011727,1.083725,-0.419308,-0.021858,1.021198,-0.36277,-0.023632,1.023211,-0.317359,-0.020575,1.045396,90.8963413573
40,4132,34.433333,-0.169801138951,0.217952297083,0.229751791557,0.933208703176,0.181042143749,-0.575451011325,1.24411015845,0.426606,-0.006373,0.97741,0.451661,0.010624,0.994655,0.389427,0.000684,1.023554,0.375939,-0.031353,0.960825,-0.0818805323523,0.961545366485,0.26136414923,-0.020368311409,0.232544404637,0.136753796872,0.73687282304,-0.385542,0.191458,0.406058,-0.391728,0.188921,0.454905,-0.30649,0.203317,0.467752,0.894904415351,0.0395993927465,0.0330621907548,0.443266135659,0.184938250732,0.159373618537,1.31697560381,-0.3672,-0.009574,1.081339,-0.415691,-0.019577,1.019245,-0.359158,-0.021861,1.020819,-0.313545,-0.019112,1.042628,91.391610252
41,4133,34.441667,-0.17569403178,0.216228201747,0.221373815362,0.934542993039,0.180500222032,-0.592056434783,1.2524954157,0.441615,-0.007885,0.985648,0.466655,0.00862,1.003386,0.403913,-0.000767,1.031356,0.390855,-0.032041,0.968153,-0.0791164295032,0.990180262294,-0.114806735479,0.0101514646659,0.233422933188,0.142388598742,0.748124943124,-0.359058,0.197851,0.399424,-0.396787,0.190413,0.430278,-0.343731,0.19873,0.499225,0.897610232638,0.0354317223541,0.0291158417748,0.438397914084,0.186631157412,0.15471027223,1.31427409646,-0.362845,-0.00754,1.079097,-0.412128,-0.017255,1.017583,-0.355609,-0.020148,1.018541,-0.30973,-0.017811,1.039833,91.5612395497
42,4134,34.45,-0.181548210626,0.214261791321,0.211395888188,0.936185831155,0.179898645956,-0.609369671673,1.26150643397,0.457034,-0.009618,0.994398,0.482088,0.006294,1.012652,0.41882,-0.002364,1.039658,0.40614,-0.032765,0.975953,-0.0691394222624,0.876288440268,-0.475265204074,0.0382268954907,0.234638738965,0.145938855632,0.760347031965,-0.327478,0.204635,0.420847,-0.375766,0.195638,0.416587,-0.384458,0.194046,0.503534,0.90069383093,0.0306849091582,0.0251595748994,0.432638480795,0.188249950035,0.150028435098,1.3117345552,-0.358431,-0.005594,1.076997,-0.408625,-0.014934,1.016165,-0.352137,-0.018496,1.016399,-0.305959,-0.016631,1.037083,91.5183418463
43,4135,34.458333,-0.187430660237,0.211148434256,0.200859324193,0.938052033844,0.179307394853,-0.627171306115,1.27133783001,0.472875,-0.011419,1.003695,0.49794,0.003831,1.02249,0.434174,-0.004099,1.048528,0.421856,-0.033461,0.984268,0.0567943493421,-0.63596605389,0.767322180964,-0.0594831974799,0.236397016101,0.147876831459,0.774678552868,-0.310835,0.209502,0.465502,-0.342683,0.20249,0.428523,-0.408325,0.192178,0.485291,0.90369997349,0.0254770724531,0.0214868665177,0.426867182225,0.189838460844,0.145314253102,1.30939781531,-0.354031,-0.003728,1.075017,-0.405127,-0.012595,1.014869,-0.348689,-0.016861,1.014377,-0.302225,-0.01552,1.034453,91.7392701986
44,4136,34.466667,-0.193180791997,0.20859571396,0.18886602806,0.939946079925,0.178645093464,-0.645616750656,1.28178565525,0.489051,-0.013365,1.013639,0.514143,0.00115,1.032973,0.449868,-0.005824,1.058015,0.437887,-0.034145,0.993226,0.0292746994709,-0.303970107628,0.949738418348,-0.0688629243758,0.237283295872,0.150688426235,0.789606073786,-0.320203,0.209148,0.51619,-0.317829,0.207522,0.466971,-0.404087,0.194396,0.46195,0.906355273732,0.0204905390334,0.0179216202568,0.421638555062,0.191335385272,0.140665463407,1.30725906298,-0.349728,-0.001956,1.073223,-0.40163,-0.010361,1.013702,-0.345256,-0.015303,1.012559,-0.298547,-0.014469,1.032085,91.79310146
45,4137,34.475,-0.199030689801,0.206337928703,0.175980431068,0.941723065225,0.177837305034,-0.664547030514,1.29285862966,0.505512,-0.015468,1.024209,0.530618,-0.001734,1.044087,0.465841,-0.007613,1.068094,0.454226,-0.034888,1.002791,-0.0104982239834,0.0711639078777,0.993773607246,-0.0850852692902,0.237973009131,0.151023072099,0.803720815669,-0.351947,0.204532,0.5524,-0.316705,0.209634,0.518301,-0.375423,0.199943,0.454299,0.90837846313,0.0158215159819,0.0149715735368,0.417581248787,0.192799684351,0.136119643279,1.30545022494,-0.345595,-0.000282,1.071652,-0.398126,-0.008216,1.012621,-0.341822,-0.013774,1.010973,-0.29493,-0.013417,1.030072,92.1636419763
46,4138,34.483333,-0.205402486824,0.201702904366,0.162662834207,0.943751322725,0.176847927503,-0.683658186063,1.304939027,0.522154,-0.017832,1.03528,0.54724,-0.004979,1.055763,0.481994,-0.009874,1.078699,0.4708,-0.035782,1.012769,-0.0346480647443,0.438783867954,0.895139646762,-0.0706628730526,0.238438533174,0.153754593651,0.819948448235,-0.38971,0.19972,0.56181,-0.340833,0.206185,0.562008,-0.339199,0.206354,0.474629,0.90979169361,0.0117302012494,0.0122775022179,0.41471766246,0.194244142126,0.131691339947,1.30390212623,-0.341637,0.001363,1.070316,-0.39462,-0.006157,1.011635,-0.338385,-0.012261,1.009635,-0.29137,-0.012326,1.028433,92.225235435
47,4139,34.491667,-0.211478630497,0.198506051771,0.147975502967,0.945502716429,0.17553809416,-0.703296464359,1.31738312139,0.538985,-0.020494,1.046897,0.56405,-0.008562,1.067955,0.49835,-0.012181,1.089804,0.48757,-0.036843,1.02333,-0.0591397999278,0.742263202987,0.665911240288,-0.0459351892666,0.23906111015,0.15566240277,0.834359469835,-0.412679,0.197249,0.547161,-0.377527,0.200879,0.581541,-0.316395,0.210656,0.519855,0.910501413591,0.00779302654477,0.0103053778118,0.413304057292,0.195660671034,0.12738857823,1.30278740559,-0.337936,0.002895,1.069269,-0.391172,-0.004181,1.010762,-0.334998,-0.010779,1.008584,-0.287926,-0.011251,1.027231,92.1159675641
48,4140,34.5,-0.21663561672,0.194612066953,0.132538692644,0.947432661416,0.174004080332,-0.72313702165,1.33055519384,0.555902,-0.02339,1.05898,0.580968,-0.012456,1.080573,0.514894,-0.014703,1.101457,0.504418,-0.038008,1.034447,-0.0751786075391,0.937379996062,0.339284095322,-0.0235206847973,0.239867097757,0.155368710091,0.849070618076,-0.407983,0.198672,0.525105,-0.406232,0.197305,0.574358,-0.319918,0.210935,0.572961,0.910683176852,0.00411889540047,0.0092531957443,0.412981312493,0.197083660594,0.123261693959,1.30218449544,-0.334457,0.004326,1.068571,-0.387791,-0.002282,1.010099,-0.331672,-0.009302,1.007868,-0.284589,-0.01015,1.026477,92.6401008358
49,4141,34.508333,-0.221083896942,0.190309210821,0.115306431608,0.949530800774,0.17221213467,-0.743384140997,1.34444736008,0.57288,-0.026593,1.071552,0.597967,-0.016787,1.093655,0.531583,-0.017433,1.113647,0.521319,-0.039245,1.046104,-0.0735163152187,0.996529158085,-0.0385761964464,0.00607170074184,0.239960063418,0.154325217847,0.863491430987,-0.377536,0.203708,0.516608,-0.410227,0.197316,0.552958,-0.347253,0.206191,0.612903,0.910349444196,0.000622254223842,0.00936351185468,0.413734005004,0.198555388027,0.1193088156,1.30215360509,-0.331193,0.005665,1.068234,-0.384474,-0.000426,1.009658,-0.328396,-0.007792,1.007494,-0.281349,-0.008994,1.026173,92.7242941536
50,4142,34.516667,-0.225446909292,0.185387886285,0.0977490507378,0.951446344146,0.170090710977,-0.763622191427,1.35899730514,0.589796,-0.030044,1.084588,0.614869,-0.021411,1.107191,0.548235,-0.020433,1.126323,0.538223,-0.040663,1.058251,-0.0662189943721,0.908507236177,-0.411197730492,0.0338537004983,0.2404704399,0.150970273029,0.878365123857,-0.33778,0.209657,0.535472,-0.386251,0.201077,0.538268,-0.3825,0.200924,0.625582,0.909677897531,-0.00330784763101,0.0102346700751,0.415175182804,0.200037798105,0.115414180453,1.3028375037,-0.328103,0.006907,1.068429,-0.38124,0.001444,1.009659,-0.325204,-0.006274,1.007633,-0.278225,-0.00787,1.026452,92.5630657432
51,4143,34.525,-0.230672437089,0.180204798134,0.079536099553,0.95288533747,0.167556358486,-0.783864574546,1.37411762493,0.606576,-0.033815,1.098098,0.631551,-0.026398,1.121234,0.564693,-0.02374,1.139398,0.555113,-0.042328,1.070798,0.0590326475151,-0.686368175086,0.722685614707,-0.0560301441456,0.241599004393,0.145562515041,0.895218423745,-0.309957,0.214367,0.579801,-0.346457,0.206798,0.547533,-0.40397,0.197817,0.61272,0.908600956314,-0.00704843927149,0.011902019444,0.417436179102,0.20156779586,0.111697508454,1.30408638544,-0.32522,0.008108,1.069039,-0.378094,0.003298,1.009976,-0.322091,-0.004715,1.008178,-0.275215,-0.006685,1.027218,92.9574307519
52,4144,34.533333,-0.236424713542,0.174760752874,0.0603303571335,0.953898465294,0.16458932117,-0.804165856838,1.38980767255,0.623213,-0.037928,1.112042,0.648019,-0.031793,1.135729,0.580983,-0.027342,1.152858,0.571972,-0.044218,1.08374,0.0280981296285,-0.363024944057,0.928695448355,-0.0703430828814,0.24174977056,0.141219204057,0.911687865101,-0.30779,0.213816,0.633813,-0.311581,0.211882,0.584694,-0.397765,0.198626,0.590573,0.907218001814,-0.0107664078688,0.0145953910954,0.420269623224,0.203138880299,0.108170047562,1.30594165683,-0.322527,0.009227,1.070059,-0.37505,0.005132,1.010631,-0.319075,-0.003125,1.009118,-0.272329,-0.005463,1.028433,92.9191603062
53,4145,34.541667,-0.242833874689,0.169011935549,0.0412653326085,0.954339482192,0.161189706783,-0.824197392308,1.4059862779,0.639619,-0.042316,1.126376,0.664167,-0.037459,1.150622,0.597,-0.031242,1.166655,0.588733,-0.046396,1.097047,-0.000914616987851,0.0144426063098,0.99729402813,-0.0720777084523,0.241725959809,0.136573112509,0.92898092306,-0.330368,0.209499,0.675553,-0.299052,0.212743,0.637611,-0.364795,0.203082,0.580845,0.905605253976,-0.0145699378694,0.0172979563261,0.423518147886,0.204659393071,0.104736112752,1.30826726772,-0.319999,0.010304,1.071518,-0.372111,0.00694,1.011683,-0.316166,-0.001573,1.010505,-0.269572,-0.00429,1.030136,92.9728409506
54,4146,34.55,-0.249869542763,0.163336668727,0.0207161012831,0.954178802634,0.15726790545,-0.844228365844,1.42266854538,0.655719,-0.047111,1.141109,0.679919,-0.043608,1.165932,0.612689,-0.035431,1.180775,0.605332,-0.048827,1.110706,-0.0277409785754,0.390135667344,0.917756738094,-0.0688997014294,0.241746679977,0.131422554683,0.946387146045,-0.362245,0.20416,0.690604,-0.313572,0.210137,0.685499,-0.32121,0.20865,0.598451,0.903704983632,-0.0186831730955,0.0203936641907,0.427261442284,0.206102415692,0.101362593874,1.31107371758,-0.317623,0.011258,1.073337,-0.369249,0.008697,1.013043,-0.313339,-8.7E-05,1.012253,-0.266925,-0.003217,1.032245,93.1100373657
55,4147,34.558333,-0.25763078385,0.156960005613,0.000198696977485,0.953409616256,0.152903009133,-0.863796421864,1.43988214535,0.671413,-0.052185,1.156172,0.695163,-0.050048,1.181577,0.627931,-0.039945,1.195171,0.621677,-0.051533,1.124674,-0.0493550889325,0.708488417184,0.702245021093,-0.0496000832911,0.241609804144,0.12692772156,0.962763595643,-0.381973,0.200684,0.679522,-0.343607,0.204826,0.710209,-0.288712,0.212407,0.642629,0.90181895953,-0.02232123282,0.0240805139445,0.430864776519,0.207557105281,0.098249920913,1.31435610048,-0.315358,0.012173,1.075559,-0.366501,0.010388,1.014827,-0.310619,0.001406,1.014405,-0.26438,-0.002088,1.03474,93.1234733795
56,4148,34.566667,-0.266313362345,0.15145377473,-0.0214500824343,0.951671603611,0.147919979474,-0.883129074289,1.4573410339,0.686612,-0.057689,1.171541,0.70979,-0.056933,1.197546,0.642644,-0.044701,1.209746,0.637721,-0.054597,1.138886,-0.0663623883597,0.921377583013,0.382089214217,-0.0258305112518,0.241809990862,0.120951376918,0.978046343309,-0.374701,0.201004,0.657856,-0.368525,0.200439,0.706768,-0.282511,0.212718,0.69735,0.899739543373,-0.0280226387618,0.027918694076,0.434630915064,0.208828738043,0.0948689340937,1.31832640964,-0.313184,0.012861,1.078254,-0.363819,0.012162,1.017075,-0.308001,0.002778,1.017018,-0.261964,-0.001292,1.037701,93.199929105
57,4149,34.575,-0.276678847779,0.144497970069,-0.0424426680439,0.949087863039,0.142585351087,-0.901661660734,1.4753927699,0.701268,-0.063376,1.187182,0.723718,-0.06399,1.213822,0.656694,-0.049794,1.224465,0.653444,-0.057906,1.153283,-0.0693946882615,0.997574904628,0.00484714126848,0.00227862210916,0.241651125369,0.113939081689,0.992844328824,-0.340619,0.204971,0.647244,-0.370106,0.199347,0.686355,-0.302141,0.208468,0.740534,0.897776732859,-0.0334765308079,0.0330600452315,0.437930694553,0.210129760753,0.0917057085083,1.32295737911,-0.311015,0.013444,1.081401,-0.361183,0.013884,1.019836,-0.30542,0.004184,1.020072,-0.259566,-0.000435,1.041044,93.4224284745
58,4150,34.583333,-0.288435881291,0.139326883817,-0.0611519989355,0.945332319799,0.136931157331,-0.919132952052,1.49327135122,0.715277,-0.069162,1.203078,0.736876,-0.070915,1.230363,0.670004,-0.054915,1.239254,0.668689,-0.06167,1.167869,-0.0635887831541,0.924766341663,-0.374040834422,0.0292768538259,0.241710550307,0.105301823956,1.00783804099,-0.295073,0.210268,0.663163,-0.343226,0.202142,0.669952,-0.332465,0.202989,0.756677,0.895943860287,-0.040572371557,0.0381279034948,0.4406639818,0.211311257571,0.0883541647875,1.32817794171,-0.308867,0.013918,1.085014,-0.358631,0.015728,1.023147,-0.302955,0.005544,1.023587,-0.257279,0.00021,1.044776,93.5044077258
59,4151,34.591667,-0.300594563991,0.133988928232,-0.0846194504247,0.940494244438,0.130510724415,-0.936550648489,1.51169629447,0.728326,-0.075529,1.219097,0.74892,-0.078668,1.247027,0.682447,-0.060267,1.254078,0.683258,-0.065526,1.182559,-0.0506250788642,0.713194584215,-0.697221870356,0.0516938094354,0.241947598854,0.0956047705965,1.0237037031,-0.259927,0.214072,0.705655,-0.298849,0.207192,0.676183,-0.351526,0.199198,0.745458,0.894350931118,-0.048479956316,0.0438894183075,0.442560532362,0.212348758129,0.085065010668,1.33402939583,-0.306754,0.014187,1.089079,-0.356205,0.017532,1.027025,-0.300629,0.006818,1.027544,-0.255106,0.00069,1.048847,93.386941114
60,4152,34.6,-0.314296964539,0.128797387526,-0.104776968556,0.934692697045,0.1239618843,-0.952347886988,1.53019199805,0.740498,-0.081868,1.235327,0.759969,-0.08616,1.263902,0.693904,-0.065739,1.268946,0.697109,-0.069774,1.197415,0.0267219826262,-0.395414785806,0.915673388059,-0.066897901394,0.242009010987,0.086052906923,1.03983414321,-0.250647,0.213929,0.759185,-0.257861,0.21178,0.71046,-0.34352,0.199205,0.722392,0.89276027104,-0.0576504014069,0.0499691023699,0.444025470529,0.213206672981,0.0816557324876,1.34051797669,-0.304666,0.014271,1.093611,-0.353832,0.019353,1.031449,-0.298383,0.008002,1.031971,-0.253016,0.000954,1.053321,93.4423667719
61,4153,34.608333,-0.326487604102,0.118551452366,-0.124897031337,0.929382660196,0.117636955309,-0.966474623853,1.5498398797,0.751428,-0.087898,1.251578,0.76979,-0.093545,1.280648,0.704205,-0.071323,1.284083,0.709712,-0.073491,1.212612,-0.00248985775668,-0.0183932762518,0.996962754549,-0.0756356664515,0.241800100672,0.0763873318529,1.05583346925,-0.267633,0.209706,0.801798,-0.2389,0.213101,0.761877,-0.308156,0.202859,0.709565,0.891223909805,-0.0674841466826,0.0575118202195,0.444812570724,0.213945428544,0.0783665981193,1.34785243763,-0.30262,0.014116,1.09867,-0.351554,0.021127,1.036513,-0.296236,0.00915,1.036922,-0.251008,0.001124,1.058225,93.523619149
62,4154,34.616667,-0.339965605519,0.106197532427,-0.1400325898,0.923870307437,0.111087199379,-0.978232982212,1.56955040274,0.761264,-0.094154,1.267753,0.778477,-0.100951,1.297275,0.713215,-0.077609,1.299041,0.721223,-0.077889,1.227774,-0.0268156679762,0.362015318122,0.929317813072,-0.067780762041,0.241467158826,0.0681089642115,1.07192471318,-0.296033,0.204204,0.817587,-0.247743,0.210009,0.809514,-0.260641,0.208087,0.723097,0.889668454622,-0.0779620702143,0.0646076494799,0.445239046006,0.214413051643,0.0750691696466,1.35564526794,-0.300681,0.013801,1.104201,-0.349396,0.0228,1.042128,-0.294235,0.010119,1.04237,-0.249155,0.001053,1.06357,93.5501577078
63,4155,34.625,-0.351617186327,0.103172493419,-0.152966225182,0.917781087643,0.104272170166,-0.988895604036,1.58728392271,0.769789,-0.100564,1.283926,0.785981,-0.108005,1.313868,0.721199,-0.083302,1.313967,0.731288,-0.083073,1.242964,-0.0497428693656,0.688048273978,0.722219750619,-0.0501383230533,0.2412225828,0.0600556941544,1.08625007395,-0.314143,0.200301,0.80587,-0.274097,0.204621,0.834304,-0.223153,0.211981,0.763676,0.887772513751,-0.0886697711504,0.0726276405096,0.445783424262,0.21467993159,0.0719263729148,1.36406588289,-0.298898,0.013256,1.110135,-0.347333,0.024338,1.04818,-0.292332,0.010977,1.048248,-0.247424,0.000852,1.069332,93.484637597
64,4156,34.633333,-0.360068643604,0.0887857345403,-0.167640155135,0.913435516948,0.0984660429998,-0.997718773988,1.60725976087,0.777035,-0.105866,1.299907,0.792315,-0.114563,1.329989,0.727955,-0.08879,1.329248,0.739908,-0.086386,1.258576,-0.0644479752685,0.910808948129,0.406837715707,-0.0275062096594,0.240950952233,0.0513637272827,1.09937460874,-0.306002,0.2001,0.781581,-0.297227,0.199928,0.830097,-0.211815,0.211926,0.816003,0.885778826912,-0.0984072988754,0.0803223440648,0.446385701346,0.21470554338,0.0691516339057,1.37268725519,-0.297356,0.01257,1.116385,-0.345487,0.025572,1.054566,-0.290634,0.011613,1.054481,-0.2459,0.000528,1.075451,93.4241348146
65,4157,34.641667,-0.367479960906,0.0769848580104,-0.17989508626,0.909213708602,0.0926931090452,-1.00519214758,1.62636149796,0.783257,-0.111096,1.315699,0.797723,-0.12082,1.345869,0.733756,-0.094118,1.344383,0.747355,-0.089979,1.27409,-0.0681724756513,0.997198577566,0.0307765933877,-0.000558357779017,0.240659792884,0.0419074177778,1.11149165639,-0.270766,0.203622,0.766732,-0.298217,0.198432,0.807356,-0.227542,0.207884,0.857888,0.883095718658,-0.108690792519,0.0885870405539,0.447750599726,0.21446786898,0.0665497454911,1.3820027114,-0.296144,0.011651,1.123105,-0.343817,0.026689,1.061393,-0.289129,0.012099,1.061227,-0.24463,-6E-06,1.082133,93.4678152032
66,4158,34.65,-0.37358940722,0.0660812758438,-0.1904557504,0.905423009944,0.086971819097,-1.01137705341,1.64493121688,0.788477,-0.116255,1.331264,0.802238,-0.126891,1.361457,0.738619,-0.099404,1.359402,0.753639,-0.093693,1.289509,-0.0622901819905,0.934278737691,-0.350109305153,0.0258195269546,0.240567994472,0.0313848381385,1.12332666636,-0.223136,0.208673,0.777563,-0.270916,0.20085,0.786871,-0.255741,0.202414,0.872925,0.879178222859,-0.11916100112,0.0988776305975,0.450632358393,0.214010900526,0.0644167448186,1.39237788029,-0.295464,0.010424,1.130357,-0.342411,0.02767,1.068666,-0.28788,0.012502,1.068579,-0.243704,-0.000653,1.089534,93.508451379
67,4159,34.658333,-0.379764245447,0.0569531816926,-0.197094608486,0.902047209563,0.0813587055602,-1.01604869826,1.66260135013,0.792832,-0.121459,1.346593,0.805985,-0.132737,1.376823,0.742566,-0.104846,1.374139,0.758881,-0.09792,1.304647,-0.0493447826356,0.731170639233,-0.678694015662,0.0482599404767,0.240700627662,0.0201536226367,1.1355648856,-0.184992,0.212463,0.815206,-0.225417,0.205647,0.787817,-0.274522,0.198468,0.859754,0.874361032102,-0.128172923772,0.109264900217,0.455110611537,0.213390298522,0.0630008829613,1.4032517129,-0.295404,0.009118,1.13809,-0.341398,0.028382,1.076278,-0.286999,0.012748,1.076491,-0.24321,-0.001334,1.097656,93.355499483
68,4160,34.666667,-0.385004143753,0.0369661338514,-0.207348488081,0.898561026715,0.0764372277915,-1.01949097628,1.68220868404,0.796243,-0.125526,1.36147,0.808711,-0.138102,1.391477,0.745466,-0.109837,1.388616,0.763277,-0.10012,1.319829,0.0252696559515,-0.419304666736,0.905231921245,-0.0640328798373,0.240677950193,0.00936172239515,1.1477825487,-0.172552,0.212433,0.865011,-0.182306,0.210174,0.816736,-0.267303,0.198183,0.833152,0.868765748985,-0.13510975462,0.120440113699,0.460961610776,0.212613308002,0.0626146716773,1.41457377001,-0.296061,0.007645,1.146187,-0.340928,0.028705,1.084134,-0.286611,0.012806,1.084849,-0.243245,-0.002026,1.106371,93.313617421
69,4161,34.675,-0.39096569338,0.0157734305686,-0.215623722182,0.894652690109,0.0717320593809,-1.02149629924,1.70151090238,0.798811,-0.129272,1.376008,0.810591,-0.143091,1.405746,0.747408,-0.114718,1.402603,0.766796,-0.102145,1.334712,-0.00259749164092,-0.0449690630383,0.99640320743,-0.0717752368891,0.240517922772,-0.00106663890403,1.1599254144,-0.187252,0.208526,0.90508,-0.160653,0.211554,0.863678,-0.23266,0.201641,0.815154,0.862443757028,-0.140127311533,0.131972251312,0.468122235543,0.211695543483,0.0632686499829,1.42608020417,-0.29748,0.006051,1.154457,-0.341058,0.028688,1.092041,-0.286786,0.01268,1.093465,-0.243883,-0.002745,1.11549,93.3208372571
70,4162,34.683333,-0.399037310902,0.00780645854573,-0.218436589503,0.890501959615,0.0669068580929,-1.02269095511,1.71766618579,0.800531,-0.133751,1.390393,0.811674,-0.147957,1.420194,0.748578,-0.119515,1.416077,0.769405,-0.106081,1.348779,-0.0270774114084,0.33631186988,0.939062048446,-0.0657541568139,0.240236159249,-0.0101590512375,1.17182619485,-0.214996,0.203161,0.918818,-0.167203,0.208778,0.908091,-0.184837,0.206734,0.822518,0.855390439446,-0.143537109974,0.143760555857,0.476484204087,0.210623529764,0.064943495356,1.43771422525,-0.299679,0.004328,1.16284,-0.341812,0.028368,1.099958,-0.287568,0.01237,1.102285,-0.245174,-0.00353,1.124948,93.3208372571
